operation_number,cofinancing_present,cofinancing_share_pct,imported_inputs_present,imported_share_est,civil_works_type,construction_share_pct,procurement_modality,counterpart_funding_share_pct,fx_denomination,price_escalation_clause,executing_agency_type,safeguards_category,disbursement_period_years,eligibility_date
AR-L1010,,,,,,,,,,,,,,
AR-L1199,,,,,,,,,,,,,,
AR-L1312,,,,,,,,,,,,,,
AR-L1436,,,,,,,,,,,,,,
BH-L1049,,,,,,,,,,,,,,
BO-L1050,,,,,,,,,,,,,,
BO-L1067,,,,,,,,,,,,,,
BR-L1117,,,,,,,,,,,,,,
BR-L1160,,,,,,,,,,,,,,
BR-L1202,,,,,,,,,,,,,,
BR-L1235,,,,,,,,,,,,,,
BR-L1288,,,,,,,,,,,,,,
BR-L1303,,,,,,,,,,,,,,
BR-L1516,,,,,,,,,,,,,,
CH-L1010,,,,,,,,,,,,,,
CH-L1027,,,,,,,,,,,,,,
CH-L1031,,,,,,,,,,,,,,
CO-L1022,,,,,,,,,,,,,,
CO-L1116,,,,,,,,,,,,,,
CO-L1222,,,,,,,,,,,,,,
CO-L1225,,,,,,,,,,,,,,
CR-L1070,,,,,,,,,,,,,,
DR-L1010,,,,,,,,,,,,,,
DR-L1029,,,,,,,,,,,,,,
DR-L1125,,,,,,,,,,,,,,
EC-L1003,,,,,,,,,,,,,,
ES-L1057,,,,,,,,,,,,,,
HO-L1038,,,,,,,,,,,,,,
HO-L1044,,,,,,,,,,,,,,
ME-L1115,,,,,,,,,,,,,,
ME-L1158,,,,,,,,,,,,,,
ME-L1162,,,,,,,,,,,,,,
ME-L1171,,,,,,,,,,,,,,
ME-L1290,,,,,,,,,,,,,,
NI-L1067,,,,,,,,,,,,,,
PE-L1003,,,,,,,,,,,,,,
PE-L1013,,,,,,,,,,,,,,
PE-L1028,,,,,,,,,,,,,,
PN-L1001,,,,,,,,,,,,,,
PN-L1071,,,,,,,,,,,,,,
PR-L1028,,,,,,,,,,,,,,
PR-L1035,,,,,,,,,,,,,,
PR-L1037,,,,,,,,,,,,,,
PR-L1069,,,,,,,,,,,,,,
PR-L1075,,,,,,,,,,,,,,
PR-L1084,,,,,,,,,,,,,,
PR-L1162,,,,,,,,,,,,,,
UR-L1033,,,,,,,,,,,,,,
UR-L1044,,,,,,,,,,,,,,
UR-L1083,,,,,,,,,,,,,,
UR-L1143,,,,,,,,,,,,,,
VE-L1017,,,,,,,,,,,,,,
AR-L1021,,,,,,,,,,,,,,
AR-L1024,,,,,,,,,,,,,,
AR-L1034,,,,,,,,,,,,,,
AR-L1037,,,,,,,,,,,,,,
AR-L1044,,,,,,,,,,,,,,
AR-L1046,,,,,,,,,,,,,,
AR-L1078,,,,,,,,,,,,,,
AR-L1126,,,,,,,,,,,,,,
BA-L1011,,,,,,,,,,,,,,
BA-L1017,,,,,,,,,,,,,,
BH-L1009,,,,,,,,,,,,,,
BH-L1040,,,,,,,,,,,,,,
BL-L1013,,,,,,,,,,,,,,
BO-L1008,,,,,,,,,,,,,,
BO-L1065,,,,,,,,,,,,,,
BR-L1002,,,,,,,,,,,,,,
BR-L1006,,,,,,,,,,,,,,
BR-L1023,,,,,,,,,,,,,,
BR-L1057,,,,,,,,,,,,,,
BR-L1216,,,,,,,,,,,,,,
BR-L1263,,,,,,,,,,,,,,
CH-L1002,,,,,,,,,,,,,,
CH-L1007,,,,,,,,,,,,,,
CH-L1011,,,,,,,,,,,,,,
CH-L1015,,,,,,,,,,,,,,
CH-L1020,,,,,,,,,,,,,,
CH-L1029,,,,,,,,,,,,,,
CH-L1051,,,,,,,,,,,,,,
CR-L1022,,,,,,,,,,,,,,
CR-L1053,,,,,,,,,,,,,,
DR-L1006,,,,,,,,,,,,,,
DR-L1007,,,,,,,,,,,,,,
EC-L1040,,,,,,,,,,,,,,
EC-L1070,,,,,,,,,,,,,,
EC-L1073,,,,,,,,,,,,,,
EC-L1124,,,,,,,,,,,,,,
ES-L1003,,,,,,,,,,,,,,
ES-L1045,,,,,,,,,,,,,,
ES-L1061,,,,,,,,,,,,,,
GU-L1002,,,,,,,,,,,,,,
GU-L1003,,,,,,,,,,,,,,
GU-L1006,,,,,,,,,,,,,,
GU-L1014,,,,,,,,,,,,,,
GU-L1022,,,,,,,,,,,,,,
GU-L1023,,,,,,,,,,,,,,
GU-L1160,,,,,,,,,,,,,,
GY-L1001,,,,,,,,,,,,,,
GY-L1004,,,,,,,,,,,,,,
GY-L1005,,,,,,,,,,,,,,
GY-L1010,,,,,,,,,,,,,,
GY-L1011,,,,,,,,,,,,,,
HO-L1003,,,,,,,,,,,,,,
HO-L1004,,,,,,,,,,,,,,
HO-L1006,,,,,,,,,,,,,,
NI-L1003,,,,,,,,,,,,,,
NI-L1055,,,,,,,,,,,,,,
PE-L1001,,,,,,,,,,,,,,
PN-L1009,,,,,,,,,,,,,,
PN-L1010,,,,,,,,,,,,,,
PR-L1002,,,,,,,,,,,,,,
PR-L1013,,,,,,,,,,,,,,
PR-L1014,,,,,,,,,,,,,,
PR-L1015,,,,,,,,,,,,,,
PR-L1016,,,,,,,,,,,,,,
PR-L1020,,,,,,,,,,,,,,
PR-L1036,,,,,,,,,,,,,,
PR-L1048,,,,,,,,,,,,,,
PR-L1052,,,,,,,,,,,,,,
PR-L1056,,,,,,,,,,,,,,
PR-L1066,,,,,,,,,,,,,,
SU-L1049,,,,,,,,,,,,,,
TT-L1004,,,,,,,,,,,,,,
TT-L1006,,,,,,,,,,,,,,
TT-L1035,,,,,,,,,,,,,,
UR-L1008,,,,,,,,,,,,,,
UR-L1010,,,,,,,,,,,,,,
UR-L1023,,,,,,,,,,,,,,
UR-L1024,,,,,,,,,,,,,,
UR-L1065,,,,,,,,,,,,,,
UR-L1067,,,,,,,,,,,,,,
VE-L1001,,,,,,,,,,,,,,
VE-L1002,,,,,,,,,,,,,,
VE-L1003,,,,,,,,,,,,,,
VE-L1005,,,,,,,,,,,,,,
VE-L1006,,,,,,,,,,,,,,
VE-L1014,,,,,,,,,,,,,,
VE-L1015,,,,,,,,,,,,,,
VE-L1016,,,,,,,,,,,,,,
VE-L1018,,,,,,,,,,,,,,
VE-L1021,,,,,,,,,,,,,,
VE-L1026,,,,,,,,,,,,,,
VE-L1033,,,,,,,,,,,,,,
VE-L1035,,,,,,,,,,,,,,
VE-L1036,,,,,,,,,,,,,,
AR-L1001,,,,,none,0,International competitive bidding,,,,,,,
AR-L1002,False,0,,,none,,,40,U.S. dollars from the Single Currency Facility,,national government - Subsecretaría de Relaciones con Provincias (Provincial Relations Branch) of the Ministry of Economy and Production's Finance Secretariat,,5,
AR-L1003,False,,,,public infrastructure to support productive activities,,,40,US dollars from the Single Currency Facility of the Bank's Ordinary Capital,,Provincial Ministry of Finance,,5,
AR-L1004,False,0,,,tourism infrastructure,,competitive bidding,41,US dollars from the Single Currency Facility,,national government - Department of Tourism (SECTUR),,6,
AR-L1006,False,0,,,none,0,,30,US dollar from the Single Currency Facility,,national government (Ministry of Social Development),,3,
AR-L1007,False,0,,,"buildings (education, health care, and social development infrastructure)",,Bank procedures,30.2,US dollars from the Single Currency Facility,,subnational (Provincial Ministry of Economic Affairs),,6,
AR-L1008,False,,,,none,,,,,,national government - legislative branch,,,
AR-L1009,False,0,,,none,,,0,United States dollars from the Single Currency Facility,,national government - Ministry of Economic Affairs,,1.5,
AR-L1012,,,,,,,,,,,National Agency for the Promotion of Science and Technology,,,
AR-L1013,False,0,,,,,,20,"U.S. dollars, Single Currency Facility of the Ordinary Capital",,National government - Economic Policy Branch of the Ministry of Economy and Production,,5,
AR-L1014,,,,,roads,,,,,,,,,
AR-L1015,,,,,water/sanitation,,,,,,,,,
AR-L1016,False,,,,none,,"ICB, NCB",10,U.S. dollars from the Single Currency Facility,,national government (Ministry of the Interior with Central Executing Unit) and participating provincial governments with Provincial Executing Units,,5.5,
AR-L1017,False,,,,,,,67,US dollars of the Bank's single currency facility,,National Commission for Space Activities (CONAE),,7,
AR-L1019,,,,,,,"ICB, NCB",,,,National government ministry with provincial and municipal executing units,,,
AR-L1020,False,0,,,none,,,20,U.S. dollars from the Single Currency Facility,,National government (Ministry of Health of Argentina),,5.5,
AR-L1022,False,0,,,,,,38,US$,,subnational government - Department of Production and Economic Development of the Province of San Juan,,5,
AR-L1025,,,,,waste management,,,,,,municipal governments,,,
AR-L1026,False,,,,none,,,20,U.S. dollars from the Single Currency Facility,,national government,,6,
AR-L1027,False,0,,,"buildings (education, hospital, housing)",,,16,US dollars from the Single Currency Facility,,"Provincial agency (Agencia Córdoba de Inversión y Financiamiento - ACIF), not newly created",,4,
AR-L1030,False,,,,"roads, electrification, irrigation and drainage",,"ICB, NCB, shopping, direct contracting",,,,national government secretariat,,,
AR-L1031,,,,,water/sanitation,,,,,,,,,
AR-L1032,,,,,,,,,,,,,,
AR-L1033,False,0,,,none,,,32,U.S. dollars from the Single Currency Facility,,National government - Subsecretariat for Small and Medium-sized Enterprise and Regional Development (SEPYME),,5,
AR-L1035,False,,,,none,,ICB,,,,national government,,,
AR-L1036,,,,,"roads, energy",,,,,,,,,
AR-L1038,False,,,,buildings,,,10,U.S. dollar from the Ordinary Capital Single Currency Facility,,national government,,3,
AR-L1043,False,0,,,buildings,,,10,U.S. dollars from the Single Currency Facility,,Provincial government unit (UPCEFE - Unidad Provincial de Coordinación y Ejecución de Financiamiento Externo),,5,
AR-L1045,False,0,,,roads,,,20,U.S. dollars from the Single Currency Facility of the Ordinary Capital,,"national government - Ministry of Federal Planning, Public Investment, and Services through the Externally Funded Program and Project Coordinating Unit",,4.5,
AR-L1063,False,,,,none,,,33.33,U.S. dollars from the Single Currency Facility,,National government department (SAGPyA) with subexecuting agency COVIAR,,5,
AR-L1064,False,0,,,,,,20,U.S. dollars from the Single Currency Facility,,National government institute (INTA - Instituto Nacional de Tecnología Agropecuaria / National Agricultural Technology Institute),,5,
AR-L1067,,,,,,,International competitive bidding (ICB) and National competitive bidding (NCB),,,,,,,
AR-L1068,False,0,,,,,,26.83,U.S. dollars,,"Ministry of Agriculture, Livestock, and Fisheries (MAGyP) with subnational (provincial) subexecuting agencies (provinces of Chaco and Entre Ríos)",,5,
AR-L1071,False,0,,,tourism infrastructure,,"ICB, NCB",24,U.S. dollars from the Single Currency Facility of the Bank's Ordinary Capital,,national government ministry (Ministry of Tourism),,5,
AR-L1073,False,,,,science and technology infrastructure,,,20.4,U.S. dollars from the Single Currency Facility,,national government ministry,,5,
AR-L1074,False,0,,,none,,"ICB, NCB",31.7,U.S. dollars from the Single Currency Facility,,subnational government ministry,C,5,
AR-L1079,False,0,,,energy,,,50,U.S. dollars from the Single Currency Facility,,national government,,3.5,
AR-L1080,False,0,,,water/sanitation,,,20,US dollars,,autonomous SOE (AySA - Agua y Saneamientos Argentinos S.A.),,4,
AR-L1084,False,0,,,water/sanitation,,,20,U.S. dollars from the Single Currency Facility,,National Sanitary Waterworks Agency (ENOHSA),,5,
AR-L1092,False,0,,,none,,,40,U.S. dollars from the Single Currency Facility,,national government ministry,,4,
AR-L1095,False,,,,energy,,international bidding,28.9,,,"national government, acting through Management Committee of autonomous trust fund (CAF)",,,2007-06-14
AR-L1098,False,0,,,none,,,1.16,U.S. dollars from the Single Currency Facility,,national government - Ministry of Economy and Public Finance (MECON),,1.5,
AR-L1101,False,,,,,,,20,U.S. dollars from the Single Currency Facility,,national government (Ministry of the Interior),,5,
AR-L1106,False,0,,,"roads, port, buildings",,,20,"US$, SCF",,Provincial unit (subnational government),,4,
AR-L1108,False,,,,buildings,,,10,U.S. dollars from the Single Currency Facility of the Ordinary Capital,,"national government - Ministry of Education and Ministry of Federal Planning, Public Investment, and Services (MPFIPyS)",B,3,
AR-L1111,,,,,,,,,,,,,,
AR-L1118,True,64.3,,,none,,,64.3,U.S. dollars from the Single Currency Facility of the Ordinary Capital,,national government - Ministry of Social Development (MDS),,3,
AR-L1119,False,0,,,"infrastructure, facilities, and environmental sanitation",87.6,,10.1,U.S. dollars from the Single Currency Facility of the Ordinary Capital,,"National government - Urban Development and Housing Division (SDUV) of the Public Works Department of the Ministry of Federal Planning, Public Investments, and Services",,5,
AR-L1120,True,,,,production infrastructure,,,20,US dollars from the Single Currency Facility of the Bank's Ordinary Capital,,national government ministry,,4,
AR-L1121,,,,,water/sanitation,,,,,,,A,,
AR-L1122,,,,,water/sanitation,,,,,,autonomous SOE,,,
AR-L1124,False,,,,none,,"NCB, QCBS, CQS",27.8,U.S. dollars from the Single Currency Facility of the Bank's Ordinary Capital,,national government ministry,,4,
AR-L1127,,,,,,,,,,,,C,,
AR-L1130,False,0,,,none,,,25,U.S. dollars from the Bank's Ordinary Capital,,Autonomous agency - Agencia San Juan de Desarrollo de Inversiones (San Juan Investment Development Agency),,5,
AR-L1131,False,0,,,roads,,,5,U.S. dollars from the Single Currency Facility of Ordinary Capital,,national government through a specialized coordinating unit,,4,
AR-L1133,,,,,roads,,,,,,,,,
AR-L1134,True,,,,"water/sanitation, energy, transportation, buildings",,,,,,,,,
AR-L1136,,,,,water/sanitation,,ICB,,,,national government,,,
AR-L1140,False,0,,,tourism infrastructure,,competitive bidding,40.04,U.S. dollars from the Bank's Ordinary Capital,,"subnational government - Finance Undersecretariat, Province of Salta Ministry for the Economy, Infrastructure, and Public Services",,5.0,
AR-L1141,,,,,,,,,,,,,,
AR-L1142,False,,,,none,,,25,U.S. dollars from the Bank's Ordinary Capital,,national government,,3.5,
AR-L1144,False,0,,,roads,,,10,U.S. dollars from the Bank's Ordinary Capital (OC),,"National government - Ministry of Federal Planning, Public Investment, and Services, acting through the Unit for Coordination of Externally Financed Programs and Projects (UCPyPFE)",,5,
AR-L1145,False,,,,none,,,37,U.S. dollars from the Bank's Ordinary Capital,,"national government - Ministry of Industry, acting through the Department of Small and Medium-sized Enterprise and Regional Development",,5,
AR-L1148,False,0,,,urban infrastructure and public services,,,10,U.S. dollars from the FFF of the Ordinary Capital,,"national government, Central Executing Unit (CEU) reporting to ministry's Coordination Unit for Externally Financed Programs and Projects (CUEFPP)",,5,
AR-L1149,False,0,,,none,0,,20,U.S. dollars from the Ordinary Capital,,"National government directorate (Economic Policy and Development Planning Secretariat (SPEPD) of the Ministry of Economic Affairs and Finance, through the National Preinvestment Directorate (DINAPREI)); not newly created",,4,
AR-L1151,,,,,solid waste,,ICB,,,,national government - UEPI (International Loan Execution Unit),B,,
AR-L1152,False,0,,,buildings,,,10.0,U.S. dollar from the FFF,,"National government ministries (Ministry of Education and Ministry of Federal Planning, Public Investment, and Services in coordination with the Ministry of National Education)",B,3,
AR-L1154,False,,,,none,,International competitive bidding (ICB) for contracts above threshold; national procurement methods below threshold; short lists may be composed of national consultants below international threshold,9,U.S. dollars from the Bank's Ordinary Capital,,National government; Office of the Deputy Secretary for Economic Coordination and Competitiveness Enhancement (SsCEyMC); program execution unit to be created,,5,
AR-L1156,False,0,,,none,,"ICB, QCBS, CQS",9.8,U.S. dollars from the Bank's Ordinary Capital,,national government - Federal Cabinet Office,,5,
AR-L1157,,,,,,,International competitive bidding (ICB); National competitive bidding (NCB); Quality- and Cost-Based Selection (QCBS); Selection based on the Consultants' Qualifications (CQS),,,,,,,
AR-L1158,False,,,,rail,,,40,U.S. dollars from the Ordinary Capital,,national government - Ministry of the Interior and Transportation acting through its Central Execution Unit,,5,
AR-L1159,False,,,,buildings,,,45.45,United States dollars,,"national government, autonomous unit",B,4,
AR-L1162,False,0,True,,water/sanitation,,,20,,,autonomous national entity - ENTE NACIONAL DE OBRAS HIDRICAS DE SANEAMIENTO,B,5,2011-09-09
AR-L1179,False,0,,,water/sanitation,88.3,,10,U.S. dollars from the Ordinary capital,,national government,B,5,
AR-L1180,False,,,,,,,,,,national government executing units,B,,
AR-L1181,False,,,,none,,,21.1,U.S. dollars from the Bank's Ordinary Capital,,"national government - Ministry of Science, Technology, and Productive Innovation (MINCyT)",,5,
AR-L1195,False,0,,,water/sanitation,,"ICB, NCB",20,United States dollars from the Ordinary Capital,,"autonomous SOE (Agua y Saneamientos Argentinos, S.A.)",B,4,
AR-L1196,False,0,,,none,,,39.8,U.S. dollars from the Bank's Ordinary Capital,,national government - Argentine Ministry of Health (MINSAL),C,4,
AR-L1198,False,,,,irrigation infrastructure,,,24,U.S. dollars from the Ordinary Capital,,national government ministry,,4,
AR-L1243,False,,,,urban infrastructure,,,20,U.S. dollars from the Ordinary Capital,,national government ministry,,4,
AR-L1245,,,,,"roads, water/sanitation, buildings",,,,US$,,,,,
AR-L1247,False,0,,,none,0,,27.8,U.S. dollars from the Ordinary Capital,,national government - Ministry of Finance (MHyFP),,4,
AR-L1248,False,0,,,none - management strengthening program,,,15,U.S. dollars from the Ordinary Capital,,"national government ministry - Ministry of the Interior, Public Works, and Housing (MIOPV), with a newly created program coordination unit (PCU) under the MIOPV's Office of the Secretary for Provinces",,5,
AR-L1249,False,,,,none,,,4.7,U.S. dollars,,national government - Ministry of Finance,,4,
AR-L1251,False,0,,,none,0,"ICB, NCB",10.2,U.S. dollars from the Ordinary Capital,,national government - Ministry of Production,C,5,
AR-L1252,False,0,,,none,,,20,U.S. dollars from the Ordinary Capital,,national government ministry,,5,
AR-L1254,False,,,,buildings,,ICB,11.5,United States dollars,,national government,,3,
AR-L1255,False,,,,none,,,16.7,U.S. dollars from the Ordinary Capital,,national government,B,5,
AR-L1257,True,,,,water/sanitation,,,43.7,United States dollars from the Ordinary Capital,,autonomous SOE,,4,
AR-L1258,True,,,,water/sanitation,,"ICB, NCB, QCBS",25.9,U.S. dollars from the Ordinary Capital,,"national government, Ministry of the Interior, Public Works, and Housing (MIOPyV), with program execution unit (PEU) to be created",,5,
AR-L1260,False,,,,urban infrastructure,,,25,U.S. dollars from the Ordinary Capital,,subnational government,,4,
AR-L1266,False,0,,,none,,,9,United States dollars from the Ordinary Capital,,national government - National Statistics and Census Institute (INDEC),C,5,
AR-L1267,False,,,,rail,,,23,U.S. dollars from the Ordinary Capital,,national government (Ministry of Transportation through its Central Execution Unit),,5,
AR-L1268,False,0,,,none,,,0,U.S. dollars from the Bank's Ordinary Capital,,National government ministry (Ministry of Finance),,1,
AR-L1272,False,0,,,"roads, water access, and school infrastructure",,,20,U.S. dollars,,"Provincial government through the Ministry of Economic Affairs, acting through the Office of the Undersecretary for Finance and the Ministry of Infrastructure and Public Services (MISP)",,5,
AR-L1273,False,0,,,water - drainage and flood control,,"ICB (International competitive bidding), NCB (National competitive bidding), QCBS (Quality- and cost-based selection)",16.7,U.S. dollars from the Bank's Ordinary Capital (OC),,"Subnational government - Province of Buenos Aires, acting through its Ministry of Infrastructure and Public Services (MISP)",,5,
AR-L1274,False,,,,roads,,,28.6,United States dollars from the Ordinary Capital,,Road Authority of the Province of Buenos Aires (DVBA) - subnational autonomous agency,,5,
AR-L1279,False,,,,roads,,"ICB, NCB, QCBS, SSS",30,United States dollar,,decentralized entity under the Ministry of Transportation,,5,
AR-L1280,True,62.5,,,none,,,37.5,United States dollars (US$),,"autonomous financial institution / national development bank, second-tier banking institution",B,5,
AR-L1281,,,,,productive infrastructure,,International competitive bidding (ICB) and Quality- and cost-based selection (QCBS),,United States dollar,,Ministry of Finance (national government),"A3 (significant potential impacts), B (moderate potential impacts), C (minimal or no impacts); Category A projects excluded",5,
AR-L1282,False,0,,,none,,"ICB, NCB, QCBS",9.5,U.S. dollars,,national government agency - Federal Administration of Public Revenue (AFIP),C,5,
AR-L1283,False,0,,,none,,,0,U.S. dollars,,National government - Ministry of Finance through Office of Special Programs and Projects with a Sector-wide Approach,,1,
AR-L1285,False,,,,"roads, energy, productive",,,,,,national government - Ministry of the Interior,B,,
AR-L1288,False,0,,,urban infrastructure,,,10,U.S. dollars,,"subnational autonomous agency, newly created",,4,
AR-L1289,False,0,,,water/sanitation,,,20,U.S. dollar,,autonomous SOE,,6,
AR-L1292,False,0,,,none,,,0,U.S. dollars,,national government,,5,
AR-L1293,False,,,,roads,,,37.5,United States dollars from the Ordinary Capital,,Provincial autonomous legal entity (Dirección Provincial de Vialidad de la Provincia de Mendoza - Mendoza Provincial Highway Administration),,5,
AR-L1295,False,0,,,roads,,"ICB, NCB",39,United States dollar,,decentralized agency of the Ministry of Transportation,,6,
AR-L1298,False,0,,,none,,,0,United States dollar,,national government - Ministry of Finance,,1,
AR-L1302,False,0,,,none,,"ICB, NCB, QCBS",0,United States dollar (from Ordinary Capital),,"National government ministries - Ministry of Finance as executing agency, with Ministry of Health and Social Development, Ministry of Education, Culture, Science, and Technology, Ministry of Transportation, and National Council for Social Policy Coordination as coexecuting agencies",C,3,
AR-L1303,False,0,,,,,,0,U.S. dollar,,"National government - Ministry of Finance, acting through the Office for Special Sector-wide Approach Programs and Projects of the Office of the Deputy Secretary for International Financial Relations of the Office of the Secretary of Treasury",,1,
AR-L1304,False,0,,,none,0,,0,United States dollars,,national government - Ministry of Finance,,1,
AR-L1306,False,0,,,urban infrastructure,79.0,,0,U.S. dollar,,national government ministry,,5,
AR-L1307,,,,,roads,,,,,,FFFIR - national government agency coordinating with provincial agencies (DPV),Excludes Category A,,
AR-L1309,False,0,,,none,,,0,U.S. dollar,,"national government, with multiple ministries as coexecuting agencies",,2,
AR-L1310,False,0,,,,,"ICB, NCB, QCBS, direct contracting",34,United States dollar,,decentralized agency under national government ministry,,3,
AR-L1326,False,,,,none,,,21.13,U.S. dollars,,National government ministry (Argentina's Ministry of Health),,2,
AR-L1327,False,0,,,none,,,0,United States dollars,,national government agency (Strategic Affairs Department),,4,
AR-L1328,False,,,,none,,,,dollars and pesos,,national government ministry,B13,,
AR-L1330,,,,,,,"ICB, NCB, QBS, QCBS, CQS",,,,,,,
AR-L1331,False,0,,,none,0,administrative procedures of the executing agency,0,U.S. dollar,,national government - Argentine Ministry of Social Development,C,1.5,
AR-L1332,False,,,,infrastructure/public works,,,15,United States dollar,,"National government - multiple ministries/offices (SAE, MOP, INMIN)",,5,
AR-L1333,False,0,,,fiber optic network infrastructure,,,0,U.S. dollars,,national government - Office of the Cabinet Chief,,5,
AR-L1334,False,,,,none,,,15,U.S. dollar,,autonomous agency - San Juan Investment Development Agency (ASJDI),,5,
AR-L1335,True,49.23,,,public infrastructure services,,,69.23,U.S. dollars,,national government - Ministry of Economy (MECON),,5,
AR-L1336,False,0,,,tourism infrastructure,,bidding process,0,U.S. dollar,,national government ministry,,5,
AR-L1337,False,0,,,rail,,,0,United States dollars,,national government,,5,
AR-L1338,False,0,,,roads,,,20,U.S. dollars,,"Subnational government, acting through a road management office",,5,
AR-L1339,False,,,,roads,96.2,,23.2,United States dollar,,national government - autonomous agency,,5,
AR-L1340,False,,,,health buildings,,,13,U.S. dollar,,"Subnational government (Province of Buenos Aires Ministry of Finance, with provincial Ministry of Health and Ministry of Infrastructure and Public Services as subexecuting agencies)",,4,
AR-L1341,,,,,,,,,,,,,,
AR-L1342,True,36.36,True,,waste management infrastructure,,"ICB, CQS",12.73,,,national government ministry,B,5,
AR-L1343,False,0,,,none,,,0,United States dollar,,national government - Office of the Chief of the Cabinet of Ministers of the Office of the President,,5,
AR-L1344,False,,,,water/sanitation,,direct contracting,20,U.S. dollars,,autonomous SOE (Agua y Saneamientos Argentinos S.A. under Ministry of Public Works),,5,
AR-L1345,False,0,,,water/sanitation,,NCB,20,U.S. dollars,,subnational government through ministry,,5,
AR-L1346,False,0,,,water/sanitation,,,16,U.S. dollar,,national government,,5,
AR-L1351,False,0,,,none,,,0,U.S. dollar,,national government - Ministry of Economy,,1,
AR-L1352,,,,,,,ICB and QCBS,,,,,,,
AR-L1353,False,0,,,none,,,20,United States dollar,,National government ministry (Ministry of Economy) with sub-executing agency (INV); not newly created,,5,
AR-L1354,True,48.3,,,energy,,,8.6,U.S. dollars,,"National government, via the Secretariat of Energy in the Ministry of the Economy, through the Federal Electricity Transmission Trust Fund (FFTEF)",,5,
AR-L1355,False,,,,buildings,,ICB,,,,national government - Ministry of Education,,,
AR-L1356,False,0,,,none,,,0,U.S. dollars,,Subnational government ministry,,5,
AR-L1357,False,0,,,,,,0,United States dollars,,"National government ministries and agencies: Ministry of Science, Technology, and Innovation (MCTI), acting through the National Agency for the Promotion of Research, Technological Development, and Innovation (Agencia I+D+i); and Ministry of Economy, acting through the Knowledge Economy Department (SEC)",,5,
AR-L1358,False,,,,,,,,U.S. dollar,,national government,,3,
AR-L1360,False,0,,,none,,"NCB, QCBS, QCS",0,United States dollar,,National government - Ministry of Productive Development through Department for Small and Medium-sized Enterprises and Entrepreneurs,,5,
AR-L1361,False,0,,,housing and urban settlement improvement,,,0,U.S. dollar,,national government ministry,,5,
AR-L1366,False,0,,,none,,,0,U.S. dollars,,National government agency (ANDIS - National Disability Agency),,3,
AR-L1367,,,,,,,,,,,,,,
AR-L1370,False,0,,,none,0,,0,U.S. dollar,,"national government, through the Ministry of Economy",,1,
AR-L1377,True,62.5,,,none,,,,United States dollars,,national government,,4,
AR-L1386,False,,,,buildings,,,0,U.S. dollars,,subnational government ministry,,6,
AR-L1391,False,,,,roads,,"ICB, NCB, QCBS",22.5,U.S. dollar,,national government,,5,
AR-L1404,False,,,,none,,,0,United States dollar,,national government,,1,
AR-L1405,False,0,,,none,,,0,United States dollar,,national government - Ministry of the Economy of the Nation,,6,
AR-L1406,True,41.67,,,none,,,,U.S. dollars (US$),,"national government, Ministry of Economy (MECON) through the Secretary of Energy",,4,
AR-L1408,,,,,,,,,,,,,,
AR-L1409,,,,,,,,,,,,,,
AR-L1410,True,41.67,,,none,,,,U.S. dollar,,national government,,3,
AR-L1411,False,0,,,none,,,0,U.S. dollar,,autonomous SOE (National Institute of Social Services for Retirees and Pensioners),C,4,
AR-L1412,True,93.75,,,none,,,0,U.S. dollar,,national government,,1,
AR-L1413,False,0,,,none,0,,0,U.S. dollar,,"national government - Ministry of the Economy, through its Finance Department",N/A,1,
AR-L1416,False,0,,,none,,,0,U.S. dollar,,national government (Ministry of Economy),C,4,
AR-L1419,,,,,,,,,,,,,,
AR-L1420,,,,,,,,,,,,,,
AR-L1421,False,0,,,none,,direct contracting,0,Dollars of the United States of America,,subnational government ministry,C,4,
AR-L1422,False,0,,,water/sanitation,,,0,U.S. dollar,,Subnational - autonomous water and sanitation entity (AySAM),B,5,
AR-L1427,False,,,,none,,competitive bidding,,U.S. dollar,,national government - Ministry of the Economy of the Nation (MECON) through the Treasury Secretariat,C,4,
BA-L1002,False,,,,housing and neighborhood upgrading,,International Competitive Bidding (ICB),25,US$ from Single Currency Facility,,national government ministry,,5,
BA-L1003,False,0,,,none,,,20,US Dollar,,"national government, Ministry of Finance and Planning through the Customs and Excise Department",,4,
BA-L1004,False,,,,none,,,15.97,US$ Single Currency Facility,,national government,C,5,
BA-L1006,False,0,,,none,,"ICB, NCB",25.93,US$ from Single Currency Facility,,National government ministry through autonomous national standards institution,,4.5,
BA-L1007,False,0,,,none,,,15.25,Single Currency Facility in US$,,national government ministry,,4,
BA-L1008,False,0,,,buildings,,international competitive bidding (ICB),28.6,US$,,national government ministry,,4,
BA-L1009,False,,,,none,,"International Competitive Bidding (ICB), National Competitive Bidding (NCB), shopping procedure",20,US Dollar,,National government ministry through a statistical service agency,,4,
BA-L1012,,,True,,energy,,,,,,National government autonomous SOE; a Project Executing Unit (PEU) will be established within NPC,B,,
BA-L1014,False,0,,,coastal infrastructure,,,28.57,Currency: Facility in US$,,national government ministry through autonomous unit,,5,
BA-L1015,False,0,,,water/sanitation,,,5,US Dollar,,autonomous SOE,,5,
BA-L1016,True,,,,minor works,,"selection of individual consultants, direct contracting",2.47,US Dollars from the Ordinary Capital,,national government ministry,,4,
BA-L1020,False,,,,none,,,0,US Dollar of Single Currency Facility,,National government (Prime Minister's Office through ETD) with sub executing agency EGFL,,5,
BA-L1021,False,,,,none,,Not applicable,0,US Dollar from the Single Currency Facility of the Ordinary Capital,,"Ministry of Finance and Economic Affairs (national government), through the Energy and Telecommunications Division of the Prime Minister's Office",,1,
BA-L1022,False,,,,none,,,0,US Dollar from the Single Currency Facility of the Ordinary Capital,,national government ministry,,5,
BA-L1025,True,31.08,,,energy,,"international competitive bidding, national competitive bidding, price comparison",0,"US Dollar for IDB loan (BA-L1025), Euros for EC grant (BA-X1003); separate accounts to be maintained for each currency",,national government - Prime Minister's Office through its Energy and Telecommunications Division (ETD),,5,
BA-L1032,True,50,,,none,,"ICB, NCB",,,,National government ministry (MSCD); not newly created,,,
BA-L1033,True,50,,,"heritage/cultural tourism infrastructure (visitor center, urban route)",,International Competitive Bidding,0,,,national government ministry (not newly created),B,,
BA-L1034,True,50,,,none,,,,,,autonomous SOE - Central Bank of Barbados,FI-3,5,
BA-L1035,False,0,,,roads,,,0,US Dollars,,Project Execution Unit (PEU) of the Ministry of Transport and Works (MTW) - national government,B,5,
BA-L1043,True,,,,buildings,,"LPI, comparación de precios",,,,national government - Division of Energy and Telecommunications,B,,
BA-L1046,True,9.79,,,none,,,,U.S. Dollar,,national government ministry,C,4,2020-04-20
BA-L1048,False,0,,,none,0,,0,Dollars of the United States of America,,national government ministry,,1,
BA-L1050,True,,,,healthcare facilities (renovation),,,0,United States Dollars,,national government ministry,,1,
BA-L1051,,,,,,,,,,,,,,
BA-L1052,False,0,,,none,,,0,Dollars of the United States of America,,national government,,1,
BA-L1053,False,0,,,buildings,,,0,Dollars of the United States of America,,national government ministry,,5,
BA-L1056,False,0,,,none,,,0,Dollars of the United States of America,,national government,,1,
BA-L1059,False,0,,,"coastal zone management (coastal erosion, flooding, drainage works)",,,5.5,United States of American dollars,,"national government ministry, through existing specialized unit (Coastal Zone Management Unit)",,6,
BA-L1060,,,,,,,,,,,,,,
BA-L1061,False,0,,,none,0,,0,Dollars of the United States of America,,national government,,1,
BA-L1062,False,0,,,none,0,,0,United States dollars,,national government ministry,,1,
BA-L1063,,,,,water/sanitation,,,,,,autonomous SOE,,,
BA-L1064,False,0,,,none,,,0,Dollars of the United States of America,,national government - Central Bank of Barbados,,5,
BA-L1065,,,,,,,,,,,,,,
BA-L1067,,,,,energy,,competitive procurement frameworks,,,,,,,
BA-L1069,,,,,,,,,,,,,,
BH-L1001,False,0,,,none,,,30,US$ Dollars Single Currency Facility,,national government - Office of the Prime Minister (OPM),,3,
BH-L1003,,,,,,,,,,,,,,
BH-L1005,False,0,,,none,,,20,US$ - Single Currency Facility,,national government ministry,,3.5,
BH-L1007,False,0,,,"infrastructure (temporary reconstruction, stabilization, and repair)",,,20,"U.S. dollar, single currency facility",,national government ministry (Ministry of Works and Utilities),,1,
BH-L1008,False,,,,"shelter retrofitting (sanitation, water supply, electricity, roofs, windows)",,"ICB (International Competitive Bidding), NCB (National Competitive Bidding), PC (Price Comparison), QCBS (Quality and Cost-Based Selection), QBS (Quality-Based Selection), CQS (Selection Based on Consultant's Qualifications), FBS (Selection under a Fixed Budget)",,,,"National government agency, relatively new with limited capacity",,,
BH-L1016,False,,,,none,,,0,US Dollar - Ordinary Capital,,national government agency (customs department),,5,
BH-L1024,False,,,,roads,,"international competitive bidding (ICB) and limited international bidding (LIB), local competitive bidding",,"USD, Single Currency Facility",,national government ministry,,4,
BH-L1027,False,0,,,none,0,,0,US$-SCF,,national government ministry,,5,
BH-L1028,False,0,,,water/sanitation,,ICB,0,US Dollar – Single Currency Facility,,autonomous SOE - Water and Sewerage Corporation,,5,
BH-L1029,False,,,,roads,,,15.58,United States of America Dollars,,national government ministry,,2,
BH-L1030,False,0,,,none,,,23.16,US$,,national government ministry,,5,
BH-L1033,False,0,,,none,,Policies for the Selection and Employment of Consultants (GN-2350-9) and Policies for the Procurement of Goods and Works (GN-2349-9); ex ante and ex post reviews; direct contracting,0,US dollars,,national government ministry (Ministry of National Security) with Project Implementation Unit to be created,C,5,
BH-L1035,False,,,,none,,,0,US$ dollars chargeable to the Ordinary Capital,,national government - Ministry of Finance,,5,
BH-L1037,False,,,,buildings,76.7,"ICB, NCB",,USD,,"national government ministry, PEU newly created within MLNI",,5,
BH-L1041,False,,,,airports,,,35,United States dollars,,national government,B,5,
BH-L1043,,,,,"coastal protection infrastructure (drainage improvements, road improvements, seawall improvements, shoreline and beach enhancements)",67.14,,,US$,,national government (Ministry of Works and Urban Development),B,,
BH-L1045,False,0,,,none,,,0,Dollars of the United States of America,,national government ministry (Ministry of Finance); not newly created,C,6,
BH-L1046,False,0,,,none,,,0,Dollars of the United States of America,,Small Business Development Centre Bahamas (SBDC) - autonomous agency,B,5,
BH-L1048,,,,,,,,,,,,,,
BH-L1050,False,0,,,none,0,,0,Dollars of the United States of America,,national government - Ministry of Finance,,1,
BH-L1052,False,0,,,none,0,,0,Dollars of the United States of America,,national government - Ministry of Finance,,1,
BH-L1053,True,12.33,,,health infrastructure,,,0,U.S. Dollars and Euros; EU-CIF grant in Euros converted to US Dollars,,National government ministry,,5,
BH-L1055,False,0,,,,,,0,Dollars of the United States of America,,national government ministry,,2,
BH-L1056,False,0,,,none,0,,0,United States Dollars,,national government ministry,,1,
BH-L1057,,,,,,,,,,,,,,
BH-L1058,,,,,,,,,,,,,,
BH-L1061,False,0,,,water/sanitation,,,0,Dollars of the United States of America,,autonomous SOE,,5,
BH-L1062,,,,,none,,,,,,,,,
BH-L1063,False,0,,,roads and drainage,,,0,Dollars of the United States of America,,national government ministry,B,5,
BL-L1001,False,0,,,none,,Not applicable,0,Single Currency Facility US Dollars,,national government,,2,
BL-L1003,False,0,,,tourism infrastructure,,public tendering,9.26,Single currency facility in US dollars,,national government ministry and autonomous tourism board,,4.17,
BL-L1004,False,0,,,none,,,0,US Dollars,,national government - Ministry of Finance,,2,
BL-L1006,False,,,,"waste management infrastructure (landfill, transfer facilities, dump closure)",,,24.6,,,National government ministry (MNRE) and newly staffed/reorganized autonomous authority (SWMA),B,4,
BL-L1008,False,0,,,none,,sole source contracting,8.39,"US dollars, single currency facility",,"national government ministry (Ministry of Natural Resources and the Environment), not newly created",,3.5,
BL-L1009,True,9.09,,,none,,,9.09,,,national government ministry (MAF) and autonomous agency (BAHA),B,5,
BL-L1010,False,0,,,roads,,"force account, direct contracting",0,United States Dollars from the Ordinary Capital Single Currency Facility,,national government ministry,,1,
BL-L1014,,,,,,,ICB,,,,,,,
BL-L1015,True,50,,,water/sanitation,,ICB,0,US Dollars (Single currency facility),,autonomous SOE (The Belize Water Services Limited),,5,
BL-L1018,False,,,,none,0,"International Competitive Bidding, Quality Based Selection, Single Source Selection, Quality and Cost Based Selection",0.99,US$ chargeable to the Ordinary Capital,,"National government ministry (MOEYS) through Program Executing Unit (PEU), created in 2011 for a previous project",,5,
BL-L1019,True,16.16,,,roads (highway rehabilitation and bridge replacement),90.4,,4.49,IDB loan in USD; CIF contribution in EUR to be converted to USD,,Ministry of Works (national government),,,
BL-L1020,False,,,,"tourism infrastructure (restoration and enhancement of archeological, cultural and natural attractions, basic infrastructure)",70,"LPI, SBCC, Contratación directa y selección directa, LPN, comparación de precios, consultores individuales (ICB, direct contracting, NCB, shopping, individual consultants)",,US dollars (USD),,"Ministry of Tourism, Culture and Civil Aviation (national government ministry)",,5,2016-05-04
BL-L1021,False,,,,"waste management infrastructure (dumpsites closure, transfer stations, landfill cell)",,"Design-Build-Operate (DBO), competitive bidding",,US dollars (USD),,autonomous authority (Solid Waste Management Authority - SWaMA),B,5,
BL-L1028,False,0,,,flood control and coastal protection,,,0,Dollars of the United States of America,,national government ministry,B,4,
BL-L1029,False,0,,,roads,,,,Dollars of the United States of America,,national government (Ministry of Works),B,4,
BL-L1030,True,20,,,buildings,18.1,"International Competitive Bidding, Shopping, Single Source",,US Dollar,,national government ministry,,5,
BL-L1031,False,0,,,none,,,0,Dollars of the United States of America,,National government ministry (Ministry of Finance); Project Executing Unit established within the Program Management Office under MOF,C,5,
BL-L1034,False,,,,none,0,contratación directa (direct contracting),,U.S. dollars,,national government ministry,,1,
BL-L1036,False,0,,,none,,,0,U.S. dollars,,national government,,3,
BL-L1037,False,,,,none,,,,US dollars,,Autonomous state-owned development finance corporation,,,
BL-L1038,False,0,,,none,,,0,Dollars of the United States of America,,national government ministry,,5,
BL-L1039,,,,,,,ICB,,,,,,,
BL-L1040,False,0,,,none,,,0,Dollars of United States of America,,national government ministry,,5,
BL-L1041,False,,,,none,,,0,Dollars of the United States of America,,national government,,5,
BL-L1042,False,0,,,none,,,0,Dollars of the United States of America,,"national government - Ministry of Finance, Economic Development, and Investment (MFEDI)",,5,
BL-L1043,False,,,,water/sanitation,,,,Dollars of the United States of America,,autonomous SOE,,,
BL-L1044,True,25,,,buildings,,,1,Dollars of the United States of America,,national government ministry,,4,
BL-L1045,False,,,,water/sanitation,,,0,Dollars of the United States of America,,autonomous agency - Belize Social Investment Fund (SIF),,4,
BL-L1046,False,,,,urban services,,,,Dollars of the United States of America,,national government,,5,
BL-L1048,True,,,,,,,,Dollars of the United States of America,,,,,
BL-L1050,,,,,,,,,,,,,,
BL-L1051,True,17.3,,,water/sanitation,,,5.8,Dollars of the United States of America,,autonomous SOE,B,5,
BL-L1052,,,,,none,,,,,,,,,
BO-L1001,False,,,,none,,,49,U.S. dollars,,national government ministry,,3,
BO-L1005,False,0,,,none,,,0,"FSO currencies, except that of Bolivia",,national government - Ministry of Finance,,1,
BO-L1006,False,,,,none,,,19.3,"FSO currencies, except for Bolivian currency",,"National government (Office of the Deputy Minister of Public Investment and External Financing, with National Public Investment System Development Office as executing unit)",,5,
BO-L1007,False,0,,,none,0,,0,FSO currencies except Bolivian currency,,national government - Ministry of Finance,,,
BO-L1010,False,,,,none,,,0,U.S. dollars from the Single Currency Facility,,national government ministry,,1.5,
BO-L1011,False,0,,,roads,,direct invitation (shortlist),0,US dollars from the Single Currency Facility,,"national government (Ministry of Development Planning, through the Office of the Deputy Minister of Public Investment and External Financing)",,6,
BO-L1012,False,,,,,,,5.3,U.S. dollars from the Single Currency Facility,,national government - Ministry of Development Planning,,3,
BO-L1013,True,,,,water/sanitation,64.5,,14,U.S. Dollars,,Autonomous SOE - Productive and Social Investment Fund (FPS) - existing institution,,6,
BO-L1015,,,,,roads,,,,,,autonomous SOE - Administradora Boliviana de Carreteras (ABC),B,,
BO-L1016,True,,,,none,,,0,U.S. dollars,,autonomous SOE (Banco de Desarrollo Productivo),,4,
BO-L1021,False,,,,water/irrigation,,,4.2,U.S. dollars from the Single Currency Facility,,national government (Ministry of Water),,5,
BO-L1028,False,,,,water/sanitation,,,9,U.S. dollars from the Single Currency Facility (SCF),,Autonomous municipal governments (subnational),,4,
BO-L1031,False,0,,,roads,,,0,"U.S. dollars, SCF U.S. dollars",,national government - Administradora Boliviana de Carreteras (Bolivian Road Administration) (ABC),,3,
BO-L1032,False,,,,,,,6.3,U.S. dollars from the Single Currency Facility (SCF),,National government ministries: Ministry of Planning and Development (MPD) and the Ministry of Health and Sports (MSD),,3,
BO-L1034,,,,,water/sanitation,,,,,,Program coordination unit attached to national ministry; potentially transferable to executing agency,,,
BO-L1037,False,,,,none,,,3.0,United States dollar from the Single Currency Facility of the Bank's Ordinary Capital,,National government ministry through an autonomous service agency (SENASAG),,5,
BO-L1038,False,0,,,"roads, transportation stops, public lighting, sanitary modules",,Bank policies GN-2349-7 and GN-2350-7,16.67,U.S. dollar from the US$ Single Currency Facility,,"National ministry (Ministry of Public Works, Services, and Housing through Vice Ministry of Housing and Urban Development), autonomous national fund (National Fund for Regional Development FNDR), and municipal government (Municipality of La Paz)",,5,
BO-L1039,False,0,,,tourism infrastructure,,call for bids,0,US$ Single Currency Facility,,national government ministry (Vice Ministry of Tourism within Ministry of Cultures),,5,
BO-L1040,False,,,,none,,,20,U.S. dollars from the Single Currency Facility,,"national government, Ministry of Rural and Land Development",,5,
BO-L1043,False,,,,energy,,,11.5,U.S. dollars from the Single Currency Facility (SCF),,autonomous SOE (Empresa Nacional de Electricidad),,5,
BO-L1047,False,,,,none,,,,,,national government - Ministry of Institutional Transparency and Anticorruption,C,,
BO-L1051,False,,,,none,,,0,U.S. dollars,,national government ministry,,5,
BO-L1053,False,,,,water/watershed management,,,0,U.S. dollars,,autonomous SOE,,4,
BO-L1056,False,,,,none,,,0,U.S. dollars from the Single Currency Facility,,"National government ministry (Ministry of Public Works, Services, and Housing through Deputy Minister of Transportation) and autonomous agency (Bolivian Highway Administration)",,4,
BO-L1061,False,,,,none,,,,U.S. dollars from the Single Currency Facility,,national government ministry,,1.5,
BO-L1062,False,,,,none,,,0,U.S. dollars from the Single Currency Facility,,national government - Ministry of Economy and Public Finance (MEFP),,1.5,
BO-L1063,False,,,,none,,"ICB, NCB, QCBS, NICQ",11.86,US$ - Single Currency Facility,,"National government ministries (MOPSV and MEFP), not newly created",,5,
BO-L1064,False,,,,buildings,,,9,U.S. dollars from the Single Currency Facility,,"national government, Ministry of Health and Sports with support from National Productive and Social Investment Fund",,5,
BO-L1070,False,,,,none,,,,U.S. dollars from the Single Currency Facility (SCF),,Ministry of Development Planning (national government),,4,
BO-L1071,False,0,,,buildings,,ICB,0,U.S. dollars,,national government,,5,
BO-L1072,,,,,energy,,,,,,autonomous SOE,,,
BO-L1073,False,0,,,waste/sanitation,83.4,Bank policies (GN-2349-9 and GN-2350-9),,U.S. dollars,,"national government, through existing program coordination unit",,5,
BO-L1074,False,,,,water/sanitation,,,0,United States dollars,,national government ministry,,1.5,
BO-L1075,False,,,,roads,,,0.813,United States Dollars from the Single Currency Facility,,autonomous agency - Bolivian Road Authority (ABC),,5,
BO-L1076,False,,,,airport infrastructure,,,8.01,U.S. dollars from the Single Currency Facility,,national government ministry,,4,
BO-L1078,False,0,,,buildings,,ICB,29,U.S. dollars,,national government,,5,
BO-L1079,False,,,,roads and urban infrastructure; aerial cable transport,,"ICB, NCB, SSS",22.27,,,Autonomous Municipal Government (GAMEA) and State-Owned Enterprise (EETC-MT),B,5,
BO-L1080,True,35.2,,,water/sanitation,,,18.15,,,National government ministry through autonomous executing agency (EMAGUA),A,,
BO-L1081,False,,,,none,,,,U.S. dollars from the SCF,,national government - Ministry of Economy and Public Finance,,1.5,
BO-L1082,False,,,,buildings,,,11.38,U.S. dollars from the Single Currency Facility of the Bank's Ordinary Capital,,national government,,5,
BO-L1084,False,,,,irrigation,,,25.97,U.S. dollars,,national government ministry,,5,
BO-L1087,False,0,,,water/sanitation,,,28.6,U.S. dollars,,national government ministry,B,5,
BO-L1089,,,,,,,,,,,,,,
BO-L1093,False,0,,,roads,83.94,,0,US$,,autonomous SOE,,4,
BO-L1095,,,,,roads,,"ICB, NCB, QCBS",,Single Currency Facility,,autonomous - Administradora Boliviana de Carreteras (Bolivian Highway Administration),,,
BO-L1096,False,,,,none,,,0,U.S. dollars from the Single Currency Facility of the Ordinary Capital,,Deconcentrated Public Institution under national government ministry,,5,
BO-L1100,False,0,,,water/sanitation,,,0,U.S. dollars,,national government,,1,
BO-L1101,False,,,,none,,,0,U.S. dollars from the Ordinary Capital,,national government - Ministry of Development Planning (MPD) through the Office of the Deputy Minister of Public Investment and External Financing (VIPFE),C,5,
BO-L1102,,,,,roads,,,,,,autonomous - Bolivian Highway Administration (ABC),,,
BO-L1104,False,,,,none,,,0,US$,,national government,,1,
BO-L1106,False,0,,,water/sanitation,,,19.2,U.S. dollars,,national government ministry,,5,
BO-L1107,False,,,,none,,,0,U.S. dollars,,national government,,1,
BO-L1111,False,,,,none,,"ICB, NCB, QCBS, CQS, ICQ, SSS",0,U.S. dollars,,National government ministry,B,5,
BO-L1112,False,0,,,none,,,0,U.S. dollars,,"national government - Ministry of Public Works, Services, and Housing (MOPSV) through the Office of the Deputy Minister of Transportation (VMT)",,1,
BO-L1113,False,,,,none,,International competitive bidding (Licitación Pública Internacional),40,US$,,National Agrarian Reform Institute (INRA) - autonomous national government entity,,5,
BO-L1114,False,,,,water/sanitation - storm drainage,,"Licitación Pública Internacional (LPI) for works and goods above threshold; competitive methods for consulting services including Quality and Cost Based Selection, consultants' qualifications, and competitive procedures for individual consultants; direct contracting as exception",12,U.S. dollars,,Autonomous municipal governments (subnational),,5,
BO-L1117,False,,,,energy - rural electrification distribution networks and transmission lines,95,,0,,,multiple - departmental autonomous governments and ENDE (state-owned enterprise),B,,
BO-L1118,True,15,,,water/sanitation,,,,U.S. dollars,,national government ministry,B,5,
BO-L1121,False,0,,,none,0,"ICB, NCB",0,SCF US$,,national government ministry,,5,
BO-L1179,False,0,,,,,ICB,,US$,,National Service (autonomous agency),,5,
BO-L1182,False,0,,,buildings,,,0,United States dollars,,"national government (Ministry of Development Planning through Office of the Vice Minister for Planning and Coordination) and autonomous SOE (state cable transportation company ""Mi Teleférico"" as coexecuting agency)",,5,
BO-L1183,False,0,,,none,,,0,U.S. dollars,,"Ministry of Environment and Water (MMAyA), national government ministry",,1,
BO-L1184,False,0,,,water/sanitation,,"ICB, NCB, QCBS, CQS, NICQ",0,United States dollar (from the Ordinary Capital),,"national government (Ministry of the Environment and Water, acting through the program coordination unit), with coexecution by Ministry of Planning and Development through the National Productive and Social Development Fund",,5,
BO-L1186,False,0,,,roads,99.38,,0,U.S. dollars,,"Autonomous agency (Administradora Boliviana de Carreteras, Bolivian Highway Administration)",B,5,
BO-L1188,False,,,,water/sanitation,92.3,,0,U.S. dollars,,national government ministry and autonomous SOE,B or C,5,
BO-L1189,False,,,,none,,,0,U.S. dollar,,national government,,1,
BO-L1190,False,,,,energy,,competitive bidding,0,U.S. dollars,,national government ministry and autonomous SOE,B,5,
BO-L1191,True,,,,water/sanitation,,"ICB, NCB, QCBS, NICQ",,,,,,,
BO-L1192,True,34,,,water/sanitation,,"ICB, NCB",,U.S. dollars,,national government - Ministry of Environment and Water (MMAyA) with Program coordination unit,B,5,
BO-L1198,False,,,,buildings,,,,,,national government ministry,B,,
BO-L1199,False,0,,,none,,,0,U.S. dollars,,national government ministry,,1,
BO-L1200,False,0,,,none,,,0,U.S. dollar,,national government ministry,,1,
BO-L1209,False,0,,,airport infrastructure,81.3,"LPI, SBCC",0,United States dollars; will be maintained in dollars with conversion at effective payment date,,"national government ministry (Ministry of Public Works, Services, and Housing through Office of the Deputy Minister of Transportation)",,5,
BO-L1212,False,0,,,"urban public spaces, linear park, green areas, connectivity infrastructure",,"International Competitive Bidding (LPI - Licitación Pública Internacional), Quality and Cost Based Selection (SBCC - Selección Basada en Calidad y Costo)",0,"U.S. dollars, with funds maintained in USD account at Central Bank of Bolivia",,"national government ministry - Ministry of Public Works, Services, and Housing through the Office of the Deputy Minister of Transportation",,5,
BO-L1216,False,0,False,,none,0,contratación directa; excepcionales; procesos internacionales,0,U.S. dollars,,national government; Ministry of Economy and Public Finance,,2,
BO-L1217,False,0,,,none,,private sector commercial practices,0,United States dollars,,national government ministry,,1,
BO-L1219,False,0,,,none,0,,0,U.S. dollar,,National government ministry (Ministry of Economy and Public Finance),,2,
BO-L1220,True,28.57,,,none,,,28.57,U.S. dollar,,autonomous national statistical agency,,5,
BO-L1222,True,50.5,,,energy,,,0,U.S. dollars,,"National government agency (ENDE, national electricity company) and national ministry (MHE through VMEER)",,6,
BO-L1223,False,0,,,none,,,0,U.S. dollar,,national government ministry,,5,
BO-L1225,False,0,,,roads,,"LPI (international competitive bidding), SBCC (quality and cost-based selection)",13.8,U.S. dollar,,autonomous entity with administrative and financial autonomy,,5,
BO-L1226,False,0,,,water/sanitation - dams and pressurized irrigation systems,,"ICB (international competitive bidding), NCB (national competitive bidding), LCS (least-cost selection), QCBS (quality- and cost-based selection)",0,U.S. dollar,,"national government - Ministry of Environment and Water (MMAyA), acting through its Office of the Vice Minister for Water Resources and Irrigation (VRHR)",,5,
BO-L1229,False,0,,,rail (cable car system),69.4,"LIL (Limited International Bidding), LPI (International Competitive Bidding), SBCC (Quality- and cost-based selection)",0,U.S. dollars; disbursed in dollars with exclusive dollar account for administration,,"Autonomous state-owned enterprise (Empresa Estatal de Transporte por Cable – Mi Teleférico, EETC-MT), not newly created",,5,
BO-L1230,False,0,,,street lighting systems,,"ICB, NCB, QCBS",0,"U.S. dollars, with conversion to local currency (Bolivianos) planned",,"national government ministry (Ministry of Hydrocarbons and Energy, acting through the Office of the Deputy Minister for Electricity and Renewable Energies), not newly created",,5,
BO-L1233,False,0,,,public spaces and sustainable mobility infrastructure,,,0,"U.S. dollars, with conversion to local currency (Bolivianos) for payments in national currency",,subnational - Autonomous Municipal Government,,5,
BO-L1234,False,0,,,none,,"ICB, NCB",15,United States dollar,,National government autonomous institute,,6,
BO-L1238,True,30.4,True,,"energy (electricity distribution and transmission, electrical interconnection)",,,,U.S. dollars,,autonomous SOE (National Electricity Company),A,6,
BO-L1245,,,,,,,"ICB, NCB, QBS, QCBS",,,,,,,
BR-L1001,,,,,,,,,,,,,,
BR-L1004,True,,,,none,,direct contracting,,,,,,,
BR-L1005,,,,,,,,,,,,,,
BR-L1009,False,,,,none,0,International competitive bidding (ICB),,,,Subnational government with newly created Project Management Unit (UAF),,,
BR-L1013,,,,,state park infrastructure,,,,,,subnational government department (SMA - Secretaria do Meio Ambiente of São Paulo state),,,
BR-L1016,False,,,,none,,,50,U.S. dollars from the Single Currency Facility of the Bank's Ordinary Capital,,State government department (Secretaria de Desenvolvimento do Estado de São Paulo),,3,
BR-L1018,False,0,,,roads and urban infrastructure,,,34.5,U.S. dollars from the Single Currency Facility,,State Transportation Secretariat (subnational government agency),B,5,
BR-L1020,,,,,,,"ICB, LIB, NCB, LCS, QCBS",,,,,,,
BR-L1021,False,0,,,none,,,40,U.S. dollar from the Single Currency Facility of the Bank's Ordinary Capital,,State government secretariat acting through an autonomous institute,,3,
BR-L1026,False,,,,none,,"ICB, NCB, CQS, LCS, ICP",,,,subnational government - State of Bahia Department of Finance (SEFAZ),,,
BR-L1027,,,,,roads,,,,,,State government department,,,
BR-L1028,False,,,,energy,,,42,US dollars,,"State government, through the State Economic Development Department (SEDE)",,2,
BR-L1031,False,,,,roads,,Bank's procurement procedures,92,U.S. dollars from the Single Currency Facility,,National government department - Departamento Nacional de Infra-Estrutura de Transportes (DNIT) (National Department for Transportation Infrastructure),,4.5,
BR-L1033,False,,,,roads,,"ICB, LIB, NCB",,,,state government agency - São Paulo State Highway Department (DER/SP),,,
BR-L1038,,,,,water/sanitation and flood control,,,,,,Municipal water and sewer service agency (AMAE) and municipal coordinating unit,,,
BR-L1044,False,,,,buildings,,,50,U.S. dollars from the Single Currency Facility,,subnational government (município) through its Health Department,,4.5,
BR-L1047,,,,,,,International competitive bidding; national competitive bidding; Brazil's e-procurement system (Pregão Eletrônico),,,,,,,
BR-L1051,False,0,,,roads,,,30.07,U.S. dollars from the Single Currency Facility,,Subnational government department (State Infrastructure Department),,3,
BR-L1053,False,,,,buildings,,,29.97,U.S. dollars from the Single Currency Facility,,subnational government department (State of Ceará through the Department of Labor and Social Development),,5,
BR-L1054,False,,,,none,,,50,U.S. dollars from the Single Currency Facility; Conversions to reais (R$) Local Currency Facility (LCF),,Autonomous SOE - National Economic and Social Development Bank (BNDES),,4,
BR-L1055,False,0,,,"urban renewal, environmental sanitation, social services facilities",,"LPI (Licitación Pública Internacional / International Public Bidding), LPN (Licitación Pública Nacional / National Public Bidding), SBCC (Selección Basada en las Calificaciones de los Consultores / Selection Based on Consultants' Qualifications)",40,"U.S. dollars from the OC Single Currency Facility, with conversion to Brazilian reais under LCF",,Subnational government (Município of Niterói),,4,
BR-L1058,,,,,,,"ICB, NCB",,Local Currency Facility,,Municipal Government,,,
BR-L1060,False,,,,none,,,18.75,U.S. dollars from the Single Currency Facility,,autonomous national research institute,,5,
BR-L1065,,,,,water/sanitation and roads,,,,,,,,,
BR-L1068,False,0,,,none,,,50,U.S. dollars from the Single Currency Facility,,"Federal Senate, through the InterLegis Special Secretariat (SINTER)",,4,
BR-L1076,False,0,,,urban infrastructure in economic development areas,,,30,U.S. dollars from the Ordinary Capital with conversion to reais via Local Currency Facility,,Subnational government (Federal District) through the Secretaria de Estado de Desenvolvimento Econômico [Economic Development Department] (SDE),,5,
BR-L1077,False,,,,water/sanitation,,"ICB, NCB",,,,subnational,,,
BR-L1078,False,,,,urban renewal and basic infrastructure,,,40,U.S. dollars from the Single Currency Facility,,Municipal Department (SEINF) - national/subnational government,,5,
BR-L1081,,,,,water/sanitation and drainage,,,,,,municipal autonomous agencies (DMAE and DEP),,,
BR-L1083,False,0,,,"favela improvement, mobility infrastructure, and social development facilities",,,50,U.S. dollars from the Single Currency Facility of the OC with conversion to reais via Local Currency Facility,,Municipal government (Município of Curitiba) with delegation to the Curitiba Research and Urban Planning Institute (IPPUC) and coordination with municipal agencies COHAB and FAS,,5,
BR-L1084,False,,,,"integrated urban development, mobility and transportation (underpass), sanitation",,,50,U.S. dollars from the Single Currency Facility of the Ordinary Capital; conversion into Brazilian reais via Local Currency Facility (LCF),,"Município (subnational government), with support from autonomous entities EMURB and FUNDAT",,4,
BR-L1085,False,,,,mobility and transportation,,,,,,município/municipal government,C,,
BR-L1087,False,,,,roads,,NCB,50,"U.S. dollars from the Single Currency Facility (OC), conversion to reais via LCF",,subnational (municipality),,4,
BR-L1088,False,,,,"urban development, water/sanitation, urban mobility",,,50,"U.S. dollars from the Single Currency Facility, conversion to reais via LCF",,municipal government (Município of Manaus),,4,
BR-L1093,,,,,,,,,,,,,,
BR-L1094,False,0,,,environmental reclamation and urban mobility,,,50,"U.S. dollars from the SCF of the OC, with conversion to reais via Local Currency Facility",,Municipal (local) government - Município of Londrina,B,4,
BR-L1096,False,,,,buildings,,direct contracting,10,U.S. dollars from the Single Currency Facility of the Ordinary Capital,,"State government acting through Department of the Treasury (SEFAZ/MS), in coordination with the Department of Administration (SAD) and Enterprise Management Agency (AGESUL)",,4,
BR-L1099,False,0,,,"roads, education buildings, transport infrastructure",,Bank procurement procedures and policies,50,"US dollars from the Single Currency Facility, conversion to reais LCF",,subnational government (municipality),,3,
BR-L1102,False,0,,,none,,"electronic auctions, price registers, noncompetitive methods",41.66,United States dollars from the Single Currency Facility,,"national government ministry (Ministry of Planning, Budget, and Management)",,4,
BR-L1103,False,0,,,,,,40,U.S. dollars from the Bank's Single Currency Facility,,"Subnational government department (State of Bahia, through the Environment Department - SEMA)",,4,
BR-L1104,False,0,,,urban development (downtown revitalization and urban mobility),,,50,U.S. dollars; Conversion to Brazilian reais: LCF,,subnational (municipal) government,,4,
BR-L1122,False,0,,,buildings,,,50,U.S. dollars from the Single Currency Facility,,subnational government (Municipality of Fortaleza),,5,
BR-L1152,False,,,,water/sanitation and roads,,,40,U.S. dollars from the Single Currency Facility,,State government department (Department of Water Resources and Environment),,5,
BR-L1161,False,0,,,roads,,,35.14,U.S. dollars from the Single Currency Facility,,subnational government department (São Paulo State Highways Department),B,5,
BR-L1162,False,,,,rail,,,30.29,U.S. dollars from the Single Currency Facility,,subnational government acting through metropolitan transportation department,,4.5,
BR-L1163,False,0,,,transportation and urban development,,,50,U.S. dollars from the Single Currency Facility of the Ordinary Capital; Conversion to reais: Local Currency Facility,,subnational government (município),,4,
BR-L1164,False,0,,,water/sanitation,,,30,U.S. dollars from the Single Currency Facility,,"subnational government (State of Amazonas), acting through specialized management unit (UGPI)",,5,
BR-L1165,False,,,,none,,,32.4,US dollars from the Single Currency Facility,,subnational government (State of Pernambuco) through its Finance Secretariat (SEFAZ/PE),,4,
BR-L1166,False,,,,water/sanitation,,,25,U.S. dollars from the Single Currency Facility,,autonomous SOE,,6,
BR-L1171,False,0,,,water/sanitation,,,50,U.S. dollars from the Single Currency Facility of the Ordinary Capital; Conversion to reais: Local Currency Facility,,subnational (municipal government),,4,
BR-L1174,False,0,,,none,,"national legislation, direct contracting",18,U.S. dollars from the Single Currency Facility,,subnational government - State of Ceará through its Finance Secretariat (SEFAZ/CE),,4,
BR-L1175,False,0,,,water/sanitation,,Bank's bidding policies and procedures,50,"U.S. dollars from the Single Currency Facility, conversion into reais via LCF",,Municipal government department,,5,
BR-L1176,False,,,,"roads, solid waste disposal",,,37.6,U.S. dollars from the Ordinary Capital,,Subnational government (State of Ceará) through the Department of Cities in coordination with other state departments and agencies,,5,
BR-L1177,False,,,,buildings,58,,37.64,U.S. dollars from the Single Currency Facility,,subnational government - State Department of Health (SESA),,5,
BR-L1178,False,0,,,none,,,50,U.S. dollars from the Single Currency Facility with conversions to Brazilian reais via Local Currency Facility,,"National development bank (BNDES - Banco Nacional de Desenvolvimento Econômico e Social), not newly created",,4,
BR-L1180,False,0,,,none,,,50,U.S. dollars from the Single Currency Facility with conversion to Brazilian reais via Local Currency Facility,,National development bank (BNDES),,4,
BR-L1181,False,0,,,roads,,,37.63,U.S. dollars from the Single Currency Facility,,Subnational government department (Department of Buildings and Highways of the State of Ceará - DER),,5,
BR-L1183,False,,,,water/sanitation,,ICB,50,"U.S. dollars from the Single Currency Facility of the OC, with conversion to Brazilian reais under the Local Currency Facility",,Municipal government (Município of Colatina),,4,
BR-L1187,False,,,,urban and environmental revitalization,,ICB,50,U.S. dollars from the Single Currency Facility of the Ordinary Capital with conversion to reais via Local Currency Facility,,Município (municipal government),,4,
BR-L1190,False,,,,urban renewal/improvements,,,50,U.S. dollars with conversion into Brazilian reais via Local Currency Facility (LCF),,Autonomous municipal urban development corporation (URB RECIFE - Empresa de Urbanização do Recife),,4,
BR-L1195,False,,,,none,,,40,United States dollars from the Single Currency Facility of the Bank's Ordinary Capital,,national government ministry,,4,
BR-L1201,False,,,,none,,,,U.S. dollars from the OC Single Currency Facility,,State government agency - State of Bahia through its Finance Secretariat (SEFAZ-BA),,2,
BR-L1204,False,,,,"roads, water/sanitation, buildings (airports)",,,40,U.S. dollars from the Single Currency Facility of the Bank's Ordinary Capital,,Subnational government - Tourism Department of the State of Ceará (SETUR),,5,
BR-L1205,False,,,,none,,national legislation on procurement,10.0,US dollars from the Single Currency Facility of the Ordinary Capital; exchange rate the day before disbursement request applies for expenses in reais,,State government (subnational); State Finance Department (SEFAZ/ES),,5,
BR-L1206,False,,,,none,,national legislation on procurement and contracting; direct contracting,33,US dollars from the Single Currency Facility,,subnational government - State of Santa Catarina acting through its Finance Department (SEF),,4,
BR-L1207,False,,,,buildings,,direct contracting,16.17,U.S. dollars from the Single Currency Facility,,subnational government department (State Taxation Department),,4,
BR-L1208,False,,,,buildings,,direct contracting,14.6,U.S. dollars from the Single Currency Facility,,subnational government department (State of Paraíba Department of Revenue),,5,
BR-L1210,False,,,,tourism infrastructure,,,40,U.S. dollars drawn from the Single Currency Facility,,Subnational government department (State of Rio de Janeiro),,4,
BR-L1212,False,0,,,tourism infrastructure (not further specified),,Bank policies and procedures as established in documents GN-2349-7 and GN-2350-7,40,U.S. dollars from the Single Currency Facility,,subnational government (State Tourism Department - SETUR),,5,
BR-L1215,False,,,,water/sanitation,,ICB,40.33,U.S. dollars from the Ordinary Capital,,autonomous SOE (Companhia de Saneamento Ambiental do Distrito Federal - CAESB),,5,
BR-L1217,False,,,,water/sanitation and urban infrastructure,,,30,U.S. dollars from the Single Currency Facility,,subnational government unit - PROSAMIM Management Unit (UGPI),,3,
BR-L1219,False,0,,,water/sanitation,,"ICB (LPN - Licitación Pública Nacional), SBQC (Selección Basada en Calidad y Costo for consulting)",40,U.S. dollars from the Ordinary Capital (OC),,Subnational government - State of Espírito Santo acting through Tourism Department (SETUR),B,5,
BR-L1223,False,0,,,none,,,40,United States dollars from the Bank's Ordinary Capital,,"National government agency (Office of the Comptroller General), not newly created",C,5,
BR-L1224,False,,,,none,,,50,U.S. dollars from the Single Currency Facility of the Ordinary Capital,,"national government ministry (Ministry of Planning, Budget, and Management through the Federal Assets Division)",C,5,
BR-L1226,False,0,,,"macrodrainage, urban mobility, social development",,,55,"U.S. dollars from Ordinary Capital Single Currency Facility, with conversion into Brazilian reais via Local Currency Facility",,Subnational government (Município of Paranaguá),,5,
BR-L1227,True,,,,"rail (metro/underground stations, tunnels, and permanent tracks)",,ICB (International competitive bidding) and LPI (Ley de Política de Inversión),22.94,U.S. dollars from the Single Currency Facility of the Ordinary Capital,,Subnational government department (State of São Paulo Metropolitan Transportation Department - STM) with subsidiary execution by autonomous SOE (Companhia do Metropolitano Sao Paulo - METRÔ),A,4.5,
BR-L1230,False,,,,none,,Brazilian national legislation; international competitive bidding determined by threshold,30,U.S. dollars from the FFF of the OC,,subnational government (State of Alagoas Finance Department - SEFAZ/AL),,5,
BR-L1231,False,0,,,roads,,,40,U.S. dollars from the Single Currency Facility,,subnational government highways department,,4,
BR-L1233,False,0,,,none,,"ICB, NCB, direct contracting",10.24,U.S. dollars from the Single Currency Facility,,"subnational government (State of Goiás), with Program Coordination Unit (PCU) to be established",,4,
BR-L1234,False,,,,none,,direct contracting,16.64,U.S. dollars from the Single Currency Facility of the Bank's Ordinary Capital,,subnational government department,,4,
BR-L1236,False,,,,none,,,9.09,United States dollars drawn from the Single Currency Facility of the OC,,"State government department (State Finance Department, SEF/MG)",,2,
BR-L1237,False,0,,,none,,international competitive bidding (licitación pública internacional),20,U.S. dollars from the Ordinary Capital's FFF,,"State of Paraná, through the Paraná State Finance Department (SEFA/PR) - subnational government agency",,5,
BR-L1238,False,0,,,none,,direct contracting,9.54,U.S. dollars from the Single Currency Facility of the Ordinary Capital,,subnational government department (State Department of Finance),,4,
BR-L1239,False,,,,none,,direct contracting,11.39,U.S. dollars from the Single Currency Facility of the Bank's OC,,subnational government (State of Rio de Janeiro Department of Finance),,4,
BR-L1240,False,0,,,buildings,,direct contracting,10,U.S. dollars from the Single Currency Facility,,"subnational government (State of Rondônia, through the State Finance Department)",,5,
BR-L1241,False,,,,"socioenvironmental recovery, conservation, resettlement",,,65.5,U.S. dollars from the Single Currency Facility of the Bank's Ordinary Capital,,State government departments - State of São Paulo Housing Department (SH) and Environment Department (SMA),,4,
BR-L1242,False,,,,,,licitación pública internacional,,,,Special Project Coordination and Execution Unit (UCEPE),,,
BR-L1243,False,0,,,infrastructure and basic services,,,40,U.S. dollars from the Bank's Ordinary Capital,,State government department (State Tourism Department - SETUR),,5,
BR-L1245,False,0,,,tourism infrastructure and basic services,,international competitive bidding (ICB),40,U.S. dollars,,subnational government department (State of Paraíba Tourism and Economic Development Department),,5,
BR-L1250,False,,,,none,,"ICB, NCB",,,,subnational government - Federal District Finance Department (SEF/DF),,,
BR-L1251,,,,,,,"ICB, NCB, PC (shopping)",,,,,,,
BR-L1252,,,,,,,"ICB, NCB, DC",,,,Program Coordination Unit of the Ministry of Finance (PCU/MF),,,
BR-L1253,False,,,,none,,"ICB, NCB",,,,State government agency - SEFAZ/RR (State of Roraima Finance Department) with a Program Coordination Unit,,,
BR-L1254,False,,,,none,,direct contracting,27,U.S. dollars from the Single Currency Facility of the OC,,subnational government department (State of Sergipe Department of the Treasury),,5,
BR-L1255,,,,,,,,,,,,,,
BR-L1256,False,0,,,"transportation infrastructure (airport runway expansion, highways), coastal infrastructure (sea walls and tourist piers)",,"International competitive bidding (ICB) above threshold, selection method determined by complexity and characteristics below threshold",40,U.S. dollars from the Bank's Ordinary Capital; conversion to local currency may be requested under Flexible Financing Facility,,Subnational government department - State Tourism Department (SETUR) of the State of Sergipe,B,5,
BR-L1260,,,,,roads,,ICB,,,,subnational government,,,
BR-L1268,,,,,,,,,,,,,,
BR-L1269,False,0,,,none,,Bank policies GN-2349-9 and GN-2350-9,50,U.S. dollars from the Bank's Ordinary Capital,,National government agency - Pension Policy Secretariat (SPPS) of the Ministry of Pensions (MPS),C,5,
BR-L1272,False,,,,roads,,,50,"U.S. dollars, SCF",,subnational government (municipal),,5,
BR-L1277,False,,,,none,,International competitive bidding (licitación pública internacional),60,U.S. dollars,,National government - Office of the Attorney General (AGU),C,5,
BR-L1278,False,0,,,energy,,,16,US dollars,,autonomous SOE,,3.5,
BR-L1282,False,0,,,water/sanitation,,,30,U.S. dollars from the Single Currency Facility,,subnational government department,,5,
BR-L1284,True,,,,,,"ICB, NCB",,,,autonomous SOE,,,
BR-L1287,False,0,,,none,,,30,U.S. dollars from Single Currency Facility of the Ordinary Capital,,State government department (SEASDH - Secretaria de Estado de Assistência Social e Direitos Humanos),,4,
BR-L1289,,,,,,,,,,,,,,
BR-L1290,False,,,,,,licitación pública internacional,,,,,,,
BR-L1295,False,0,,,water/sanitation,,,39.39,U.S. dollars from the Ordinary Capital,,"subnational government (State of Pernambuco, through the Department of Water and Energy Resources)",,6,
BR-L1296,,,,,roads,,,,,,autonomous SOE - DERSA (Desenvolvimento Rodoviário S.A),,,
BR-L1297,,,,,,,"ICB, NCB",,,,,,,
BR-L1299,,,,,,,"ICB, NCB, Quality- and cost-based selection, Individual consultant",,,,,,,
BR-L1300,False,,,,tourism infrastructure and basic services,,competitive bidding,40,U.S. dollars from the Bank's Ordinary Capital,,Subnational government - State Tourism Department,,5,
BR-L1314,False,,,,water/sanitation,,,30,U.S. dollars from the Ordinary Capital,,Município (municipal government) - not newly created,,5,
BR-L1315,,,,,,,,,,,,,,
BR-L1319,,,,,,,"ICB, NCB",,,,subnational government (State of Bahia),,,
BR-L1326,False,0,,,roads,,,20.65,U.S. dollars from the Ordinary Capital,,subnational - State of Ceará Roads Department (DER/CE),,5,
BR-L1327,False,0,,,buildings,61.3,ICB,42.86,U.S. dollars,,subnational government - State Secretariat of Education,,5,
BR-L1328,False,,,,none,,licitación pública internacional,44.6,U.S. dollars,,subnational government (Amazonas State Secretariat of Education),,5,
BR-L1329,False,,,,buildings,,"ICB, NCB, direct contracting",50.29,U.S. dollars from the Ordinary Capital,,Municipal government through Municipal Department of Education (SME),,5,
BR-L1331,,,,,,,,,,,,,,
BR-L1333,,,,,roads,,LPI (Bank procurement guidelines),,,,,,,
BR-L1335,,,,,water/sanitation,,,,,,,,,
BR-L1336,,,,,roads,,"ICB, LIB, NCB, QBS, QCBS",,,,subnational government (state-level infrastructure department),,,
BR-L1337,False,0,,,none,,,0,U.S. dollars from the Ordinary Capital,,subnational government (State of Bahia Finance Department),,2,
BR-L1343,,,,,,,,,,,,,,
BR-L1344,False,0,,,"roads/mobility, green areas/parks",,,50,U.S. dollars with conversion to reais via Local Currency Facility,,"subnational government (municipal), Municipal Planning and Urban Development Department (SEPLAN)",B,5,
BR-L1349,,,,,,,licitación pública internacional,,,,,,,
BR-L1356,False,,,,urban infrastructure for basic services,,LPI,50,U.S. dollars chargeable to the Ordinary Capital,,"Autonomous SOE (Serviçio Social Autônomo Paranácidade) and development agency (Agência de Fomento do Paraná, S.A. as fiscal agent)",B,4,
BR-L1361,False,,,,none,,,0,US$ from the Ordinary Capital,,State government department (Finance Department),,2,
BR-L1363,False,,,,roads,,international competitive bidding (licitación pública internacional),20,U.S. dollars from the Ordinary Capital (OC),,subnational autonomous agency - State of Ceará Roads Department (DER/CE),,4,
BR-L1369,False,0,,,water/sanitation,,ICB,50,U.S. dollars,,subnational government (Município of Belém),,5,
BR-L1372,True,,,,"water/sanitation, energy, buildings",,"ICB, NCB, direct contracting",10,,,"State-level agency with coordination by SEDS (State Department of Family and Social Development) through project management unit; execution by state agencies including COHAPAR and state departments of Education, Health, and Labor",B,,
BR-L1373,False,,,,roads,,LPI,30.0,U.S. dollars from OC,,State of São Paulo Highway Department (DER/SP) - subnational government department,,5,
BR-L1374,False,0,,,none,,,0,U.S. dollars,,subnational government agency,,2,
BR-L1375,False,,,,none,,,,U.S. dollars from the Ordinary Capital,,subnational government agency (State Finance Department),not classified - programmatic policy-based loan,2,
BR-L1376,False,,,,health buildings,,"International Competitive Bidding (LPI), Direct Contracting (Contratación Directa), Electronic Auction (Ley 10.520/2002)",28.95,U.S. Dollars from the Ordinary Capital (OC),,Subnational government health department (State of São Paulo Health Department),,5,
BR-L1377,,,,,,,International Competitive Bidding,,,,Ministry of Finance Project Coordination Unit (national government),,,
BR-L1378,False,0,,,buildings,,"LPN (licitación pública nacional), SBCC, Subasta",28.57,U.S. dollars,,subnational government - State Health Department,,5,
BR-L1381,False,0,,,none,0,,0,U.S. dollars from the Flexible Financing Facility of the Ordinary Capital,,"Subnational government - State of Pernambuco, through its Planning and Management Department (SEPLAG/PE)",,2,
BR-L1383,False,0,,,water/sanitation,,,33,U.S. dollars from the Ordinary Capital,,subnational government department (Infrastructure and Public Utilities Department - SINESP of the Federal District),,5,
BR-L1385,False,0,,,none,,,0,U.S. dollars from the Ordinary Capital,,"subnational government (State of Amazonas, through State Finance Department)",,2,
BR-L1386,False,0,,,"urban renewal, environmental sanitation, transportation infrastructure",,"LPI (international public bidding), LPN (national public bidding), SBCC (quality and cost-based selection for consulting)",40,"U.S. dollars from the OC Single Currency Facility, with conversion to Brazilian reais under LCF",,"subnational government (Município of Niterói), not newly created",,4,
BR-L1387,False,0,,,buildings,,LPI,20,U.S. dollars from the Bank's Ordinary Capital (OC),,State government agency - State Office of Internal Affairs (SEG),B,5,
BR-L1388,False,0,,,none,,,10,U.S. dollars from the Bank's OC,,State government department (SEFAZ),,5,
BR-L1389,False,,,,buildings,,"LPI (International Public Bidding), LPN (National Public Bidding), SBCC (Quality and Cost-Based Selection), Auction",29.82,U.S. dollars from the Bank's Ordinary Capital,,subnational government (State of Bahia Health Department),B,5,
BR-L1392,False,,,,buildings,70.3,licitación pública internacional,54.4,U.S. dollars,,subnational government - Municipal Education Department,,5,
BR-L1393,False,0,,,buildings,,,50,United States dollars from the Ordinary Capital,,subnational government (Municipality of Porto Alegre through the Municipal Education Department),,5,
BR-L1401,,,,,roads,,LPI,,,,State Highway Department (DER/SP),B,,
BR-L1402,False,,,,"roads (urban transport infrastructure, bus corridors, viaducts)",,LPI (Licitación Pública Internacional),50,U.S. dollars from the Ordinary Capital,,municipal government (Município of Santo André),B,5,
BR-L1405,False,0,,,energy,,,0,US$ dollars chargeable to the OC,,autonomous SOE,,6,
BR-L1406,False,,,,buildings,,,30,United States dollars from the Ordinary Capital (OC),,"subnational government (State of Ceará, through the Department of Labor and Social Development)",B,5,
BR-L1407,False,,,,none,,international competitive bidding,,,,subnational government departments - existing,C,,
BR-L1408,False,,,,buildings (health facilities),,,31.1,U.S. dollars from the Ordinary Capital,,"subnational government (State of Ceará, through its Department of Health)",,5,
BR-L1411,False,0,,,roads and neighborhood upgrading,,,50,U.S. dollars from the Bank's Ordinary Capital (OC),,"Municipal government (Município of Aracaju, through the Municipal Planning, Budget, and Management Department)",A,5,
BR-L1412,False,0,,,tourism infrastructure,,,50,U.S. dollars from the Bank's Ordinary Capital,,municipal government department,,5,
BR-L1414,False,0,,,buildings,,,50,U.S. dollars from the Ordinary Capital,,subnational government (Município of Fortaleza through Office of the Mayor),B,4,
BR-L1415,False,,,,buildings,,LPI (International Competitive Bidding),50,U.S. dollars,,Subnational government (Municipal Health Department),B,5,
BR-L1417,False,0,,,buildings,,,9,U.S. dollars from the Bank's Ordinary Capital,,subnational government department,B,5,
BR-L1421,,,,,,,"ICB, NCB",,,,Municipal government (Prefeitura Municipal de João Pessoa),A,,
BR-L1422,False,0,,,"urban infrastructure (streets, walkways, underground utilities)",,,50,U.S. dollars from the Ordinary Capital,,Municipality of Campo Grande (subnational government),,5,
BR-L1429,False,0,,,"health facilities (urgent care units, renovation and expansion of existing services)",,"International competitive bidding (ICB), National competitive bidding (NCB)",50,U.S. dollar (from the Ordinary Capital),,"Municipal government (Município of São Paulo, through Municipal Health Department)",B,,
BR-L1434,False,0,,,roads,89.2,"ICB, NCB",45.98,,,State government agencies (DER and SEIL) with newly established PMU staffed by existing DER/SEIL personnel,,,
BR-L1442,False,,,,energy,,,17,United States dollars,,autonomous SOE (national development bank),B,4,
BR-L1445,False,0,,,roads,,,50,U.S. dollars from the Ordinary Capital,,"Municipal government, acting through State Infrastructure Department (SEINFRA)",,5,
BR-L1487,False,,,,water/sanitation,,,50,United States dollars from the Ordinary Capital,,Salvador Municipal Government (subnational government),,5,
BR-L1490,True,,,,,,"ICB, NCB",,,,FINEP - Research and Projects Financing Agency,B,,
BR-L1491,False,,,,energy,,"ICB, NCB",26.8,United States dollars from the Ordinary Capital,,autonomous SOE,,5,
BR-L1492,False,,,,water/sanitation,95.6,,40,U.S. dollars from the Bank's Ordinary Capital,,autonomous SOE (state-owned sanitation company),,5.5,
BR-L1495,False,0,,,water/sanitation,72.9,"ICB, NCB, QCBS",33.33,United States dollar,,autonomous SOE,,5,
BR-L1497,,,,,urban development,,"ICB, NCB",,,,Municipal government (Prefeitura Municipal de Vitória),B,,
BR-L1498,False,0,,,none,,"ICB, NCB, QCBS",10.1,United States dollar,,"subnational government department (State Finance Department, SEFAZ/PI)",C,5,
BR-L1499,False,0,,,none,,,10,U.S. dollars,,"subnational government (State of Pará, State Finance Secretariat)",C,5,
BR-L1500,False,0,,,none,,,10,"U.S. dollars, with option for currency conversions",,subnational government - State Finance Department,,5,
BR-L1501,,,,,,,"ICB, NCB",,,,,,,
BR-L1502,False,,,,none,,,9.09,U.S. dollars,,subnational government - State Finance Department,C,5,
BR-L1503,False,,,,"roads, water/sanitation, energy, buildings",,"ICB, NCB",0,United States dollar,,autonomous SOE,,5,
BR-L1508,False,0,,,water/sanitation,,"ICB, QCBS",20,U.S. dollars,,subnational government (Município of Parauapebas),,5.5,
BR-L1511,False,0,,,none,,,10,United States dollars,,"subnational government (State of Mato Grosso do Sul, acting through its Department of the Treasury SEFAZ/MS)",C,5,
BR-L1513,,,,,,,"ICB, NCB",,,,,,,
BR-L1517,True,,,,none,,"ICB, NCB, QCBS",,,,subnational government - state finance department,C,,
BR-L1518,False,0,,,buildings,,"ICB, NCB",20,U.S. dollars from the Bank's Ordinary Capital,,Subnational government (State Health Department),,5,
BR-L1519,False,0,,,buildings,,International Competitive Bidding (ICB) and national competitive bidding,20,U.S. dollars from the Ordinary Capital,,"Subnational government - Município of Belo Horizonte, acting through its Municipal Health Department (SMSA)",B,5,
BR-L1520,False,0,,,urban infrastructure (small scale),,ICB,50,U.S. dollars,,"Autonomous state agencies (Serviço Social Autônomo Paranácidade and Agência de Fomento do Paraná, S.A. – Fomento Paraná)",B,4,
BR-L1521,False,,,,none,,,16.7,Dollars of the United States of America,,National Development Bank (BNDES),,4,
BR-L1523,False,0,,,health and sanitation,,,20,U.S. dollar,,Regional development bank (BRDE - Banco Regional de Desenvolvimento do Extremo Sul),,5,
BR-L1524,False,0,,,roads,,"ICB, NCB, QCBS",20,U.S. dollar,,subnational government department - Roads Department of the State of Espírito Santo (DER-ES),,6,
BR-L1525,False,,,,none,,,9,U.S. dollars,,subnational government department,,5,
BR-L1526,,,,,,,,,,,,,,
BR-L1527,False,0,,,none,,"ICB, NCB",9,U.S. dollar,,"subnational government (State of Paraná, acting through the Paraná State Finance Department)",C,5,
BR-L1528,False,,,,,,,2.5,United States Dollars,,"national government, Ministry of Agriculture, Livestock and Supply (MAPA)",,5,
BR-L1529,False,,,,,,,2.5,United States Dollars,,national government ministry,,5,
BR-L1532,False,0,,,urban transportation infrastructure,,"ICB, NCB, QCBS",20,U.S. dollar,,municipal government through newly created Technical-Administrative Management Unit (UTAG),,5,
BR-L1533,False,,,,,,"ICB, NCB",10,United States dollars,,"State of Bahia, through the Finance Department (SEFAZ/BA)",,5,
BR-L1534,False,0,,,none,,"ICB, NCB, direct contracting",10,U.S. dollar,,subnational government - State Finance Department,C,5,
BR-L1535,,,,,,,National competitive bidding,,,,State Finance Department,,,
BR-L1536,False,,,,water/sanitation,,"ICB, NCB, QCBS",20.1,U.S. dollar,,autonomous subnational agency,,5.5,
BR-L1539,,,,,,,,,,,,,,
BR-L1540,False,,,,none,,"ICB, NCB, single-source selection",10,U.S. dollar,,"subnational government (state), existing agency",,5,
BR-L1542,True,12.2,,,water/sanitation,,,20.0,United States dollars,,"subnational government (State of Piauí, through the Department of Planning (SEPLAN))",,6,
BR-L1543,False,0,,,none,,,0,United States dollars,,national government ministry,C,5,
BR-L1545,False,,,,buildings,,"ICB, NCB, QCBS",,,,State Secretariat for Justice - subnational government agency,B,,
BR-L1546,False,0,,,none,,"ICB, NCB",20,U.S. dollar,,"subnational government agency (State of Ceará), newly created program management unit",,5,
BR-L1547,False,,,,none,,,17,U.S. dollar,,National development bank (BNDES),,5,
BR-L1548,True,7.06,,,buildings,,direct contracting,18.59,,,subnational government - State Secretary of Education (SEDUC),,,
BR-L1549,,,,,,,,,,,,,,
BR-L1550,False,,,,none,,direct contracting,10,U.S. dollar,,State government department (subnational),,5,
BR-L1551,False,0,,,buildings,,,20,Dollars of the United States of America,,"subnational government (State of Paraná, through the State Department of Education and Sport)",,5,
BR-L1553,False,0,,,"water/sanitation, drainage, urban planning",,"ICB, QCBS",30,United States dollars,,"Subnational, Special Project Management Unit",,5,
BR-L1554,True,,,,none,0,,0,,,national government (Ministry of Citizenry and Ministry of Economy),C,1,
BR-L1555,False,0,,,none,,,0,U.S. dollars; disbursements in U.S. dollars with conversion to local currency,,Autonomous public financial entity with legal personality; not newly created,,2,
BR-L1556,False,0,,,none,,,0,U.S. dollars; disbursements in U.S. dollars,,Subnational autonomous SOE (state development bank); not newly created,,2,
BR-L1557,True,17,,,none,,,17,U.S. dollar disbursed to BNDES account in dollars,,"autonomous SOE (state-owned enterprise with legal status and own assets, not receiving federal budget funds)",,2,
BR-L1559,False,,,,none,,,0,U.S. dollar,,autonomous SOE,,1,
BR-L1560,False,0,,,none,,"ICB, NCB, QCBS",20,United States dollars,,subnational judicial branch,,5,
BR-L1562,False,,,,,,"National competitive bidding (NCB), Quality- and cost-based selection (QCBS), Single-source selection (SSS)",14.8,U.S. dollar,,National government ministry (Ministry of Agriculture and Supply - MAPA); with subexecuting agency: National Colonization and Agrarian Reform Institute (INCRA) for Component 2,,6,
BR-L1564,False,0,,,none,,single-source selection,20,U.S. dollar,,"subnational government, Planning and Management Department (SEPLAG) of State of Ceará",,5,
BR-L1565,False,0,,,none,,,40,U.S. dollar,,subnational government agency (state-level),,5,
BR-L1566,True,38,,,none,,"ICB, QCBS, IC",,United States dollar,,autonomous SOE (state development agency),,5,
BR-L1574,False,,,,water/sanitation,,"ICB, NCB",33,U.S. dollar,,autonomous SOE,,5,
BR-L1575,False,0,,,none,0,,0,U.S. dollar,,Municipal government - Finance Department (SEFIN),,4,
BR-L1576,,,,,,,,,,,,,,
BR-L1579,False,0,,,buildings,,,20,Dollars of the United States of America,,subnational government (Municipal Department of Education),,5,
BR-L1580,,,,,,,,,,,,,,
BR-L1582,True,45,,,sustainable infrastructure,,,,U.S. dollar,,State Development Agency,,4,
BR-L1583,False,0,,,buildings,,,20.18,United States dollars,,subnational government department,,5,
BR-L1588,False,0,,,housing and basic infrastructure,,ICB and NCB,20,United States dollar,,autonomous SOE (Paraná Housing Company),,5,
BR-L1589,False,,,,roads,,,20,U.S. dollar,,subnational government agency,,5,
BR-L1590,False,0,,,"housing, roads, urban infrastructure",,,20,U.S. dollar,,subnational government department,,5,
BR-L1591,False,,,,none,,,20,U.S. dollar,,subnational government office,,5,
BR-L1592,,,,,,,"ICB, NCB, SSS",,,,,,,
BR-L1594,False,0,,,water/sanitation,,NCB,6,United States dollar,,autonomous SOE (Joinville Water Company - CAJ),,5,
BR-L1596,False,,,,housing/buildings,,,1,U.S. dollar,,national government ministry,,5,
BR-L1597,False,,,,,,NCB,20,U.S. dollar,,Municipal government (Município of Porto Alegre through the Municipal Department for Planning and Strategic Affairs),,5,
BR-L1598,False,0,,,none,,"NCB, QCBS",20,U.S. dollar,,Municipal government department (Municipal Department for Planning and Strategic Affairs),,5,
BR-L1599,False,0,,,none,,,0,U.S. dollars,,Subnational government - State Ministry of Finance,,3,
BR-L1602,False,0,,,buildings,,,20,United States dollar,,subnational government department,,5,
BR-L1604,False,0,,,none,,,0,Dollars of the United States of America,,Autonomous SOE (state development bank),,4,
BR-L1605,,,,,,,"ICB, NCB, QCBS",,,,,,,
BR-L1606,False,0,,,health buildings,,NCB,20,U.S. dollar,,subnational government - municipal health department,,5,
BR-L1607,,,,,roads,,"ICB, NCB, QCBS",,,,State Highway Department (subnational),,,
BR-L1608,True,12.2,,,water/sanitation,,,20.0,United States dollars,,State government - Department of Planning (SEPLAN),,6,
BR-L1609,False,,,,"water/sanitation, flood control/macrodrainage, slope containment, residential improvements",,ICB,20,U.S. dollar,,Municipal government through newly-created Program Management Unit,,6,
BR-L1611,False,0,,,"roads, energy, industrial infrastructure",,NCB,0,U.S. dollar,,autonomous SOE (state-owned development bank),,,
BR-L1612,False,,,,buildings,,NCB,30,U.S. dollar,,State government department (Social Protection Department),,5,
BR-L1613,False,0,,,none,,,0,U.S. dollar,,State government department,,2,
BR-L1614,,,,,,,National competitive bidding; Quality- and cost-based selection,,,,,,,
BR-L1615,False,0,,,"water/sanitation, drainage and urban development",,,20,United States dollars,,"Subnational government (State of Amazonas), through Special Project Management Unit",,6,
BR-L1616,False,0,,,water/sanitation,,,20,United States dollar,,autonomous SOE,,5,
BR-L1617,,,,,,,"ICB, NCB, QCBS",,,,,,,
BR-L1618,,,,,,,"ICB, NCB, QCBS, SSS",,,,,,,
BR-L1619,False,,,,telecommunications infrastructure,,,1.5,Dollars of the United States of America,,national government ministry,,5,
BR-L1620,,,,,,,,,,,,,,
BR-L1621,False,0,,,buildings,,,20,United States dollar,,subnational government agency; Program Management Unit (UPG-PADEAM) under State of Amazonas,,5,
BR-L1622,True,50,,,none,,,0,U.S. dollar,,"subnational government, Municipal Department of Urban Mobility and Transportation",,5,
BR-L1623,True,9.5,,,,,,23.8,U.S. dollar,,State government department with subnational autonomous SOE as subexecuting agency,,6,
BR-L1625,False,,,,none,,,16.7,Dollars of the United States of America,,autonomous SOE (public development bank),,4,
BR-L1626,False,0,,,none,,"ICB, NCB",20,U.S. dollar,,State government department (State of Bahia Administration Department - SAEB),,5,
BR-L1627,False,,,,none,,,16.7,U.S. dollar,,national development bank,,5,
BR-L1629,False,0,,,none,,,9,U.S. dollar,,subnational government - State of Amazonas through its Finance Department (SEFAZ),,5,
BR-L1630,,,,,,,,,,,,,,
BR-L1633,,,,,sustainable infrastructure,,,,,,Financial Intermediary - Banco do Brasil S.A.,,4,
BR-L1635,False,0,,,none,0,,0,United States dollar,,national government ministry,,2,
BR-L1636,False,0,,,urban revitalization,,direct contracting,20,U.S. dollar,,municipal government department,B,6,
BR-L1637,True,50,,,energy,,,,U.S. dollar,,autonomous SOE (Banco do Nordeste do Brasil S.A.),,4,
BR-L1638,,,,,,,,,,,,,,
BR-L1639,False,,,,none,,,0,Dollars of the United States of America,,"national government, Ministry of Finance (MF) through the Secretary of the Treasury",,2,
BR-L1642,False,0,,,none,,,10.06,U.S. dollar,,Subnational government (State Finance Department - SEFAZ-GO),C,5,
BR-L1643,False,,,,none,,direct contracting,10,U.S. dollar,,subnational government - State Finance Department (SEFAZ),,5,
BR-L1647,False,,,,water/sanitation,,,20,U.S. dollar,,"subnational government (City of Belo Horizonte, Municipal Department of Works and Infrastructure)",A,6,
BR-L1653,False,0,,,"transportation, energy, and water infrastructure",,,0,U.S. dollar,,autonomous financial institution,FI,5,
BR-L1654,,,,,,,,,,,,,,
BR-L1656,False,,,,none,,,10,U.S. dollar,,subnational government (state-level finance department),C,5,
BR-L1658,False,,,,none,,,9.1,U.S. dollar,,national government - Executive Department of the Ministry of Finance,C,5,
BR-L1662,,,,,,,direct contracting,,,,,,,
BR-L1665,False,,,,buildings,,,19.4,United States dollars,,subnational government (Municipality of Joinville),B,6,
BR-L1667,,,,,,,"NCB, QCBS",,,,,,,
CH-L1001,False,0,,,none,,,0,United States dollars from the Single Currency Facility,,national government - Ministry of Economic Affairs,,1.5,
CH-L1004,False,0,,,urban rehabilitation,,,66,U.S. dollars from the Single Currency Facility,,national government (Regional and Administrative Development Branch - SUBDERE),,6,
CH-L1005,False,,,,none,,,,,,national government agency,,,
CH-L1006,False,,,,none,,,,,,Finance Ministry,,,
CH-L1008,,,,,,,,,,,,,,
CH-L1009,False,,,,none,,international public bidding,,,,national government agency (DIRECON),,3,
CH-L1012,False,,,,infrastructure,,ICB,,,,autonomous judicial administrative agency,,,
CH-L1014,False,0,,,,,,59,U.S. dollars from the Single Currency Facility,,National government autonomous corporation (CONADI - Corporación Nacional de Desarrollo Indígena),,5,
CH-L1018,,,,,,,,,,,,,,
CH-L1019,False,,,,none,,International competitive bidding (public),50,U.S. dollars from the Single Currency Facility of the Bank's Ordinary Capital,,Autonomous national development corporation (CORFO),,5,
CH-L1021,False,,,,,,International competitive bidding (ICB),,Ordinary Capital in U.S. Dollars with Local Currency Facility option for conversion to local currency,,Autonomous agency - Corporación Nacional Forestal (CONAF),,,
CH-L1022,False,,,,none,,,2.8,Local currency U.S. dollars from the Single Currency Facility,,national government ministry (Ministry of Education),C,2,
CH-L1023,False,0,,,"tourism infrastructure (restoration of heritage sites, tourism development investments)",,competitive bidding,38,U.S. dollars from the Single Currency Facility,,National government agency (National Tourism Service - SERNATUR),,5,
CH-L1024,False,,,,none,,,50,U.S. dollars from the Single Currency Facility with conversion to Chilean pesos via Local Currency Facility,,national government ministry,,3,
CH-L1025,False,,,,water/sanitation,,PDL operations (GN-2278-2),50,US$ from the Single Currency Facility with Conversion to Chilean Pesos Local Currency Facility,,national government (SUBDERE),,5,
CH-L1026,,,,,waste management infrastructure,,,,,,,,,
CH-L1032,False,,,,buildings,,,,Local currency conversion option,,national government - Ministry of Public Works,,,
CH-L1033,False,,,,urban development infrastructure,88.42,,52.2,"U.S. dollars from the OC Single Currency Facility, with option of conversion to Chilean pesos: Local Currency Facility",,national government - Office of the Deputy Secretary for Regional and Administrative Development (SUBDERE),,4.5,
CH-L1047,False,0,,,none,0,ICB,21.1,"U.S. dollars from the Single Currency Facility, with conversion to Chilean pesos via Local Currency Facility",,national government ministry (Ministry of Transport and Telecommunications),,3,
CH-L1053,False,,,,none,,Bank procedures per GN-2349-7 and GN-2350-7,,United States dollars from the Single Currency Facility,,National government - Ministry of Energy through the National Energy Commission (CNE),C,1.5,
CH-L1055,False,,,,none,,,1.67,Local currency U.S. dollars from the Single Currency Facility,,national government,C,2,
CH-L1058,False,0,,,none,,,20,U.S. dollars from the Single Currency Facility,,Autonomous agency - Corporación Administrativa del Poder Judicial [Administrative Office of the Chilean Courts],C,4,
CH-L1060,False,,,,none,,Bank policies (documents GN-2349-9 and GN-2350-9),28.7,U.S. dollars from the Single Currency Facility of the Bank's Ordinary Capital with a local currency option under the Local Currency Facility,,State Defense Council - autonomous state entity,,4,
CH-L1061,False,0,,,none,,Bank policies (documents GN-2349-9 and GN-2350-9),31,U.S. dollars from the Single Currency Facility of the Bank's Ordinary Capital; Conversion to Chilean pesos via Local Currency Facility,,National government (Office of the Deputy Secretary of Finance of the Ministry of Finance); execution unit to be created within the Office of the Deputy Secretary of Finance,,5,
CH-L1064,False,,,,none,,,34.5,U.S. dollars from the Ordinary Capital,,National government autonomous service agency under the Ministry of Labor and Social Welfare,,4,
CH-L1081,False,0,,,none,0,NCB,28.6,U.S. dollars from the Bank's Ordinary Capital (OC),,national government,,4,
CH-L1082,False,0,,,buildings,81.6,NCB,50,,,autonomous entity,,4,
CH-L1084,False,,,,heritage infrastructure and neighborhood physical infrastructure improvements,,international competitive bidding for works ≥US$5M and goods/services ≥US$350K; national procurement system for smaller amounts,50,U.S. dollars from the Ordinary Capital,,"national government ministry (Subsecretaría de Desarrollo Regional y Administrativo within Ministry of Interior), with program execution unit to be created",,5,
CH-L1085,False,0,,,none,,,50,U.S. Dollars from the Ordinary Capital,,"national government - Ministry of Finance, through the Subsecretariat of Finance (SSH)",,6,
CH-L1095,False,0,,,none,,,0,U.S. dollars from the Bank's Ordinary Capital,,national government (Ministry of Finance),,3,
CH-L1098,False,,,,none,,,0.25,U.S. dollars (from the Ordinary Capital),,Corporación de Fomento de la Producción (CORFO) - autonomous development agency,,4,
CH-L1105,False,0,,,none,,,6.65,U.S. dollars from the Ordinary Capital (O.C.),,Autonomous SOE (Corporación de Fomento de la Producción - CORFO),C,4,
CH-L1110,False,0,,,none,,,,U.S. dollars from the Bank's Ordinary Capital (OC),,national government - Ministry of Finance,,1,
CH-L1111,False,0,,,none,,,0,United States dollars from the Bank's Ordinary Capital,,national government - Ministry of Finance,B13,1,
CH-L1134,False,,,,none,,,0,U.S. dollars from the Ordinary Capital,,"national government, Ministry of Economy, Development, and Tourism (MINECON), through the Economy and Small Business Branch",,1,
CH-L1135,False,0,,,none,,,0,U.S. dollars from the Ordinary Capital,,"national government - Ministry of Labor and Social Welfare (MTPS), acting through the Office of the Undersecretary of Labor",,2,
CH-L1136,False,0,,,none,,,0,U.S. dollars from the Ordinary Capital,,national government ministry,,2,
CH-L1138,False,0,,,none,,,0,U.S. dollars from the Bank's Ordinary Capital,,"Office of the Secretary and General Administration of Chile's Ministry of Finance, with a project execution unit (PEU) to be created specifically for the program",C,4,
CH-L1142,False,,,,none,,ICB,50,U.S. dollar,,national government ministry,C,5,2020-12-11
CH-L1145,False,0,,,none,0,,0,U.S. dollar,,national government ministry,,2,
CH-L1148,False,0,,,none,,,0,United States dollar,,"national government - Ministry of Science, Technology, Knowledge, and Innovation (MCTCI)",,2,
CH-L1149,False,0,,,none,,,0,United States dollar,,national government - Ministry of Finance via Budget Office,,2,
CH-L1157,False,0,,,none,,,0,U.S. dollar,,national government - Ministry of Finance,,1,
CH-L1159,False,0,,,none,,,0,U.S. dollars,,national government - Ministry of Energy,,2,
CH-L1160,False,0,,,none,,,0,United States dollar,,national government,,2,
CH-L1163,False,,,,housing/urban integration,,,,United States dollars,,national government ministry,,4,
CH-L1164,False,,,,none,,,,United States dollar,,national government - Budget Directorate (DIPRES) of the Ministry of Finance,,2,
CH-L1165,False,0,,,none,,,0,U.S. dollar (US$),,"national government, Ministry of Energy (MINENERGIA)",,2,
CH-L1166,False,,,,none,,,,United States dollar,,"national government, Budget Directorate (DIPRES) of the Ministry of Finance",,2,
CH-L1167,False,0,,,none,,,0,U.S. dollar,,autonomous SOE (Production Development Corporation - CORFO),,5,
CH-L1168,False,0,,,,,,0,U.S. dollars,,autonomous SOE (Production Development Corporation),,6,
CH-L1169,False,0,,,none,,,0,United States dollar,,"national government agency (Digital Government Division of the General-Secretariat of the Presidency), existing agency",,5,
CH-L1171,False,0,,,none,,,0,U.S. dollars,,national government ministry,,5,
CH-L1172,False,0,,,none,,,0,U.S. dollar,,national government ministry through Presidential advisory commission,,1,
CH-L1174,False,0,,,none,,,0,United States dollar,,national government,,1,
CH-L1176,,,,,,,,,,,,,,
CH-L1178,False,0,,,none,,"Quality- and cost-based selection, Direct contracting",0,United States dollars,,"national government, existing agency (Public Procurement and Contracting Office - ChileCompra)",,4,
CH-L1179,False,0,,,none,0,,0,U.S. dollar,,"national government, Ministry of the Environment",,2,
CH-L1180,,,,,,,,,,,,,,
CH-L1181,False,,,,none,,,50,U.S. dollar,,national government (Ministry of Finance),,3,
CH-L1182,False,0,,,"water/sanitation, energy",,"ICB, NCB",0,U.S. dollar,,autonomous SOE (joint stock company),,4,
CH-L1186,,,,,,,,,,,,,,
CH-L1187,False,0,,,none,,competitive bidding,0,U.S. dollar,,national government - Ministry of Labor and Social Security acting through the Office of the Deputy Secretary for Social Security,C,4,
CO-L1001,,,,,roads,,,,,,autonomous SOE (MetroCali S.A.),,,
CO-L1002,False,0,,,infrastructure and service projects related to public service delivery,,,0,United States dollars from the Single Currency Facility; conversion to Colombian pesos via Local Currency Facility,,Financiera de Desarrollo Territorial S.A. (FINDETER),,3,
CO-L1003,False,0,,,rural social housing / residential buildings,,,25,US dollar,,national government ministry,,3.5,
CO-L1005,,,,,energy,,"ICB, NCB",,,,municipal utility,,,
CO-L1007,False,0,,,none,,,0,U.S. dollars,,national government,,1,
CO-L1008,False,0,,,none,,International competitive bidding,30.1,U.S. dollars from the Single Currency Facility,,National government - autonomous administrative department (DANE),,3,
CO-L1009,False,0,,,none,,,0,U.S. dollars from the Single Currency Facility,,"National Federation (autonomous producer organization), not newly created",,4,
CO-L1010,False,0,,,buildings,,"ICB, NCB",33.3,U.S. dollars from the Single Currency Facility,,subnational government department,,4,
CO-L1011,False,0,,,,,International competitive bidding (ICB),33.3,U.S. dollars from the Single Currency Facility,,Subnational government (Bogotá Distrito Capital),,4,
CO-L1012,False,0,,,water/sanitation and infrastructure,,,0,United States dollars from the Single Currency Facility with conversion to Colombian pesos via Local Currency Facility,,Autonomous financial institution (Financiera de Desarrollo Territorial S.A. - FINDETER),,3,
CO-L1014,False,0,,,none,0,,0,U.S. dollars,,"national government ministry (Ministry of Finance through the Office of the Deputy Technical Minister, with National Planning Department as technical coordinator)",,0.5,
CO-L1016,,,,,roads,,,,,,subnational government - Physical Infrastructure Secretariat of the Antioquia Governor's Office,,,
CO-L1017,False,0,,,health services networks,,,0,US dollars from the Single Currency Facility of the Bank's Ordinary Capital,,Ministry of Social Protection (MPS) - national government ministry,,3,
CO-L1018,False,,,,housing and neighborhood improvement,,"ICB, NCB",,,,"Ministry of the Environment, Housing, and Territorial Development",,,
CO-L1019,False,,,,roads,94.6,,73.9,U.S. dollars from the Single Currency Facility,,national government autonomous agency,,8,
CO-L1021,True,,,,none,0,"ICB, QCBS",0,U.S. dollars from the Single Currency Facility,,Presidential Agency for Social Action and International Cooperation (Acción Social) - national government agency,,2.5,
CO-L1026,False,0,,,none,,,,U.S. dollars with conversion to Colombian pesos via Local Currency Facility,,national government - Ministerio de Hacienda y Crédito Público (Ministry of Finance),,1,
CO-L1027,,,,,,,,,,,,,,
CO-L1028,False,0,,,water/sanitation,,,37,U.S. dollars from the Single Currency Facility,,autonomous SOE,,6,
CO-L1034,False,0,,,water/sanitation,,"ICB (International Competitive Bidding), competitive dialogue procurement / request for nonbinding proposals",22.6,U.S. dollars from the Single Currency Facility,,autonomous municipal utility (Empresas Públicas de Medellín E.S.P.),,6,
CO-L1041,False,0,,,none,,,0,U.S. dollars from the Single Currency Facility,,National government agencies: Supreme Judicial Council (SJC) and Ministry of the Interior and Justice (MIJ),C,5.5,
CO-L1052,False,0,,,"infrastructure and service projects relating to public service delivery, including residential public utilities, tourism, education, health, and transportation infrastructure",,"In accordance with Bank policies, as established in the Credit Regulations",0,U.S. dollars from the Single Currency Facility,,Financiera de Desarrollo Territorial S.A. (FINDETER) - a development financial institution acting as regional and local development agency,,3,
CO-L1059,,,,,,,,,,,,,,
CO-L1063,False,,,,none,,,0,U.S. dollars,,national government,C,1,
CO-L1065,False,,,,none,,,0,,,national government,C,5,
CO-L1066,False,,,,none,0,,0,U.S. dollars with option to convert to Colombian pesos via Local Currency Facility,,National government - Ministry of Finance in coordination with National Planning Department (DNP),,1,
CO-L1072,False,,,,none,,,0,U.S. dollars from the Single Currency Facility of the Ordinary Capital,,"National government - Ministerio de Hacienda y Crédito Público (Ministry of Finance), through its Dirección General de Apoyo Fiscal (Fiscal Support Office)",,1,
CO-L1076,False,,,,none,,,,,,,,,
CO-L1078,False,,,,none,,,50,"U.S. dollars from the Single Currency Facility, with option to convert to Colombian pesos from the Local Currency Facility though conversion indicated as No",,"Autonomous SOE - Banco de Comercio Exterior de Colombia, S.A. (Bancóldex)",,4,
CO-L1079,False,0,,,water/sanitation,,,0,"U.S. dollars, with possible conversion to Colombian pesos through the Local Currency Facility",,"national government (Ministry of Finance, in coordination with the National Planning Department)",,1,
CO-L1082,True,50,,,none,,N/A,50,U.S. dollars from the Single Currency Facility,,"Banco de Comercio Exterior de Colombia, S.A. (Bancóldex) - second-tier lending institution",,4,
CO-L1090,False,0,,,none,,,0,U.S. dollars from the Single Currency Facility with local currency option (LCF),,National government - National Planning Department (DNP),,1,
CO-L1091,True,6.25,,,public transportation infrastructure,,,,U.S. dollars from the Single Currency Facility of the Ordinary Capital,,national government ministry with support of local management authorities designated by municipios,,5,
CO-L1092,False,0,,,none,,,0,U.S. dollars from the Single Currency Facility of the Ordinary Capital,,"Administrative Department for Science, Technology, and Innovation (Colciencias) - national government",,3,
CO-L1093,False,0,,,buildings,,,0,"US dollars from the Single Currency Facility, with option of converting to Colombian pesos via Local Currency Facility",,national government,B,3,
CO-L1094,False,0,,,none,,,0,United States dollars,,national government through BANCOLDEX as administrator,,4,
CO-L1096,False,,,,none,,,,U.S. dollars,,"autonomous SOE (Bancóldex, a second-tier development bank)",,4,
CO-L1097,False,,,,none,,,,,,,C,,
CO-L1098,False,0,,,none,,,0,U.S. dollars from the Single Currency Facility of the IDB Ordinary Capital,,National government agency - Procuraduría General de la Nación (Office of the Attorney General),,4.5,
CO-L1101,False,,,,transport infrastructure,,,30.84,U.S. dollars from the Single Currency Facility of the OC; Option for conversion to LCF: Colombian pesos,,"Ministry of Transport, acting through MetroCali S.A. (MC)",,3,
CO-L1102,False,0,,,none,,,0,U.S. dollars from the Ordinary Capital,,"National government agencies - National Planning Department (DNP) acting through the National Citizen Services Program (PNSC), and the National Public Contracting Agency – Colombia Compra Eficiente (ANCP)",,5,
CO-L1103,False,0,,,none,,,0,U.S. dollars from the Single Currency Facility of the Bank's Ordinary Capital. Option for conversion to Colombian pesos: Local Currency Facility,,"National government - Ministry of Finance (MHCP), through the National Planning Department (DNP)",,1,
CO-L1105,False,0,,,water/sanitation,,,0,U.S. dollars from the Ordinary Capital resources,,national government ministry,,5,
CO-L1109,False,,,,none,,,0,,,national government (DNP and MT as dual executing agencies),,5,
CO-L1111,False,0,,,none,,,0,U.S. dollars from the Ordinary Capital,,national government ministry,,4,
CO-L1112,False,,,,none,,,0,United States dollars from the OC,,"national government - Ministry of Finance and Public Credit (MHCP), in technical coordination with the National Planning Department (DNP)",,1,
CO-L1117,False,0,,,none,0,,0,U.S. dollars from the FFF (Flexible Financing Facility) of the Ordinary Capital,,"National government ministry (Ministry of Finance), not newly created",,1,
CO-L1119,True,,,,none,,"ICB, NCB",0,U.S. dollars,,national government,B,5,
CO-L1124,True,24.8,,,sustainable urban transport systems,,,24.5,,,,,,
CO-L1125,,,,,water/sanitation,,"ICB, NCB",,,,,,,
CO-L1126,False,0,,,none,,,75.76,U.S. dollars from the Bank's Ordinary Capital,,national government,,4,
CO-L1127,False,0,,,none,,,0,U.S. dollars from the Bank's Ordinary Capital,,"national government - Ministry of Finance and Public Credit (MHCP), in technical coordination with the National Planning Department (DNP)",,1,
CO-L1128,False,0,,,none,,,0,United States dollars from the Ordinary Capital,,"Ministry of Finance and Public Credit, in technical coordination with the National Planning Department (DNP) - national government",,1,
CO-L1131,False,0,,,none,,,0,U.S. dollars from the Ordinary Capital,,"National Planning Department (DNP), national government",,5,
CO-L1132,False,0,,,none,,,50,U.S. dollars from the Bank's Ordinary Capital,,"Autonomous SOE - Banco de Comercio Exterior de Colombia S.A. (Bancóldex), not newly created",,4,
CO-L1133,,,,,"roads, public spaces, housing, public utilities",,"ICB, NCB",,,,"Autonomous SOE (Financiera de Desarrollo Territorial S.A. - FINDETER), with multiple beneficiary entities including Municipality of District of Barranquilla, Department of Atlántico, Barranquilla Metropolitan Area, and decentralized entities and public utility companies",,,
CO-L1138,,,,,,,,,,,,,,
CO-L1140,,,,,,,,,,,,,,
CO-L1141,False,,,,none,,,0,U.S. dollars from the Bank's Ordinary Capital,,"national government - Ministry of Finance and Public Credit (MHCP), in technical coordination with the National Planning Department (DNP)",,1,
CO-L1142,,,,,none,,,0,U.S. dollars from the Bank's Ordinary Capital,,national government - Ministry of Finance (MHCP),,1,
CO-L1144,False,0,,,none,,,0,U.S. dollars from the Ordinary Capital (OC),,national government,,1,
CO-L1154,False,0,,,none,,,0,U.S. dollars from the Ordinary Capital (OC),,autonomous national government agency (Office of the Comptroller General of the Republic),,5,
CO-L1155,False,0,,,urban infrastructure and services,,"national legislation for procurement and contracting below ICB threshold; ICB for contracts above threshold; direct contracting for consultants below US$500,000",0,US Dollars from the Bank's Ordinary Capital,,"autonomous SOE - FINDETER (Financiera del Desarrollo Territorial S.A.), not newly created",,5,
CO-L1156,,,,,"water/sanitation, energy",,"ICB, NCB",,,,National Disaster Risk Management Unit (UNGRD),,,
CO-L1161,True,,,,energy,,,0,US Dollars,,public bank / national government financial institution,"FI-2 (Financial Intermediary, medium risk)",5,
CO-L1162,False,0,,,none,0,,0,U.S. dollars from the Ordinary Capital,,national government (Ministry of Finance in technical coordination with National Planning Department),,1,
CO-L1163,False,,,,none,,,0,United States dollars from the Ordinary Capital,,National government ministry - Ministry of Finance and Public Credit,,1,
CO-L1164,True,,,,none,,ICB,0,U.S. dollar,,national government agencies,A,5,
CO-L1165,False,,,,urban development and public utilities,,ICB and national legislation below ICB threshold,,U.S. dollars from the Bank's Ordinary Capital,,"FINDETER (Financiera de Desarrollo Territorial S.A.), a financial intermediary institution",,5,2020-04-08
CO-L1166,False,,,,,,"ICB, NCB",,U.S. dollars from the Ordinary Capital,,"Department of the Presidency of the Republic (DAPRE), through the Colombia Peace Fund",,5,
CO-L1214,True,11,,,none,,,,U.S. dollars from Ordinary Capital resources and the China Cofinancing Fund,,national government - Ministry of Finance and Public Credit (MHCP),,1,
CO-L1217,False,0,,,none,,,0,U.S. dollars from the Ordinary Capital,,national government (Ministry of Finance and Public Credit in technical coordination with the National Planning Department and the Ministry of Mines and Energy),,1,
CO-L1227,False,0,,,none,,,0,United States dollars,,national government (Ministry of Finance),,1,
CO-L1228,True,33,,,none,,,33,United States dollars,,public development bank (Bancóldex),,4,
CO-L1229,,,,,none,,,,,,national government,C,,
CO-L1232,False,0,,,water/sanitation,,"ICB, NCB",0,U.S. dollars,,national government,B,5,
CO-L1233,True,14,,,none,,,,United States dollar,,national government - Ministry of Finance,,1,
CO-L1234,True,64.29,,,rail,,ICB,,U.S. dollars from the Ordinary Capital,,"autonomous SOE, newly created",A,5.5,
CO-L1236,False,0,,,none,,"ICB, NCB",0,United States dollars,,"autonomous constitutional entity (Ombudsman's Office), not newly created",C,4.5,
CO-L1237,False,0,,,none,,,0,U.S. dollars,,national government - Ministry of Finance and Public Credit (MHCP) in technical coordination with the National Planning Department (DNP) and the Ministry of Mines and Energy (MME),,1,
CO-L1241,False,,,,none,,"ICB, NCB",0,United States dollar,,national government ministry,,5,
CO-L1242,True,,,,water/sanitation,,"ICB, NCB",,Colombian pesos for the loan component and U.S. dollars for the nonreimbursable financing component,,national government,,5,
CO-L1243,False,0,,,none,0,,0,United States dollars,,national government - Administrative Department of the Presidency of the Republic (DAPRE),,4,
CO-L1245,False,0,,,none,,,0,U.S. dollar,,"Special Administrative Unit, National Tax and Customs Directorate (DIAN)",C,5,
CO-L1248,True,1.37,,,none,,,,U.S. dollar,,national government ministry,,3,
CO-L1250,True,9.95,,,none,,"ICB, NCB",0,U.S. dollar,,national government,,5,
CO-L1251,False,0,,,none,,"ICB, NCB",0,U.S. dollar,,National government autonomous agency,C,4,
CO-L1252,False,0,,,none,,,0,U.S. dollars,,national government - Ministry of Finance,,1,
CO-L1254,False,,,,none,,,0,U.S. dollar,,national government - Ministry of Finance,,1,
CO-L1255,True,50,,,none,,,50,U.S. dollar,,Autonomous SOE - public bank,,4,
CO-L1256,False,0,,,none,,,0,U.S. dollars,,National government agencies: Superior Council of the Judiciary (CSJ) and the Ministry of Justice and Law (MJD),,4,
CO-L1258,True,2.78,,,energy,,,,"COP for IDB resources, US$ for CTF resources",,public financial institution - Banco de Comercio Exterior de Colombia S.A. (Bancoldex),,4,
CO-L1261,False,0,,,none,,"ICB, NCB",0,U.S. dollar,,autonomous national institute - Colombian Family Welfare Institute (ICBF),,4,
CO-L1263,False,0,,,none,,ICB,0,U.S. dollars,,national government,,4,
CO-L1265,False,0,,,none,,,0,U.S. dollars,,national government,,5,
CO-L1266,False,0,,,none,,ICB,0,U.S. dollars,,national government autonomous agency,,4,
CO-L1268,False,0,,,none,,,0,U.S. dollar,,national government - Ministry of Finance,,1,
CO-L1271,False,0,,,none,,ICB,0,United States dollar,,national government,,5,
CO-L1272,True,5.54,,,none,,,,U.S. dollars,,national government - Ministry of Finance,,1,
CO-L1274,True,,,,none,,,,U.S. dollar,,national government,,1,
CO-L1282,True,21.4,,,rail,,,70.4,U.S. dollars,,autonomous SOE,,5,
CO-L1283,False,0,,,none,,,0,U.S. dollars,,national government,,1,
CO-L1286,False,,,,none,,,0,U.S. dollars from the Ordinary Capital,,national government ministry,,3,
CO-L1287,,,,,,,,,,,,,,
CO-L1288,False,,,,none,,,0,United States dollar,,national government (Ministry of National Education),,5,
CO-L1289,True,,,,none,,,,United States dollars,,autonomous SOE,,4,
CO-L1291,False,0,,,none,,,0,U.S. dollar,,national government (Ministry of Finance),,1,
CO-L1299,False,0,,,infrastructure (multisector),,,3.4,U.S. dollars drawn from the Ordinary capital,,national development bank (Financiera de Desarrollo Territorial S.A - Findeter),,5,
CO-L1302,True,16.7,,,none,,,,U.S. dollar,,national government - Ministry of Finance,,1,
CO-L1310,False,0,,,none,,,0,United States Dollars,,autonomous national agency,C,5,
CO-L1311,True,22.69,,,rail,,international competitive bidding,64.7,U.S. dollar,,autonomous SOE,,5,
CO-L1318,False,0,True,,none,,"Licitación Pública Nacional (LPN), Comparación de Precios, Consultores Individuales",12.05,U.S. dollar,,National government agency - Office of the Inspector General (PGN),C,5,
CR-L1001,,,,,,,,,,,,,,
CR-L1009,,,,,energy,,"ICB, NCB",,,,autonomous SOE,,,
CR-L1023,False,0,,,roads,,,20,U.S. dollars from the Single Currency Facility with option of converting to Costa Rican colones via Local Currency Facility,,National government ministry (Ministry of Public Works and Transportation) through the Public Works Division,,5,
CR-L1024,True,53.1,,,water/sanitation,,,24.1,U.S. dollars from the Single Currency Facility,,autonomous SOE (Instituto Costarricense de Acueductos y Alcantarillado / Costa Rican Water and Sewer Institute),,6,
CR-L1031,,,,,,,,,,,,,,
CR-L1032,True,11.11,,,roads and port infrastructure,,,0,United States dollars,,national government ministry,,6,
CR-L1043,,,,,,,,,,,,,,
CR-L1049,True,,,,energy,,"ICB, NCB",,,,autonomous SOE,,,
CR-L1065,False,0,,,roads,,,5.3,U.S. dollar,,national government - Ministry of Public Works and Transportation (MOPT),,5,
CR-L1066,,,,,,,"ICB, NCB",,,,,,,
CR-L1081,False,0,,,none,,,0,U.S. dollars,,national government - Ministry of Finance,,1,
CR-L1135,False,0,,,roads and water/sanitation,,,0,United States dollars,,national government - National Risk Prevention and Emergency Response Committee (CNE),,1,
CR-L1137,False,0,,,buildings,,"ICB, NCB, QCBS",,U.S. dollar,,national government ministry with newly created deconcentrated agency with budgetary autonomy,B,5,
CR-L1139,False,,,,roads,,,29.8,U.S. dollars,,national government,,5,
CR-L1142,True,39.47,,,none,,,0,U.S. dollar,,"national government, Ministry of Finance",,1,
CR-L1144,False,,,,none,,direct contracting,,U.S. dollars,,national government ministry,,2,
CR-L1145,False,0,,,none,,,0,U.S. dollar,,national government - Ministry of Finance,,1,
CR-L1147,True,38.6,,,none,,,0,U.S. dollar,,national government,,1,
CR-L1151,True,10,,,roads,,,,United States dollar,,national government ministry,,5,
CR-L1152,,,,,,,,,,,,,,
CR-L1156,False,0,,,none,,,0,United States dollar,,national government,,1,
CR-L1157,,,,,energy,,"ICB, NCB",,,,autonomous SOE,,,
DR-L1001,False,,,,none,,,,,,"Monetary Board secretary with coordination among Monetary Board, BCRD, Superintendency of Banks, and Banco Nacional de la Vivienda",,,
DR-L1003,False,0,,,none,,"ICB, NCB",17,U.S. Dollars from the Single Currency Facility,,"national government agency - Technical Secretariat of the Office of the President, through the National Statistics Office (ONE)",,5,
DR-L1005,,,,,none,,ICB,,,,national government - Ministry of Finance,,,
DR-L1008,True,,,,roads,,"ICB, NCB",,,,national government - Ministry of Public Works and Communications (SEOPC),B,,
DR-L1014,False,0,,,none,,,0,US dollars,,national government,,1,
DR-L1016,False,0,,,none,,,28,U.S. dollars,,autonomous government agency,,4,
DR-L1026,True,57.7,,,energy,,,10.2,U.S. dollars from the Single Currency Facility,,autonomous state-owned corporation (CDEEE) acting through specialized unit (UERS),,4,
DR-L1031,False,0,True,,none,,,12.5,U.S. dollars from the Bank's Ordinary Capital Single Currency Facility,,national government - Ministry of Agriculture,,5,
DR-L1032,False,0,,,buildings,,,17,U.S. dollars from the Single Currency Facility,,national government - Ministry of Education,B,3,
DR-L1034,True,,,,energy,,International Competitive Bidding (ICB),0,U.S. dollars from the Ordinary Capital,,Autonomous state-owned corporation (Corporación Dominicana de Empresas Eléctricas Estatales / Dominican Corporation of State-owned Electric Power Companies),,4,
DR-L1035,False,0,,,tourism infrastructure,,,3.7,U.S. dollars from the Single Currency Facility of the Bank's Ordinary Capital,,national government ministry,,5,
DR-L1036,True,,,,none,,,9,U.S. dollars,,national government,,5,
DR-L1039,False,0,,,none,,,0,U.S. dollars from the Single Currency Facility,,Social Policy Coordination Council,,1.5,
DR-L1041,True,50,,,water/sanitation,,,0,U.S. dollars from the Single Currency Facility,,national government (Instituto Nacional de Aguas Potables y Alcantarillados - National Water and Sanitation Institute),,5,
DR-L1044,False,0,,,none,,,0,U.S. dollars from the Single Currency Facility,,National government agency - Gabinete de Coordinación de Políticas Sociales (Social Policy Coordination Council),,2,
DR-L1045,,,,,none,,,,,,,,,
DR-L1046,False,,,,none,,,3.23,US dollars from the SCF,,national government,,1,
DR-L1047,,,,,,,,,,,,,,
DR-L1048,False,0,,,none,,Bank policies and procedures GN-2349-9 and GN-2350-9,9.1,U.S. dollars from the Single Currency Facility of the Bank's Ordinary Capital,,"Ministry of Agriculture, through its Project Execution Office (PEO)",,5,
DR-L1050,False,0,,,none,,,0,U.S. dollars from the Single Currency Facility,,national government - Ministry of Finance,,1,
DR-L1053,False,0,,,none,,,0,United States dollars,,national government,,3,
DR-L1054,False,0,,,none,,,8.33,U.S. dollars from the Bank's Ordinary Capital,,national government (Ministry of Agriculture),,6.0,
DR-L1056,False,0,,,buildings,,"ICB, NCB, QCBS",23.08,U.S. dollars,,national government ministry,,3,
DR-L1057,False,,,,water/sanitation,,Bank policies (documents GN-2349-9 and GN-2350-9),0,U.S. dollars from the Bank's Ordinary Capital,,autonomous SOE (Water Supply and Sewer Corporation),,5,
DR-L1058,False,0,,,none,,,0,U.S. dollar (US$),,national government,,1,
DR-L1059,False,0,,,none,,,0,U.S. dollars from the Bank's Ordinary Capital,,national government - Social Policy Coordination Council (GCPS),C,3,
DR-L1064,False,0,,,none,,,0,U.S. dollars from the Bank's Ordinary Capital,,national government - Ministry of Finance,,1,
DR-L1065,False,0,,,none,,"LPN, CD, CP, LPI, CI",12,United States dollars from the Ordinary Capital,,national government ministry,,5,
DR-L1067,False,0,,,none,,,0,U.S. dollars from the Bank's Ordinary Capital,,national government ministry,C,4,
DR-L1068,False,0,,,"roads, water/irrigation",,licitación pública internacional (international competitive bidding),8.6,U.S. dollars from the Ordinary Capital,,national government ministry (Ministry of Agriculture and Ministry of Public Works and Communications),,5,
DR-L1069,False,0,,,buildings,,"LPI (international public tender), LPN (national public tender), SD (direct contracting), SBCC (selection based on consultants' qualifications)",0,U.S. dollars from the Ordinary Capital,,national government ministry,C,4,
DR-L1070,False,,,,none,,,16.7,U.S. dollars from the Bank's Ordinary Capital,,Ministry of Finance - national government,C,5,
DR-L1072,False,,,,none,,,,US dollars,,,,,
DR-L1073,False,,,,none,0,,0,United States dollars,,national government - Ministry of Finance,,1,
DR-L1077,False,,,,none,,"NCB, international competitive bidding, short-list with international consultants",,US$,,national government - Ministry of Education (MINERD) International Cooperation Office (OCI),C,3.5,
DR-L1079,False,0,,,none,,,0,U.S. Dollars from the Ordinary Capital (OC),,Ministry of Finance (national government),,1,
DR-L1080,False,0,,,buildings,,,0,U.S. dollars,,national government - Gabinete de Coordinación de Políticas Sociales [Social Policy Coordination Office] (GCPS),B,5,
DR-L1084,False,,,,urban rehabilitation and heritage,,international competitive bidding (licitación pública internacional),,,,"national government ministry (Ministry of Tourism, MITUR)",B,,
DR-L1116,False,,,,none,,,3.23,US dollars from the SCF,,National government ministry (Ministry of Finance) for PBP; autonomous national-level council (Executive Office of the National Competitiveness Council) for TC Loan,,5,
DR-L1117,False,0,,,none,,,0,U.S. dollars from the Ordinary Capital,,national government agencies - Dirección General de Impuestos Internos (DGII) for Component I and the Ministry of Finance for Component II,C,5,
DR-L1121,False,0,,,none,,,0,U.S. dollar,,national government,,1,
DR-L1122,True,48,,,energy,,"ICB, QCBS",,,,autonomous SOE,B,4,
DR-L1127,,,,,,,licitación pública internacional,,,,,,,
DR-L1128,False,0,,,energy,,"ICB, NCB",0,United States dollar,,autonomous SOE,B,4,
DR-L1132,True,50,,,none,,,,United States dollars,,national government - Ministry of Finance,,1,
DR-L1134,False,,,,roads,29.58,international competitive bidding (licitación pública internacional),0,,,Technical Execution Unit for Agroforestry Development Projects (UTEPDA) with multisectoral governance structure,,5,
DR-L1135,False,0,,,roads,29.48,ICB,0,,,Technical Execution Unit for Agroforestry Development Projects (UTEPDA) - specialized unit with multisectoral governance structure,,5,
DR-L1137,False,0,,,buildings,7.4,"ICB (LPI - Licitación Pública Internacional), direct contracting (Contratación Directa), SBCC",0,United States Dollars,,national government ministry,,5,
DR-L1140,True,50,,,none,0,,0,U.S. dollar,,national government - Ministry of Finance,,1,
DR-L1141,False,0,,,port infrastructure,,"ICB, NCB, QCBS",0,United States dollars,,national government ministry with existing execution unit,,5,
DR-L1142,False,0,,,none,,,0,U.S. dollars,,national government ministry,,5,
DR-L1144,True,44.4,,,none,,,,U.S. dollars,,national government - Ministry of Finance,,1,
DR-L1146,True,20,,,,,,,United States dollar,,Ministry of Finance,,1,
DR-L1147,False,0,,,,,ICB,0,U.S. dollar,,autonomous agency - Dominican Telecommunications Institute (INDOTEL),,5,
DR-L1149,,,,,,,,,,,,,,
DR-L1150,,,,,,,,,,,,,,
DR-L1151,False,0,,,roads,,,0,U.S. dollars,,"national government, Ministry of Public Works and Communications (MOPC), through existing execution unit (UEPFRE)",,5,
DR-L1152,False,0,,,buildings,,ICB,0,U.S. dollar,,national government - Directorate General of the Supérate Program (DGPS),,5,
DR-L1154,False,0,,,coastal restoration,,"ICB, NCB, QCBS",0,U.S. dollar,,national government ministry,,5,
DR-L1155,False,0,,,none,,"ICB, NCB",0,U.S. dollar,,"national government, Ministry of Labor",,4,
DR-L1156,True,59,,,waste management,,"ICB, QCBS",,U.S. dollar,,national government ministry,,5,
DR-L1157,True,21,,,none,,"comparación de precios, compras menores",,United States dollar,,national government (Ministry of Agriculture),,5,
DR-L1158,True,31.6,,,water/sanitation,,,26.3,U.S. dollars,,national government (National Water and Sewer Institute - INAPA),,5,
DR-L1161,True,6,,,water/hydraulic structures,,"ICB, NCB",2,U.S. dollars,,autonomous national institute (INDRHI - National Water Resources Institute),,6,
DR-L1162,True,25,,,none,,,0,United States dollars,,national government - Ministry of Finance,,2,
DR-L1165,False,0,,,water/sanitation,,ICB,0,U.S. dollar,,national government autonomous institute,,5,
DR-L1166,False,0,,,bridges,,,0,U.S. dollars,,"national government ministry, through existing execution unit",,5,
DR-L1167,,,,,,,,,,,,,,
DR-L1168,True,,,,roads,,"ICB, QCBS",,,,Execution unit for externally financed projects (national government),,,
DR-L1172,False,0,,,water/sanitation,,,0,U.S. dollar,,national government (Instituto Nacional de Aguas Potables y Alcantarillados - National Water and Sewer Institute),B,5,
EC-L1001,False,,,,none,0,"international competitive bidding for goods ≥US$350,000 and consulting services ≥US$200,000; national procedures below those thresholds",20.55,U.S. dollar from the single currency facility,,"national government ministry (Ministry of Foreign Trade, Industrialization, Fisheries, and Competitiveness); not newly created",,3.5,
EC-L1004,False,0,,,none,,,0,United States dollars from the Single Currency Facility,,national government - Ministry of Economy and Finance,,,
EC-L1006,False,0,,,historic center rehabilitation / basic infrastructure,,"ICB, LCB",20,Single Currency Facility,,autonomous development corporation (ECH - Quito Historic Center Development Corporation),,4,
EC-L1017,,,,,neighborhood upgrading,,,,,,municipal government with mixed public-private enterprise (EMDUQ),,,
EC-L1018,True,16.2,,,buildings,,"ICB, NCB, RFP",0.3,US dollars from the Single Currency Facility,,national government ministry,,3.5,
EC-L1019,,,,,water/sanitation,,"ICB, NCB",,,,Municipal public enterprise (autonomous),,,
EC-L1021,,,,,urban infrastructure,,,,,,Municipality,,,
EC-L1022,,,,,water/sanitation,,"ICB, NCB",,,,autonomous SOE - EMAAP-Q,,,
EC-L1025,True,50,,,none,,,0,"U.S. dollars, Single Currency Facility",,National government agency (Secretaría Nacional de los Objetivos de Desarrollo del Milenio - SODEM),,4,
EC-L1045,False,0,True,,none,0,direct contracting from manufacturer,0.72,U.S. dollars from the Single Currency Facility,,autonomous SOE (state-owned airline),,2,
EC-L1059,True,65.2,,,artisanal-fishing facilities,,,31.5,U.S. dollar from the Single Currency Facility,,Banco del Estado,,4,
EC-L1065,False,,,,roads,,,4.5,U.S. dollars from the Single Currency Facility,,national government ministry,,6,
EC-L1071,,,,,,,,,,,,,,
EC-L1074,False,,,,housing,,,5,U.S. dollars from the Single Currency Facility of the Ordinary Capital,,national government ministry,,4,
EC-L1075,False,0,,,buildings,,ICB (International Competitive Bidding),5.7,US dollars from the Single Currency Facility of the Bank's Ordinary Capital,,national government - Ministry of Education,,3,
EC-L1076,False,0,,,,,,2.4,U.S. dollars from the Single Currency Facility of the Bank's Ordinary Capital,,"National government ministry: Ministry of Public Health (MSP), Undersecretariat for the Extension of Social Protection in Health (SEPSS)",,4,
EC-L1081,True,33.0,,,water/sanitation,,IDB policies GN-2349-7 and GN-2350-7,17.5,U.S. dollars from the Single Currency Facility,,Autonomous SOE (Banco del Estado) with national government coexecuting agency (MIDUVI),,5,
EC-L1083,False,0,,,buildings,,,16.6,U.S. dollars from the Single Currency Facility of the Bank's Ordinary Capital,,national government directorate,,3,
EC-L1084,False,0,,,none,0,,0.7,U.S. dollars from the Single Currency Facility,,National Preinvestment Institute (INP) - autonomous national institute,,5,
EC-L1087,False,,,,energy,,"works, goods, and services",,USD,,national government - MEER and CONELEC,,,
EC-L1094,,,,,,,,,,,,,,
EC-L1097,False,0,,,cultural heritage restoration and protection,,,5.4,U.S. dollars from the Single Currency Facility of the Ordinary Capital,,national government ministry,,5,
EC-L1098,False,0,,,,,,6,U.S. dollars from the Single Currency Facility of the Bank's Ordinary Capital,,national government,,5,
EC-L1099,False,0,,,"urban housing resettlement, parks and recreation areas",,,5,U.S. dollars from the Single Currency Facility,,national government ministry (MIDUVI),,5,
EC-L1107,,,,,,,,,,,,,,
EC-L1110,False,,,,none,,,40.1,U.S. dollars from the Bank's Ordinary Capital,,Central Bank (autonomous),,5,
EC-L1111,True,,,,rail,,"ICB, NCB",,,,autonomous SOE - metropolitan public enterprise,A,,
EC-L1112,,,,,infrastructure for basic services,,ICB,,,,State-owned enterprise (Banco del Estado),B,,
EC-L1113,False,,,,buildings,,,3.85,U.S. dollars from Ordinary Capital,,national government ministry,,4,
EC-L1116,False,,,,border crossing infrastructure,,"ICB, NCB, shopping, various consultant selection methods",,,,national government agency - SENAE (National Customs Service of Ecuador),,,
EC-L1117,False,0,,,energy - transmission lines and substations,96,,11.5,U.S. dollars charged to the Ordinary Capital,,autonomous SOE - Corporación Eléctrica del Ecuador (CELEC EP),B,5,
EC-L1118,False,0,,,none,,,1.3,U.S. dollars from the Bank's Ordinary Capital,,national government (Ministry of Finance and National Public Administration Department),,4,
EC-L1119,False,0,,,none,0,Bank policies (documents GN-2349-9 and GN-2350-9),3,U.S. dollars from the Ordinary Capital; borrower has the option of requesting currency conversions,,"Autonomous technical body with administrative, financial, budgetary, and organizational autonomy - Office of the Comptroller General of the Nation (CGE); not newly created",,4,
EC-L1120,False,0,,,none,,,53.85,U.S. dollars from the Ordinary Capital,,autonomous national revenue agency,C,5,
EC-L1121,False,,,,irrigation and roads,83.5,ICB and NCB,20.2,U.S. dollars,,subnational decentralized autonomous government,,4,
EC-L1122,True,,,,water/sanitation,,,,,,autonomous SOE (Banco del Estado),,,
EC-L1125,False,0,,,roads,,ICB (International Competitive Bidding / Licitación Pública Internacional),36.58,U.S. dollars from the Ordinary Capital,,Financial intermediary (Banco del Estado) and subnational consortium (CONGOPE) with provincial Decentralized Autonomous Governments as subexecuting agencies,,5,
EC-L1128,False,0,,,energy,,,3.23,U.S. dollars from the Ordinary Capital,,national government ministry,,4,
EC-L1129,,,,,buildings,,"International Competitive Bidding (LPI), National Competitive Bidding (LPN), Shopping (CP)",,,,,B,,
EC-L1136,True,,,,energy,,,,,,Strategic Public Enterprises (CELEC EP and CNEL EP),,,
EC-L1140,False,0,,,energy,,,0,U.S. dollars from the Bank's Ordinary Capital,,national government - Ministry of Finance,,1,
EC-L1147,True,37.5,,,energy,,"ICB, NCB, direct contracting",,,,,B,,
EC-L1155,False,0,,,none,,"International competitive bidding (LPI), national procurement system (SNCP), direct contracting, individual consultant selection",19,U.S. dollars from the Ordinary Capital,,"National government ministry (Ministry of Finance), with subexecuting agencies including national ministry (MINEDUC), public enterprise (UNA-EP), and national institute (INEVAL)",,3,
EC-L1160,True,,,,energy,,"ICB, NCB",,,,,B,,
EC-L1216,,,,,,,,,,,,,,
EC-L1218,,,,,roads and water/sanitation,,"Licitación Pública Internacional (LPI), Licitación Pública Nacional (LPN), Comparación de Precios, Contratación directa",,,,Multiple: autonomous SOE (Empresa Pública Ecuador Estratégico - EE-EP) for water/sanitation component and national government ministry (Ministry of Transportation and Public Works - MTOP) for road infrastructure component,C,,
EC-L1219,,,,,energy,,"ICB, NCB, shopping (CP), direct contracting",,,,,B,,
EC-L1221,False,0,,,none,,"ICB (international competitive bidding), NCB (national competitive bidding), price comparison (shopping), direct contracting",19,U.S. Dollars from the Bank's Ordinary Capital,,"ECU-911 Integrated Security Service (ECU-911), autonomous agency",,3,
EC-L1223,True,28.8,,,energy,,"Licitación Pública Internacional (LPI), Licitación Pública Nacional (LPN), Comparación de Precios",,U.S. dollars,,"Ministry of Electricity and Renewable Energy (MEER), national government ministry",,,
EC-L1227,False,,,,none,,,2.34,United States dollars,,national government,C,3,
EC-L1230,False,,,,none,,,22,U.S. dollars,,national government ministry and autonomous SOE,B,5,
EC-L1231,False,,,,energy,,"ICB (LPI), NCB (Licitación Pública Nacional), Shopping (Comparación de Precios)",26,U.S. dollars (US$),,national government - Ministry of Energy and Nonrenewable Natural Resources (MERNNR),B,5,
EC-L1235,False,0,,,,,,13,U.S. dollars (US$),,national government ministry,,5,
EC-L1236,False,0,,,none,0,,11.26,,,national government ministries and technical secretariat,C,5,
EC-L1238,False,0,,,none,0,,0,U.S. dollars from the Bank's Ordinary Capital,,"national government - Ministry of Economy and Finance (MEF), in coordination with the Sectoral Council for Social Affairs (CSS)",,2,
EC-L1242,True,18.1,,,water/sanitation,,ICB,42.5,U.S. dollar,,autonomous SOE (Metropolitan Quito Public Water and Sanitation Utility),,6,
EC-L1243,False,,,,none,,,9.9,U.S. dollars from the Ordinary Capital,,"National government ministry (Ministry of Production, Foreign Trade, Investment, and Fisheries - MPCEIP); specifically the Office of the Undersecretary for Investment within the Office of the Deputy Minister for Export and Investment Promotion",,5,
EC-L1245,True,36.33,,,buildings,,"ICB, NCB, QCBS, NICQ",0.47,,,national government ministry,,,2019-09-05
EC-L1248,True,63,,,water/sanitation,,ICB,14,U.S. dollar,,subnational decentralized autonomous government,,5,
EC-L1249,False,0,,,none,,"International Competitive Bidding (LPI), direct contracting",10.7,U.S. dollars,,National government ministry (Ministry of Economy and Finance),C,5,
EC-L1250,False,0,,,none,,"LPI (Licitación Pública Internacional), SBCC (Selección Basada en Calidad y Costo), SCI (Selección de Consultor Individual)",10.7,United States dollars (USD); Ecuador's circulation currency is already USD,,"National government ministry (Ministry of Economy and Finance as executing agency, with General Secretariat of the Presidency and Office of the Vice President as subexecuting agencies); not newly created",C,5,
EC-L1251,False,0,,,none,,"International competitive bidding (LPI), National competitive bidding, Direct contracting",4.87,United States dollar,,National government (Ministry of Economy and Finance),C,4,
EC-L1252,False,0,,,none,,,0,U.S. dollar,,national government - Ministry of Economy and Finance,,1,
EC-L1253,True,,,,none,,"ICB, NCB",,,,"National government agencies (EC-SRI, EC-SENAE)",C,,
EC-L1257,False,0,,,infrastructure associated with underground resources (mining and energy sectors),,ICB,0,United States dollars,,National government ministry and autonomous research institute,,5,
EC-L1258,False,,False,,none,0,,4.22,United States dollar,,national government ministries,,5,
EC-L1261,False,0,,,buildings,,"ICB, NCB, QCBS, IICQ, CCI (invitación abierta)",0,U.S. dollar,,autonomous higher education institution,,5,
EC-L1264,False,0,,,buildings,,"ICB, NCB",0,U.S. dollar,,National government agencies (SNAI and CCE); autonomous SOE (Constitutional Court),B,5,
EC-L1265,False,0,,,none,,,0,U.S. dollars,,national government,,1,
EC-L1268,True,70,,,none,,,,U.S. dollars,,autonomous SOE and national government ministry,,5,
EC-L1269,False,,,,none,,,,United States dollar,,autonomous entity with administrative and financial autonomy,B,2,
EC-L1270,False,0,,,none,,,0,U.S. dollars,,national government ministries,,2,
EC-L1272,,,,,,,,,,,,,,
EC-L1273,False,0,,,none,,,0,U.S. dollar,,national government,,1,
EC-L1276,False,0,False,,none,0,,0,U.S. dollar; reports in dollars which is the currency of circulation in Ecuador,,national government - Ministry of Economic and Social Inclusion (MIES),,2,
EC-L1277,True,,,,none,,,0,U.S. dollar,,national government,,1,
EC-L1279,False,0,,,none,,"SBCC (Quality and Cost-Based Selection), individual consultant selection",0,U.S. dollars (USD); the circulation currency in Ecuador is also USD,,Autonomous public financial institution with administrative and financial independence (CFN),,5,
EC-L1280,False,0,,,none,0,,0,U.S. dollar,,national government ministry,,1,
EC-L1281,False,,,,buildings,,"CQS, 3CV",,United States dollar,,national government ministry,,5,
EC-L1282,False,0,,,none,,direct contracting,0,"U.S. dollar, with conversion to local currency (which is also U.S. dollar in Ecuador)",,national government ministry (Ministry of Education),,4,
EC-L1283,False,0,,,water/sanitation and solid waste management,,"ICB, NCB, QBS, QCBS, 3CV",4.0,U.S. dollars; Ecuador uses USD as legal tender,,State-owned bank with participation of municipal decentralized autonomous governments and/or their corresponding State-owned enterprises; not newly created,,6,
EC-L1284,True,13,,,none,,"ICB, NCB, CQS, QCBS, Selection of Individual Consultant by open invitation",,United States dollars,,national government ministry,,4,
EC-L1285,False,0,,,buildings,,"Quality and Cost Based Selection (QCBS), Individual Consultant Selection",16,U.S. dollars,,National government agency - Office of Disaster Risk Management (SGR),,4,
EC-L1286,,,,,,,,,,,,,,
EC-L1287,True,10,,,none,,,0,U.S. dollar,,national government,,1,
EC-L1289,False,0,,,roads,,"ICB, QCBS, 3CV",0,United States dollar; Ecuador's legal tender is USD,,Autonomous development bank (BDE B.P. - Banco de Desarrollo del Ecuador B.P.); not newly created,,5,
EC-L1290,False,,,,none,,Selección de Consultor Individual,0,United States dollar,,National public financial entity - Corporación Nacional de Finanzas Populares y Solidarias (CONAFIPS),,4,
EC-L1293,True,16.67,,,,,,,U.S. dollar,,national government - Ministry of Economy and Finance,,1,
EC-L1294,,,,,,,,,,,,,,
EC-L1295,False,0,,,roads,,"ICB, NCB, QCBS, 3CV",0,U.S. dollars,,national government ministry,,5,
EC-L1297,False,0,,,water/sanitation,,"ICB, CQS, QCBS",24.7,U.S. dollar,,autonomous SOE - municipal public enterprise (ETAPA EP),,5,
EC-L1298,,,,,,,,,,,,,,
EC-L1300,False,,,,energy,,,13.04,U.S. dollar,,national government ministries,,5,
EC-L1301,,,,,,,,,,,,,,
EC-L1302,True,6.5,,,none,,,0,U.S. dollar,,autonomous SOE,,5,
EC-L1303,False,0,,,,,,0,U.S. dollars,,National government autonomous agencies: National Institute of Agricultural Research (INIAP) and Agency for Phytosanitary and Zoosanitary Regulation and Control (AGROCALIDAD),B,5,
EC-L1304,,,,,none,,,,,,autonomous national government entity,,,
EC-L1305,,,,,none,,LPI (Licitación Pública Internacional),,,,autonomous national agency - SERCOP (Servicio Nacional de Contratación Pública),,,
EC-L1306,True,7.93,,,energy,,ICB,20.69,U.S. dollars,,national government,B,6,
EC-L1308,,,,,,,,,,,,,,
EC-L1310,False,,,,none,,,0,U.S. dollar,,national government,,1,
EC-L1311,,,,,,,,,,,,,,
ES-L1001,False,0,,,roads,,"ICB, LCB",8.0,United States Dollars under the Single Currency Facility,,national government ministry,,4,
ES-L1002,,,,,basic infrastructure,,"ICB, NCB",,,,,,,
ES-L1016,,,,,,,"ICB, NCB",,,,,,,
ES-L1017,False,0,,,none,,,17,U.S. dollars from the Single Currency Facility of the Bank's Ordinary Capital,,Salvadoran Legislative Assembly (SLA) - national legislative branch,,4,
ES-L1022,,,,,housing and urban neighborhood improvements,,,,,,national government with coexecuting agencies,,,
ES-L1025,,,,,,,,,,,,B,,
ES-L1027,False,,,,health buildings,,,31.5,US dollars from the Bank's Ordinary Capital Single Currency Facility,,national government - Ministry of Public Health and Social Welfare (MSPAS),,5,
ES-L1030,True,,,,none,,,,U.S. dollars from the Single Currency Facility; EPBA and FSO in U.S. dollars; OC (SCF) in U.S. dollars,,national government - Ministry of Finance,,2,
ES-L1040,False,0,,,none,,,0,U.S. dollars from the Single Currency Facility,,national government (Ministry of Finance),,1,
ES-L1044,False,0,,,none,,,0,U.S. dollars from the Single Currency Facility,,National government (Technical Secretariat of the Presidency),,4,
ES-L1046,True,,,,water/sanitation,,,,,,National government water authority (ANDA),,,
ES-L1047,True,37.5,,,none,,,0,US dollars from the Single Currency Facility,,"national government, Ministry of Finance",,2,
ES-L1050,False,0,,,transportation/transit,,,0,United States dollars from the Single Currency Facility,,"National government ministry (Ministry of Public Works, Transportation, Housing, and Urban Development through the Office of the Deputy Minister of Transportation)",,4,
ES-L1056,False,0,,,buildings,,,31.5,U.S. dollars from the Single Currency Facility,,"national government - Office of the President through the Social Inclusion Secretariat (SIS), in coordination with FISDL as coexecuting agency",,5,
ES-L1058,,,,,,,,,,,,,,
ES-L1059,False,0,,,none,,,0,U.S. dollars from the Single Currency Facility,,Ministry of Finance - national government,,1,
ES-L1063,False,0,,,none,,,0,U.S. dollars from the Ordinary Capital,,National government ministries and autonomous commission,,5,
ES-L1066,False,0,,,tourism infrastructure,,,0,United States dollars from the Ordinary Capital (OC),,national government ministry,,5.0,
ES-L1071,False,,,,roads,,,,U.S. dollars from the Flexible Financing Facility of the Bank's Ordinary Capital,,national government - Ministry of Finance,,2,
ES-L1075,,,,,roads,,International Competitive Bidding (LPI),,,,,,,
ES-L1085,,,,,roads,,International Competitive Bidding (ICB),,,,"national government - Ministry of Public Works, Transportation, Housing and Urban Development",,,
ES-L1089,False,0,,,none,,,,U.S. dollars from the Ordinary Capital,,Autonomous development bank (Banco de Desarrollo de El Salvador - BANDESAL),"FI-3 (financial intermediary, low risk, not categorized as A/B/C)",4,
ES-L1092,False,0,,,buildings,,International Competitive Bidding (Licitación Pública Internacional),0,U.S. dollars,,National government - Office of the President through the Social Inclusion Secretariat (SIS) with FISDL as coexecuting agency,,5,
ES-L1093,False,0,,,none,,,0,U.S. dollar,,national government - Ministry of Finance,,1,
ES-L1095,False,0,,,buildings,,Licitación Pública Internacional (International Competitive Bidding),0,U.S. dollars from the Ordinary Capital,,national government ministry (Ministry of Health),,5,
ES-L1128,False,0,,,none,,,0,U.S. dollars,,national government - Ministry of Economy,,5,
ES-L1131,False,0,,,none,,"ICB, QCBS",0,U.S. dollars from the Bank's Ordinary Capital,,"national government (Ministry of Finance, through the Deputy Ministry of Revenue)",,5,
ES-L1132,True,50,,,none,,,50,United States dollar,,autonomous SOE (Banco de Desarrollo de El Salvador - BANDESAL),,5,
ES-L1135,False,0,,,none,,,0,U.S. dollars,,national government ministry,,5,
ES-L1136,False,0,,,none,,,0,U.S. dollar,,"autonomous SOE - Banco de Fomento Agropecuario (Agricultural Development Bank), not newly created",B,4,
ES-L1137,False,0,,,none,,,0,U.S. dollar,,national government,,1,
ES-L1138,False,,,,none,,,0,U.S. dollars,,autonomous state-owned development bank,B13,4,
ES-L1139,False,,,,,,"ICB, NCB",,U.S. dollar,,national government ministry,,5,
ES-L1143,False,0,,,none,,expedited procedures for emergency procurement,0,U.S. dollar,,national government,,1,
ES-L1144,False,0,True,,buildings,,,0,U.S. dollars,,national government (Ministry of Health),,2,
ES-L1145,True,41,,,digital infrastructure,,"ICB, NCB",,United States dollar,,national government,,5,
ES-L1146,False,0,,,none,,,,United States dollar,,autonomous SOE (Fondo Social para la Vivienda),,5,
ES-L1151,False,0,,,tourism infrastructure,,,0,United States dollar,,national government ministry,,5,
ES-L1152,False,0,,,water/sanitation,,,0,U.S. dollar,,autonomous SOE,,5,
ES-L1155,False,0,,,roads,,,0,U.S. dollars,,national government ministry,,5,
ES-L1156,False,,,,none,,,0,United States dollars,,autonomous SOE - Development Bank of the Republic of El Salvador (BANDESAL),,4,
ES-L1157,False,0,,,port,,,0,United States dollar,,National government ministry and autonomous state-owned enterprise,,5,
ES-L1158,False,,,,energy,,"ICB, NCB",0,U.S. dollar,,"autonomous SOE (Lempa River Hydroelectric Executive Commission, CEL, existing entity)",,6,
ES-L1159,False,0,,,none,,,0,United States dollar,,national government,,5,
ES-L1160,False,0,,,buildings,,,0,U.S. dollar,,national government - Ministry of Health,,5,
ES-L1161,,,,,,,,,,,,,,
ES-L1162,,,,,,,,,,,,,,
ES-L1163,False,0,,,none,,,0,U.S. dollar,,Development Bank of the Republic of El Salvador (BANDESAL) - autonomous SOE,,6,
ES-L1164,,,,,,,,,,,,,,
ES-L1165,False,0,,,none,,,0,U.S. dollar,,Low-income Housing Fund (FSV),,5,
ES-L1167,,,,,,,,,,,,,,
ES-L1168,False,0,,,none,,"ICB, NCB, QCBS, 3CV",0,U.S. dollar,,national government - Presidential Innovation Secretariat,,5,
ES-L1169,,,,,,,,,,,,,,
ES-L1171,False,0,,,water/sanitation,,"ICB, NCB",0,U.S. dollar,,national government,B,5,
ES-L1172,False,0,,,urban infrastructure and municipal market buildings,,,0,U.S. dollars,,national government agency - Municipal Public Works Office (Dirección de Obras Municipales),,5,
ES-L1173,False,,,,airport infrastructure,,International competitive bidding (ICB); Quality- and cost-based selection (QCBS); Selection based on the consultants' qualifications (CQS),0,United States dollar,,Autonomous Executive Port Commission (CEPA),B,5,
ES-L1175,False,,,,none,,,9,U.S. dollars,,national government agency,C,5,
GU-L1005,False,,,,none,,,,U.S. dollars from the Single Currency Facility,,national government - Ministry of Public Finance,,1,
GU-L1008,True,61.0,,,none,,,0,U.S. dollars from the Single Currency Facility,,national government ministry,,1,
GU-L1009,,,,,buildings,,,,,,national government,,,
GU-L1017,False,,,,none,,,,U.S. dollars from the Single Currency Facility,,national government - Ministry of Finance,,2,
GU-L1018,False,0,,,energy,,,0.27,U.S. dollar from the Single Currency Facility,,"autonomous SOE (Instituto Nacional de Electrificación - INDE), existing entity",,5,
GU-L1020,False,0,,,none,,Not applicable,0,U.S. dollars,,national government - Ministry of Public Finance,,3,
GU-L1031,False,,,,none,,,3.0,United States dollars from the Single Currency Facility,,national government ministry,,3.5,
GU-L1037,False,0,,,none,,,20.93,"U.S. dollars, Single Currency Facility",,national government ministry,,4.5,
GU-L1039,True,50,,,water/sanitation,,,,U.S. dollar,,national government autonomous agency,,5,
GU-L1063,True,14.72,,,none,,Not applicable,,U.S. dollars; U.S. dollars (SCF),,national government - Ministry of Finance (MINFIN),,1.5,
GU-L1064,False,,,,none,,,,United States dollars (US$),,national government (Ministry of Public Finance),,3,
GU-L1084,False,,,,energy,,,,United States dollars (US$),,autonomous SOE,,5,
GU-L1085,False,,,,none,,,,U.S. dollars (US$),,national government - Ministry of Public Finance (MINFIN),,1.17,
GU-L1087,False,0,,,buildings,,,0,U.S. dollars charged to the Ordinary Capital,,national government ministry,,5,
GU-L1095,,,,,,,ICB,,,,,,,
GU-L1096,False,0,,,none,0,,0,U.S. dollars from the Ordinary Capital,,national government - Ministry of Public Finance,B13,2,
GU-L1163,False,0,,,buildings,,,0,U.S. dollar,,national government,,6,
GU-L1165,,,,,,,"ICB, NCB",,,,,,,
GU-L1169,False,0,,,roads,,licitación pública internacional (international competitive bidding),0,United States dollars,,national government ministry (CIV) acting through autonomous highway administration (DGC),,6,
GU-L1170,True,57.1,,,roads,,"ICB, NCB, QBCS",,U.S. dollar,,"national government, Highway Administration under Ministry of Communications, Infrastructure, and Housing",,5,
GU-L1171,True,50,,,energy,,"ICB, NCB",0,U.S. dollar,,autonomous SOE,,5,
GU-L1175,True,,,,,,"ICB, NCB, quality- and cost-based selection, electronic reverse auction",,,,"Ministry of Communications, Infrastructure, and Housing (CIV) with Office of the Deputy Minister of Communications (VMC)",,,
GU-L1176,False,0,,,none,,National competitive bidding,0,U.S. dollar,,national government - Ministry of Social Development (MIDES),,1.5,
GU-L1183,False,0,,,none,,,0,United States dollar,,national government - Ministry of Public Finance (MINFIN),,1,
GU-L1184,False,0,,,buildings,,"ICB, NCB, LPI (international competitive bidding, national competitive bidding)",0,U.S. dollar,,national government ministry (Ministry of Education),,5,
GU-L1188,False,0,,,water/sanitation,,"LPI, SBCC",0,U.S. dollar,,autonomous national entity (Instituto de Fomento Municipal - Municipal Development Institute),,6,
GU-L1189,False,0,,,roads,,,0,U.S. dollar,,national government ministry,,6,
GU-L1192,False,0,,,energy - electrical transmission and distribution lines,76.4,"LPI (national competitive bidding), SBCC (quality- and cost-based selection), LPN (national shopping), 3 CV (comparison of at least three resumes)",0,U.S. dollar,,autonomous national SOE - National Electrification Institute (INDE),,5,
GY-L1006,False,0,,,none,,,1,US Dollars,,"national government - Ministry of Finance (Policy Based Loan), Ministry of Tourism, Industry and Commerce (Investment Loan)",,5,
GY-L1007,False,,,,"water/sanitation (irrigation and drainage rehabilitation, abattoir construction)",,"ICB, NCB, Price Quotation, QBS, direct contracting, single-source selection",4.6,US Dollars,,national government (Ministry of Agriculture),,5,
GY-L1008,,,,,roads,,ICB,,,,national government ministry,,,
GY-L1009,False,,,,buildings,,,1,U.S. Dollar or other currencies for FSO,,national government,,4,
GY-L1014,False,,,,none,0,,0,U.S. dollars,,national government - Ministry of Finance with project executing unit in Office of the Prime Minister,,4,
GY-L1016,False,0,,,none,,,0,US dollars,,autonomous SOE,,1,
GY-L1019,False,,,,housing/settlements,88.9,,,US Dollars,,autonomous agency under national government ministry,,5,
GY-L1021,False,0,,,none,,,0,US Dollars,,autonomous SOE,,1,
GY-L1025,False,0,,,water/sanitation,,ICB,5,US Dollar (Single Currency Facility),,autonomous SOE,,5,
GY-L1027,False,,,,roads,,ICB,0,"USD, with one tranche (OC) in USD and SCF (Single Currency Facility)",,National government ministry (Ministry of Public Works and Communication),,5,
GY-L1028,False,,,,water/sanitation,,,32,,,national government,,,2010-07-23
GY-L1029,False,,,,none,,,,US Dollars,,autonomous SOE,,1,
GY-L1030,,,,,roads,,ICB,,,,national government ministry,,,
GY-L1031,False,,,,roads,87.88,"International Competitive Bidding (ICB), National Competitive Bidding (NCB), Shopping",4.55,,,"National government - Ministry of Public Infrastructure (formerly Ministry of Public Works and Communications), through the Work Services Group (WSG), an existing unit created in 2002",B,,
GY-L1034,False,,,,roads and sanitary landfill,,Bank's new procurement policies and procedures (documents GN-2349-7 and GN-2350-7),0,US Dollar,,national government ministry,,1,2007-11-06
GY-L1036,False,0,,,water/sanitation,,,2.44,US Dollar (Single Currency US Dollar Facility),,autonomous SOE (Guyana Water Incorporated),,5,
GY-L1037,False,0,,,energy,,"Licitación pública internacional, Licitación pública nacional, Comparación de precios",9.09,"US$, with SCF available for OC portion",,autonomous SOE,,4.0,
GY-L1039,True,,,,none,,,,US Dollar,,national government - Ministry of Finance,,1,
GY-L1040,,,,,water/sanitation,,,,,,autonomous SOE,B,,
GY-L1041,True,41.7,,,energy,,"licitación pública internacional, licitación pública nacional, comparación de precios",,US Dollar and Euro,,state-owned utility,,5,
GY-L1042,False,0,,,none,,,0,US dollars,,national government,C,5,
GY-L1043,False,,,,none,,,,US Dollar,,national government,,1,
GY-L1044,False,,,,,,"Licitación Pública Internacional, Licitación Pública Nacional, comparación de precios",0,US$ dollars,,national government - Ministry of Legal Affairs,,5.5,
GY-L1054,,,,,none,,,,,,,,,
GY-L1056,False,,,,buildings,,,0.92,U.S. Dollar or other currencies for FSO,,national government ministry,,4,
GY-L1058,False,0,,,buildings,,,,,,national government ministry,B,,
GY-L1059,False,0,,,buildings,,"international competitive bidding, national competitive bidding, price comparison",0,US dollars,,national government ministry,,5.5,
GY-L1060,,,,,small works including abattoir and water catchment infrastructure,,,,,,national government - Ministry of Agriculture (MOA),B,,
GY-L1064,False,0,,,none,,"International public bidding, national public bidding, price comparison",0,Dollars of the United States of America,,National government ministry - Ministry of Business,,5,
GY-L1066,False,,,,energy,,,16,Dollars of the United States of America,,Guyana Energy Agency (GEA) and Guyana Power and Light Inc. (GPL),B,4,
GY-L1067,False,,,,none,,,0,Dollars of the United States of America (US$),,national government - Ministry of Finance,,2,
GY-L1075,False,,,,none,,direct contracting,0,Dollars of the United States of America (US$),,national government - Ministry of Finance of Guyana (MOF),,2,
GY-L1077,False,,,,none,,direct contracting,,Dollars of the United States of America,,national government ministries,,,
GY-L1078,,,,,,,,,,,,,,
GY-L1079,,,,,,,,,,,,,,
GY-L1080,,,,,healthcare buildings/hospitals,,,,Dollars of the United States of America,,Ministry of Health (national government),,,
GY-L1081,False,0,,,roads,,,15,Dollars of the United States of America,,national government - Ministry of Public Works,,5,
GY-L1082,False,0,,,,,,0,Dollars of the United States of America,,national government ministry,,2,
GY-L1083,False,0,,,none,,direct contracting,0,United States of America Dollars,,national government - Ministry of Finance,,1,
GY-L1086,True,,,,none,,,0,U.S. dollar,,national government - Ministry of Finance,,1,
GY-L1087,,,,,,,,,,,,,,
GY-L1089,False,0,,,none,,,0,Dollars of the United States of America,,national government - Ministry of Finance,,1,
HO-L1001,,,,,"water/sanitation, roads, solid waste",,,,,,,,,
HO-L1002,False,0,,,,,"International competitive bidding (ICB) for goods/services ≥US$350,000 and works ≥US$1 million; ICB for consulting contracts ≥US$200,000",10,United States dollars,,National government ministry (Ministry of Health),,4,
HO-L1007,,,,,housing,,"ICB, NCB",,,,,,,
HO-L1009,False,0,,,none,0,none,0,"U.S. dollars or the equivalent in other currencies, except that of Honduras",,national government (Ministry of Finance),,2,
HO-L1010,False,,,,none,,,15.6,U.S. dollars,,National government agency (DINADERS/PRONADERS),,5,
HO-L1013,False,,,,roads,,,,,,national government (SOPTRAVI),B,,
HO-L1015,False,,,,none,,NCB,,,,,C,,
HO-L1018,True,45.45,,,roads,82.95,,9.09,United States dollar,,"national government - Ministry of Public Works, Transportation, and Housing (SOPTRAVI)",,5.5,
HO-L1019,True,,,,energy,,,8.6,U.S. dollars,,autonomous SOE,,5,
HO-L1020,True,11.9,,,roads,,,9.6,U.S. dollars,,"national government - Ministry of Public Works, Transportation and Housing (SOPTRAVI)",,4,
HO-L1030,False,,,,none,,,,U.S. dollars,,,,2,
HO-L1031,,,,,disaster risk prevention and mitigation works,,,,,,COPECO (national government agency),,,
HO-L1032,,,,,,,,,,,,,,
HO-L1033,True,32.47,,,roads,,,2.6,United States dollar,,national government ministry acting through existing project management group under Roads Authority,,5.5,
HO-L1037,True,,,,"port infrastructure (dredging, land reclamation, terminal construction)",,"conventional works contract, EPC (engineering, procurement and construction) contract, international open calls for proposals",50,,,autonomous SOE (Empresa Nacional Portuaria - Honduran Port Authority),,,
HO-L1039,False,0,,,energy,,,0,US$ from the US$ SCF of the Ordinary Capital,,autonomous SOE - Empresa Nacional de Energía Eléctrica (National Electric Power Company),,5.5,
HO-L1042,False,,,,none,,,9.09,US dollars from the single currency facility,,national government - Ministry of the Presidency,,4,
HO-L1055,False,,,,buildings,,"ICB, NCB, PC, CQS",0,U.S. dollars from the Single Currency Facility of the Bank's Ordinary Capital,,national government - Ministry of Finance (SEFIN),,4,
HO-L1059,False,,,,none,,,,U.S. dollars from the Single Currency Facility of the Bank's Ordinary Capital,,national government - Ministry of Health,,4,
HO-L1061,False,,,,roads,,competitive bidding,9.09,U.S. dollars from the Single Currency Facility,,subnational (Central District Municipal Government - AMDC),,5,
HO-L1062,False,0,,,minor upgrades in schools,,,3,U.S. dollars from U.S. dollars the Single Currency Facility,,national government - Department of Education (SE) and Department of the Presidency (SDP),C,2.5,
HO-L1063,False,0,,,buildings,,,6.3,U.S. dollars,,national government,,5,
HO-L1065,False,0,,,none,0,,0,U.S. dollars from the Single Currency Facility,,National Banks and Insurance Commission (autonomous regulatory agency),,2,
HO-L1069,False,0,,,none,0,,0,U.S. dollars from the Single Currency Facility,,national government - Ministry of Finance,,1,
HO-L1070,False,,,,none,,competitive bidding processes,0,United States dollars (US$),,national government - Ministry of Finance,,1,
HO-L1071,False,,,,none,,,9.0,U.S. dollars from the Single Currency Facility of the Bank's Ordinary Capital,,national government autonomous agency - Family Allowance Program (PRAF),,3,
HO-L1072,False,0,,,buildings,,,0,United States dollars,,national government,,4,
HO-L1079,True,,,,none,,,0,U.S. dollars,,Ministry of Finance (national government),,1,
HO-L1087,False,0,,,none,,"CD (direct contracting), SD (shopping)",9.0,U.S. dollars from the Single Currency Facility of the Bank's Ordinary Capital; U.S. dollars from FSO,,Family Allowance Program (PRAF) - autonomous government entity,C,3,
HO-L1088,False,,,,urban upgrading / basic services infrastructure,,Policies for the procurement of works and goods financed by the IDB (GN-2349-9) and Policies for the selection and contracting of consultants financed by the IDB (GN-2350-9),0,United States dollars (US$),,Ministry of Finance (SEFIN) with Honduran Social Investment Fund (FHIS) as implementing entity,,,
HO-L1089,True,8.69,,,roads,,,10.85,US$,,autonomous SOE,,1.5,
HO-L1090,False,0,,,none,,international competitive bidding,0,United States dollars from the Single Currency Facility of the Bank's Ordinary Capital,,national government ministry,,3,
HO-L1093,False,,,,none,,direct contracting,9.1,United States dollars,,national government ministry,,3.5,
HO-L1102,True,,,,energy,,LPI (lista positiva internacional),,,,autonomous SOE (state-owned enterprise),B,,
HO-L1103,False,,,,none,,,0,United States dollars,,national government,,1,
HO-L1104,False,,,,roads,,,,United States dollars,,"autonomous entity, formerly MCA-H, created by government to administer MCC projects, not newly created for this project",,4,
HO-L1105,False,0,,,none,,"Direct Contracting (CD), Single-Source Selection (SSS), International Competitive Bidding",0,U.S. dollars,,National government - Department of Development and Social Inclusion (SEDIS) and Department of Health (SESAL),C,4,
HO-L1108,,,,,none,,,,,,"national government, newly created autonomous tax administration (SAR replacing DEI)",,,
HO-L1117,False,,,,buildings,,"Licitación Pública Internacional (LPI), Licitación Pública Nacional (LPN), Comparación de Precios",0,U.S. dollars,,National government ministry (SEDIS) through specialized national office (DNCM); with autonomous entity (INVEST-H) as co-executing agency,B,5,
HO-L1118,False,,,,none,,international competitive bidding,,United States dollars,,Ministry of Finance - national government,,1,
HO-L1121,False,0,,,roads,,,2.9,U.S. dollars,,Autonomous entity - Inversión Estratégica de Honduras (INVEST-H),B,4,
HO-L1179,False,0,,,none,,"ICB, NCB, QCBS",,U.S. dollars,,"national government, existing project management unit",,5,
HO-L1182,False,,,,none,,,0,United States dollars,,national government - Ministry of Finance,,1,
HO-L1186,True,8.7,,,energy,,ICB (LPI),5.6,U.S. dollar,,National government autonomous SOE (ENEE - Empresa Nacional de Energia Electrica),B,5,
HO-L1187,False,,,,buildings,,,,U.S. dollars,,"national government - Office of the Secretary of State for Security (SEDS) and autonomous agency - Community Development, Water, and Sanitation Institute/Honduran Social Investment Fund (IDECOAS/FHIS)",B,5,
HO-L1188,,,,,none,,,,,,national government ministry (SEDUC),,,
HO-L1189,False,,,,none,,international competitive bidding,0,United States dollars,,national government - Ministry of Finance (SEFIN),,1,
HO-L1193,False,,,,none,,,0,U.S. dollars,,national government,,1,
HO-L1194,False,0,,,none,,"National subsystems of Licitación Privada, Convenio Marco through Catálogo Electrónico/Compras por Catálogo, Comparación de Precios",0,U.S. dollar,,"National government ministries: Ministry of Development and Social Inclusion (SEDIS) and the Ministry of Health, in coordination with the Ministry of Education, the Social Cabinet of the Ministry of General Government Coordination (SCGG-GS), and the National Center for Social Sector Information (CENISS)",,4,
HO-L1195,False,,,,buildings,,,,,,national government; SESAL (Ministry of Health); foundations that administer hospital services,,,
HO-L1198,False,0,,,none,,,0,U.S. dollars,,national government,,1,
HO-L1199,False,0,,,buildings,,,0,U.S. dollars,,national government ministry,B,5,
HO-L1200,True,100,,,forestry/restoration,,"ICB, NCB, QCBS",,U.S. dollar,,national government - Ministry of Finance,,5,
HO-L1201,True,38.8,,,,,"ICB, NCB, QCBS",,United States dollar,,Inversión Estratégica de Honduras (INVEST-Honduras),B (HO-L1201) and C (HO-L1211),5,
HO-L1202,,,,,buildings,,International Competitive Bidding (Licitación Pública Internacional),,,,"National government (SCGG - Secretariat of General Government Coordination), national government (SEFIN - Secretariat of Finance), and municipal government (ASPS - Municipal Government of San Pedro Sula)",B,,
HO-L1203,True,44.53,,,energy,,"ICB, NCB",51.52,U.S. dollar,,autonomous SOE - National Electric Power Company (ENEE),,5,
HO-L1204,False,0,,,none,0,,0,U.S. dollars,,national government (Ministry of Finance),,1,
HO-L1206,False,,,,none,,,0,United States dollar,,national government - Department of Finance (SEFIN),,1,
HO-L1207,True,50,,,none,0,none,,US dollars,,national government ministry,,,
HO-L1211,True,38.8,,,,,"ICB, NCB, QCBS",,United States dollar,,National government agency (autonomous),,5,
HO-L1213,False,0,,,water/sanitation,,,0,United States dollars,,"national government - Department of Community Development, Water, and Sanitation (SEDECOAS)",,5,
HO-L1216,False,,,,none,,,0,U.S. dollars,,autonomous SOE,B,2,
HO-L1219,True,45.78,,,none,,,0,U.S. dollar,,national government - Department of Finance (SEFIN),,1,
HO-L1222,False,,,,roads and water/sanitation,,,0,US dollars,,"National government - Secretariat of Community Development, Water, and Sanitation/Honduran Social Investment Fund (SEDECOAS/FHIS)",,,
HO-L1226,False,0,,,none,,,0,U.S. dollars,,national government ministry,,2,
HO-L1227,False,,,,buildings,,ICB,,U.S. dollar,,national government,,5,
HO-L1229,False,,,,none,0,none,0,U.S. dollars,,national government - Ministry of Finance,not applicable,1,
HO-L1230,False,,,,none,,,,U.S. dollar,,national government program,,4,
HO-L1232,False,,,,none,,,0,U.S. dollar,,national government - Department of Finance (SEFIN),,1,
HO-L1235,False,,,,none,,,0,U.S. dollars,,autonomous SOE,,4,
HO-L1237,False,,,,none,,"ICB, NCB, QCBS",0,U.S. dollar,,national government - Labor and Social Security Secretariat,,5,
HO-L1238,False,,,,"roads, flood protection infrastructure, and other social infrastructure (schools, drinking water systems)",,Policies for the procurement of goods and works financed by the Inter-American Development Bank (GN-2349-15) and Policies for the selection and contracting of consultants financed by the Inter-American Development Bank (GN-2350-15),,U.S. dollar,,"Secretariat of Community Development, Water, and Sanitation/Honduran Social Investment Fund (SEDECOAS/FHIS) in coordination with the Ministry of Infrastructure and Transportation (SIT)",,1,
HO-L1239,,,,,,,"ICB, NCB, QCBS, LCS, 3CV",,,,,,,
HO-L1240,False,,,,none,,,0,United States dollars,,National Statistics Institute (INE) - autonomous national agency,,4,
HO-L1243,False,,,,none,,,,United States dollars,,autonomous SOE,,5,
HO-L1244,False,,,,"flood control works, water infrastructure",,,,U.S. dollars,,"national government - Secretariat of Infrastructure and Transportation (SIT) and Secretariat of Community Development, Water, and Sanitation (SEDECOAS)",,4,
HO-L1245,,,,,,,,,,,,,,
HO-L1248,False,,,,none,,,0,U.S. dollars,,national government - Department of Finance (SEFIN),,1,
HO-L1251,,,,,,,,,,,,,,
HO-L1259,False,,,,,,ICB,0,United States dollars,,National Institute - autonomous,B,5,
HO-L1261,False,,,,none,,,0,U.S. dollars,,national government,,1,
JA-L1001,False,0,,,none,,N/A,0,US dollars,,national government planning institute,,1,
JA-L1002,False,0,,,buildings,,,0,US$ single currency facility,,national government ministry,,1,
JA-L1003,False,0,,,none,,,0,US dollars Single Currency Facility,,national government ministry,,1,
JA-L1005,False,0,,,none,,,0,US$ single currency facility,,national government ministry (Ministry of Education),,4.5,
JA-L1009,False,,,,buildings,,NCB,0,US$ Single Currency Facility of OC,,national government,,4,
JA-L1010,False,0,,,none,,,0,US dollars of the Single Currency Facility,,national government - Planning Institute of Jamaica (PIOJ),,1,
JA-L1012,False,,,,none,,,0,Single Currency Facility - US dollars,,national government ministry through autonomous corporation,,5,
JA-L1013,False,,,,none,,N/A,0,US dollars Single Currency: Currency Facility,,national government ministry,,1,
JA-L1014,False,0,,,none,0,,0,US Dollar,,national government autonomous agency,,1,
JA-L1015,False,0,,,roads,,,0,United States dollar from the Ordinary Capital Single Currency Facility,,autonomous agency under national government ministry,,1,
JA-L1016,False,0,,,roads,90,competitive basis,0,"US$, single currency facility",,National government through autonomous agency,,5,
JA-L1020,False,0,,,none,,,0,US dollars,,national government - Planning Institute of Jamaica (PIOJ),,1,
JA-L1021,True,41.67,,,buildings,,,,US$ single currency facility,,national government,,2,
JA-L1024,False,0,,,buildings,,,0,US$ single currency facility,,national government ministry,,3,
JA-L1025,False,0,,,none,,"Licitación pública internacional, Licitación pública nacional, Comparación de precios, Licitación exclusivamente para consultores nacionales",0,U.S. dollars from the Single Currency Facility of the Bank's Ordinary Capital,,national government ministry (not newly created),,4,
JA-L1026,,,,,none,,"e-procurement, e-tendering, standard bidding documents, contract sharing",,,,,,,
JA-L1027,False,0,,,roads,,,0,"US$, single currency facility",,"national government, autonomous agency",,5,
JA-L1031,False,0,,,none,0,none,0,US dollars,,national government - Planning Institute of Jamaica (PIOJ),,1,
JA-L1032,True,,,,none,,,0,US dollars of the Single Currency Facility,,national government - Ministry of Finance and Public Service,,1,
JA-L1033,False,0,,,none,,,0,US$ chargeable to the Ordinary Capital (OC),,"Ministry of Education (national government), in coordination with Planning Institute of Jamaica (PIOJ) and Ministry of Finance and Planning (MOFP)",,1,
JA-L1034,True,,,,none,,,0,US dollars of the Single Currency Facility,,national government ministry,,1,
JA-L1035,False,,,,water/sanitation,,ICB (Licitación pública internacional),0,US Dollar (Single current Facility),,autonomous SOE,,5,
JA-L1037,False,0,,,none,,"Licitación pública internacional, Licitación pública nacional, Comparación de precios",0,USD chargeable to the Ordinary Capital,,National government ministry (Ministry of Labour and Social Security),,4,
JA-L1038,False,0,,,none,0,,0,US$ chargeable to the Ordinary Capital,,national government,,1,
JA-L1039,False,,,,none,,,0,"US$, single currency facility",,national government - Ministry of Finance and Planning; newly created Programme Coordination Unit within MoFP,,5,
JA-L1043,,,,,,,competitive procurement,,,,Programme Executing Unit,,,
JA-L1046,True,,,,none,,"Licitación pública internacional, Licitación pública nacional, Comparación de precios, Selección directa",,,,,,,
JA-L1048,False,,,,none,,,9.93,Dollars of the United States,,national government ministry with coordination by autonomous planning agency,C,5,
JA-L1049,True,11.3,,,health buildings/facilities,,"direct contracting (single source), international public bidding, national public bidding, price comparison",38.9,Dollars of the United States of America,,national government ministries - Ministry of Finance and the Public Service (MOFPS) for PBP; Ministry of Health (MOH) / Ministry of Health and Wellness (MOHW) for Investment Loan,,5,
JA-L1051,False,,,,none,,,0,US$ chargeable to the Ordinary Capital (OC),,national government - Ministry of Finance and Planning (MOFP),,1,
JA-L1053,False,0,,,none,0,"Licitación pública internacional, Licitación pública nacional, Comparación de precios",0,US$ chargeable to the Ordinary Capital (OC),,"National government ministry (Ministry of Labour and Social Security), not newly created; existing PATH Unit serves as Project Executing Unit",C,4,
JA-L1055,False,,,,none,,,,US$ chargeable to Ordinary Capital,,national government ministry,,1,
JA-L1056,True,62.5,,,none,,"Bank Policy for the procurement of Goods and Works (GN-2349-9), Bank Policy for the selection and contracting consultants (GN-2350-9); procurement processes open to suppliers from IDB member countries and EU-eligible countries",,,,"Autonomous SOE - Petroleum Corporation of Jamaica (PCJ), not newly created",,,
JA-L1058,False,0,,,none,,,0,United States dollars,,national government ministry,,1,
JA-L1069,False,0,,,buildings,,,0,US$ single currency facility,,national government,,3,
JA-L1072,False,0,,,none,,"International competitive bidding (ICB), national competitive bidding (NCB), price comparison, individual consultant selection",0,Dollars of the United States of America,,"National government - Office of the Prime Minister (OPM), with a Project Executing Unit (PEU) to be created",C,6,
JA-L1073,False,,,,"ICT infrastructure (government-wide communications network, data center, fiber optics network)",,"International Competitive Bidding, Shopping, Direct Contracting, Single Source, Price Comparison, Limited Tender/Restricted Bidding",,"United States Dollars, with conversion to local currency using the effect exchange rate",,National government agencies: Ministry of Finance and the Public Service (MOFPS) for PBL; Office of the Prime Minister (OPM) for Investment Loan; Programme Executing Unit (PEU) to be created,C,6.0,
JA-L1074,False,,,,buildings,,International Competitive Bidding (ICB) and local competitive procedures,,,,National government ministry - not newly created,,,
JA-L1075,False,0,,,none,0,International competitive bidding and national competitive bidding for consulting services; thresholds defined for different categories,0,US Dollars chargeable to OC,,Autonomous development bank - Development Bank of Jamaica (DBJ),,5,
JA-L1078,False,,,,none,,,,United States of America dollars,,National government ministries: Ministry of Finance and the Public Service (MOFPS) for PBL; Office of the Prime Minister (OPM) for Investment Loan,,6.0,
JA-L1079,False,0,,,none,0,"Direct contracting (CD), individual consultant selection (CCIN), selection based on consultant qualifications (SCC and SBCC)",0,Dollars of the United States of America,,"Autonomous investment promotion agency (JAMPRO - Jamaica Promotions Corporation), with a dedicated Project Execution Unit (PEU) created specifically for the project",,5,
JA-L1080,False,,,,,,,,Dollars of the United States of America,,Ministry of Finance and the Public Service (MOFPS) for PBP; Ministry of Health (MOH) for Investment Loan,,5,
JA-L1085,False,,,,none,,"LPN (national public bidding), LPI (international public bidding), SCC (selection of consultants with comparison), SBCC (selection based on consultants' qualifications)",,Dollars of the United States of America,,Development Bank of Jamaica Limited (DBJ) - autonomous SOE,,,
JA-L1086,False,,,,,,,0,Dollars of the United States of America,,national government - Ministry of Finance and the Public Service,,1,
JA-L1087,False,0,,,none,,,0,Dollars of the United States of America,,national government,,1,
JA-L1088,False,0,,,none,,,0,Dollars of the United States of America,,national government,,1,
JA-L1093,False,0,,,none,,,35,Dollars of the United States of America,,Office of the Prime Minister (national government),,5,
JA-L1094,False,,,,none,,,11,Dollars of the United States of America,,"national government, Ministry of Finance and the Public Service (MOFPS)",,6,
JA-L1099,,,,,,,,,,,,,,
ME-L1004,True,50,,,none,,,50,U.S. dollars from the Single Currency Facility,,National government department - Department of Labor and Social Insurance (STPS),C,3.25,
ME-L1007,False,0,,,none,,Sole-sourcing of individual consultants,58,US dollars,,National Coordination of the Oportunidades Program,,4,
ME-L1012,False,,,,Productive and social infrastructure,,"ICB, NCB",,,,National government - Secretariat of Social Development (SEDESOL),,,
ME-L1017,,,,,,,,,,,,,,
ME-L1019,,,,,,,ICB,,,,national government,,,
ME-L1033,False,0,,,none,,,40,U.S. dollars from the Single Currency Facility; waiver requested to apply exchange rate for converting expenditures made in local currency into U.S. dollars,,National Council for Education Development (CONAFE) - autonomous national government agency,,4.5,
ME-L1039,,,,,none,,NCB,,,,national government - Ministry of Public Education,,,
ME-L1041,False,,,,none,,ex-ante review by Bank,,,,ASERCA - Apoyos y Servicios a la Comercialización Agropecuaria,,,
ME-L1045,False,0,,,none,,,28.1,U.S. dollars from the Single Currency Facility of the Bank's Ordinary Capital Local Currency Facility,,"national government - Secretaría de Agricultura, Ganadería, Desarrollo Rural, Pesca y Alimentación (SAGARPA)",,3,
ME-L1047,False,0,,,none,0,,18.74,United States dollars,,national government - Department of Finance (SHCP),C,4.5,
ME-L1050,False,0,,,water/sanitation,,,50.0,"U.S. dollars from the Single Currency Facility of the Bank's Ordinary Capital, subject to the Operational Framework for Lending in Local Currency",,National government autonomous agency (CONAGUA) with financial agent (BANSEFI),B,4,
ME-L1051,False,,,,none,,,,"U.S. dollars from the Single Currency Facility, with conversion to Mexican pesos via Local Currency Facility",,"National government development bank (NAFIN - Nacional Financiera, S.N.C.), existing institution",,3,
ME-L1052,False,,,,none,,,0,U.S. dollars from the Single Currency Facility,,National government agency - Department of Social Development (SEDESOL) through the National Oportunidades Coordination Board,,2,
ME-L1053,False,0,,,none,,,0,U.S. dollars under the Single Currency Facility,,national government - Department of the Environment and Natural Resources (SEMARNAT),,1,
ME-L1055,False,,,,none,,Bank's policies will be applied (documents GN-2349-9 and GN-2350-9),0.398,"United States dollars from the Single Currency Facility of the Bank's Ordinary Capital, with conversion to Mexican pesos via Local Currency Facility",,Financiera Rural - autonomous/specialized financial institution,,5,
ME-L1058,False,0,,,none,,,0,United States dollars from the Single Currency Facility,,national government ministry,,1,
ME-L1059,,,,,public infrastructure,,"LPI (Licitación Pública Internacional), LPN (Licitación Pública Nacional), Comparación de precios",,,,national development bank (BANOBRAS - Banco Nacional de Obras y Servicios Públicos),,,
ME-L1063,False,,,,none,,Bank policies,0,United States dollars from the Single Currency Facility; conversion to Mexican pesos via Local Currency Facility (LCF),,"Autonomous SOE (Sociedad Hipotecaria Federal, SNC)",,5,
ME-L1065,False,0,,,none,,Bank policies,0,"U.S. dollars from the Single Currency Facility, with conversion to Mexican pesos via Local Currency Facility (LCF)",,"Autonomous SOE (Sociedad Hipotecaria Federal, S.N.C.)",,3,
ME-L1067,,,,,,,,,,,,,,
ME-L1078,False,0,,,none,,,0,United States dollars from the Single Currency Facility,,national government - Department of the Environment and Natural Resources (SEMARNAT),,1,
ME-L1079,False,0,,,none,,Bank policies,0,U.S. dollars from the Single Currency Facility. Conversion to Mexican pesos: Local Currency Facility (GN-2365-6),,"Sociedad Hipotecaria Federal, S.N.C. (SHF) - autonomous financial institution",,3,
ME-L1080,False,0,,,none,,,0,U.S. dollars from the Single Currency Facility with conversion to Mexican pesos via Local Currency Facility (GN-2365-6),,National government agency - Department of Social Development (SEDESOL) through the National Coordination Board for the Oportunidades Human Development Program (CNO),C,2,
ME-L1081,True,33.3,,,none,,,33.3,U.S. dollars from the Single Currency Facility with conversion to Mexican pesos via Local Currency Facility,,development bank owned and controlled by the Government of Mexico,,4,
ME-L1084,True,40,,,none,,NCB (National Competitive Bidding),40,U.S. dollars from the Single Currency Facility,,National government ministry (Secretaría del Trabajo y Previsión Social - Department of Labor and Social Insurance),,3,
ME-L1086,False,,,,water/sanitation,,,,USD,,national government (INIFED and CEPS),C,4,
ME-L1090,False,,,,none,,,0,"U.S. dollars from the Single Currency Facility with conversion to Mexican pesos via Local Currency Facility (LCF), GN-2365-6",,national government - Mexican Ministry of Finance (SHCP),,2,
ME-L1091,False,0,,,none,,,0,U.S. dollars from the Ordinary Capital,,"National government agencies: Department of Social Development (SEDESOL) through the National Coordination Board of the Oportunidades Human Development Program (CNO), and Department of Public Education (SEP)",,3,
ME-L1098,True,50,,,basic services and urban infrastructure,,,50,U.S. dollars from the Single Currency Facility with conversion to Mexican pesos via Local Currency Facility,,National government department (SEDESOL) in cooperation with subnational entities (states and municipios),,3,
ME-L1103,False,0,,,housing,,,0,U.S. dollars from the Flexible Financing Facility (FFF),,"autonomous SOE (Sociedad Hipotecaria Federal, S.N.C.)",,3,
ME-L1109,True,33.33,,,energy,,,33.33,US Dollar,,national government development bank,B,4,
ME-L1111,False,0,,,public infrastructure,,"ICB, NCB",0,U.S. dollars from the Ordinary Capital,,autonomous SOE (national development bank),,3,
ME-L1114,,,,,,,,,,,,,,
ME-L1119,True,,,,energy,,,,U.S. dollars from the Ordinary Capital,,development bank owned and controlled by the Government of Mexico,,4,
ME-L1120,False,,,,none,,,0,US$,,Financiera Rural (autonomous national development bank),,5,
ME-L1121,True,,,,buildings,,,,,,autonomous SOE,,,
ME-L1128,False,0,,,none,0,,57.06,United States dollars,,National government deconcentrated agency under Ministry of Health,C,4.0,
ME-L1141,False,0,,,none,0,,0,U.S. dollars from the Ordinary Capital,,national government (Department of Finance - SHCP),,2,
ME-L1142,,,,,none,,,,,,national government - Office of the Deputy Secretary of Upper Secondary Education (SEMS) within the Department of Public Education (SEP),C,,
ME-L1144,False,,,,none,,,0,U.S. dollars from the Ordinary Capital,,national government - Department of Finance (SHCP),,1,
ME-L1145,False,,,,,,,,U.S. dollars from the Ordinary Capital (OC),,Agricultural Trust Funds (autonomous),,4,
ME-L1147,False,,,,water/sanitation,,,20,U.S. dollars from the Bank's Ordinary Capital,,national government autonomous agency,B,4,
ME-L1148,True,45.25,,,energy,,,0.96,,,national development bank (autonomous SOE),,8,
ME-L1151,False,0,,,energy,,,0,U.S. dollars from the Bank's Ordinary Capital,,Nacional Financiera S.N.C. (NAFIN) - national development bank,,4,
ME-L1161,False,,,,none,,,,U.S. dollars from the Ordinary Capital (OC),,National development bank (autonomous),,3,
ME-L1163,False,0,,,buildings,,,,U.S. dollars from the Bank's Ordinary Capital,,"autonomous SOE (Sociedad Hipotecaria Federal, S.N.C.)",,5,
ME-L1167,False,0,,,urban infrastructure including water/sanitation and buildings,,ICB and national procedures,,United States dollars,,national government department in cooperation with subnational entities,,3,
ME-L1170,False,0,,,rural buildings,11,,0,U.S. dollars from the Ordinary Capital,,"autonomous national financial institution (FND - Financiera Nacional de Desarrollo Agropecuario, Rural, Forestal y Pesquero)",,3,
ME-L1172,False,0,,,energy,,,0,U.S. dollars from the Ordinary Capital,,public development bank (BANCOMEXT),,5,
ME-L1176,False,0,,,water/sanitation,97.65,,0,U.S. dollars from the Ordinary Capital (OC),,national government agency,,5,
ME-L1186,False,0,,,none,0,,,U.S. dollars from the Ordinary Capital,,national government - Department of Finance (SHCP),,5,
ME-L1189,False,0,,,none,,,0,United States dollars from the Ordinary Capital,,national government (Department of Finance / SHCP),,1,
ME-L1190,False,0,,,none,,,0,U.S. dollars from the Ordinary Capital,,Autonomous government financial institution (FIRA - Fideicomisos Instituidos en Relación con la Agricultura / Agricultural Trust Funds),,4,
ME-L1253,True,6,,,none,,,0,U.S. dollars,,national government,,1,
ME-L1256,False,0,,,buildings,,,0,,,,,,
ME-L1257,,,,,none,,,,,,,C,,
ME-L1258,False,0,,,none,,,0,U.S. dollars from the Ordinary Capital (OC),,National government - Department of Labor and Social Insurance (STPS),C,5,
ME-L1259,False,0,,,none,,,0,U.S. dollars,,"national development bank (Financiera Nacional de Desarrollo Agropecuario, Rural, Forestal y Pesquero)",,3,
ME-L1264,True,14.29,,,"energy infrastructure (gas pipelines, electricity distribution)",,,,U.S. dollars from the Bank's OC,,national government (Department of Energy - SENER),,1,
ME-L1266,False,0,,,none,,,0,U.S. dollars from the Ordinary Capital,,"national government - Department of Agricultural, Territorial, and Urban Development (SEDATU)",,1,
ME-L1267,False,0,,,buildings,,,,U.S. dollars from the Ordinary Capital,,"National government department (Department of Energy / SENER), not newly created",B,4,
ME-L1268,False,,,,housing,,,,U.S. dollars,,"national government - Department of Environment and Natural Resources (SEMARNAT), with participation of National Forestry Commission (CONAFOR) and National Housing Commission (CONAVI) as implementing agencies",,4,
ME-L1276,False,,,,none,,,0,U.S. dollar,,national government (SHCP - Secretaría de Hacienda y Crédito Público),,1,
ME-L1284,False,0,,,telecommunications infrastructure,,,0,U.S. dollars,,National state-owned development bank (Bancomext),,4,
ME-L1289,False,0,,,none,,,0,United States dollars,,national government,,1,
ME-L1294,False,0,,,none,,,0,United States dollar (from the Ordinary Capital),,"National government - Department of Agricultural, Territorial, and Urban Development (SEDATU)",,1,
ME-L1295,False,,,,water/sanitation,,,,U.S. dollars,,national government - National Water Commission (CONAGUA),,5,
ME-L1297,False,0,,,none,,"ICB, NCB",0,United States dollar,,national government,C,5,
ME-L1299,False,0,,,none,0,,0,U.S. dollar,,national government,,1,
ME-L1300,,,,,none,,,,,,National Development Bank (BANCOMEXT),,,
ME-L1301,False,0,,,none,,,0,U.S. dollar,,"autonomous SOE - Bank of Mexico acting as trustor of the Special Fund for Agricultural Financing (FEFA), part of FIRA",,2,
ME-L1308,False,0,,,none,,,0,U.S. dollars,,"Nacional Financiera S.N.C. Institución de Banca de Desarrollo (NAFIN), a national development bank",,2,
ME-L1309,,,,,,,,,,,,,,
ME-L1312,False,0,,,public spaces and urban facilities,,,0,U.S. dollars,,"national government department (SEDATU), with INSUS as subexecuting agency for Component 2",,4,
ME-L1315,False,,,,none,,,,United States dollar,,national government (Department of Finance),,1,
ME-L1322,False,,,,none,,,0,U.S. dollar,,national government,,1,
ME-L1326,False,,,,none,,,0,U.S. dollars,,"autonomous development bank - Agricultural Trust Funds (FIRA), through the Special Fund for Agricultural Financing (FEFA)",,4,
ME-L1331,False,0,,,none,0,,0,United States dollar,,"national government - Department of Agricultural, Land, and Urban Development (SEDATU)",not covered by ESPF,1,
ME-L1332,False,0,,,none,,,0,U.S. dollar,,national government,,1,
ME-L1333,False,0,,,none,,,0,U.S. dollar,,autonomous SOE,,3,
ME-L1340,,,,,,,,,,,,,,
ME-L1341,False,,,,none,,,,US dollars,,,,,
ME-L1342,False,,,,none,,,0,U.S. dollar,,national government - Department of Finance and Public Credit (SHCP),,1,
ME-L1343,False,0,,,none,0,,0,U.S dollar,,national government,N/A,1,
NI-L1001,,,,,,,,,,,national government - Ministry of Health,,,
NI-L1004,False,,,,buildings,,,11.76,United States dollar,,national government,,3.5,
NI-L1005,,,,,,,"ICB, NCB",,,,"Multiple national government agencies: IDR (Rural Development Institute), INTUR (Nicaraguan Tourism Institute), MTI (Ministry of Transport and Infrastructure)",,,
NI-L1006,True,17,,,roads,,,1,U.S. dollars,,national government ministry,,6,
NI-L1008,False,0,,,water/sanitation,,International competitive bidding,9.8,US$ dollars,,Emergency Social Investment Fund (FISE) with the participation of local governments and community associations,,4,
NI-L1009,False,0,,,,,direct contracting,10,U.S. dollars from the Fund for Special Operations (FSO),,national government ministry,,2.5,
NI-L1010,True,29,,,water/sanitation,,,5,U.S. dollars from the Single Currency Facility (SCF),,"Municipality (subnational government), with participation of additional municipalities; not newly created",,3,
NI-L1011,False,0,,,none,,,0,U.S. dollars,,national government - Ministry of Finance,,1,
NI-L1013,False,,,,housing,,Bank's procurement policies and procedures,4.6,US$,,national government institute (INVUR - Instituto de Vivienda Urbana y Rural),,4,
NI-L1014,,,,,health infrastructure,,"ICB, NCB, QCBS, LCS, Shopping",,,,Ministry of Health (MINSA),,,
NI-L1015,,,,,energy,,,,,,National Electricity Transmission Company,,,
NI-L1016,False,0,,,none,,"ICB, shopping",4.2,U.S. dollars,,national government,,4,
NI-L1017,True,22,,,water/sanitation,,,2,U.S. dollars from Fund for Special Operations (FSO),,autonomous SOE (Empresa Nicaragüense de Acueductos y Alcantarillados),,,
NI-L1020,False,,,,none,,,0,U.S. dollars,,national government ministry,,5,
NI-L1021,True,34.42,,,energy,,,4.08,"USD, SCF",,national government ministry and autonomous SOEs,,4,
NI-L1022,True,31.76,,,energy - rehabilitation of hydroelectric plants,,,3.82,U.S. dollars from the Single Currency Facility,,"national government agencies and state-owned enterprises - Ministry of Energy and Mines (MEM), Empresa Nacional de Transmisión Eléctrica (ENATREL), and Empresa Nicaragüense de Electricidad and its subsidiary Generadora Hidroeléctrica S.A. (ENEL/HIDROGESA)",,4,
NI-L1023,False,,,,none,,,0,US$,,national government,,1,
NI-L1029,False,,,,water/sanitation,,,0,U.S. dollars from the Single Currency Facility of the Ordinary Capital,,autonomous SOE (Nicaraguan Water and Sewerage Company - ENACAL),,5,
NI-L1033,True,55.36,,,none,,,,U.S. dollars,,national government,C,5,
NI-L1035,True,,,,roads,,,0,United States dollars,,national government,,4,
NI-L1036,True,31.76,,,"energy (electricity transmission, transformation, and power plant rehabilitation)",74.76,,3.82,U.S. dollars from the Single Currency Facility,,national government ministry and autonomous state-owned enterprises,,4,
NI-L1039,,,,,,,,,,,,,,
NI-L1040,True,,,,energy,,,,Single Currency Facility,,Multiple autonomous entities: ENATREL (transmission operator) and ENEL (electricity utility for isolated systems),,,
NI-L1046,False,,,,none,,,0,U.S. dollars from the Single Currency Facility,,"Financial corporation (sociedad anónima) with majority government ownership, regulated by SIBOIF and supervised by the Comptroller General",,5,
NI-L1047,False,,,,none,,,0,USD with SCF-Fixed,,national government ministry,,1,
NI-L1048,True,22.0,,,water/sanitation and disaster risk reduction works,,,4.4,US$,,national government ministry,,5,
NI-L1049,True,,,,roads,,,,USD,,national government (MTI - Ministry),,3,
NI-L1050,,,,,energy,,,,,,"National government ministry (Ministry of Energy and Mines), autonomous SOE (ENATREL), and utility (ENEL)",,,
NI-L1051,False,,,,none,,,0,US$,,national government,,1,
NI-L1052,False,,,,roads,,,3.25,,,national government ministry and autonomous fund,,5,
NI-L1053,True,22.56,,,"housing, water/sanitation, storm drainage and roads",,,12.66,U.S. dollars from the U.S. Single Currency Facility dollars,,"National government autonomous agency (INVUR - Urban and Rural Housing Administration), in conjunction with auxiliary entities",C,4,
NI-L1054,,,,,,,,,,,,,,
NI-L1056,False,,,,buildings,,,2,U.S. dollars,,national government ministry,,2,
NI-L1059,False,0,,,none,,,58,,,national government,,4,
NI-L1063,True,,,,energy,,"ICB, NCB",,Single Currency Facility,,national government ministry,,,
NI-L1064,False,0,,,none,0,,0,US dollars,,"national government, Ministry of Finance",,1,
NI-L1068,False,,,,buildings,,,6,US$ Single Currency Facility,,national government (Ministry of Health),,5,
NI-L1071,False,,,,roads,,"LPI, SBCC, 3CV",2.63,U.S. dollars,,Ministry of Transport and Infrastructure (MTI) and Road Maintenance Fund (FOMAV),,5,
NI-L1074,False,,,,none,0,,0,US$ and SCF US$,,national government ministry (Ministry of Finance and Public Credit),,1,
NI-L1079,False,,,,none,,,0,U.S. dollars,,national government,,1,
NI-L1080,False,,,,none,,"ICB, NCB",,U.S. dollars,,"Autonomous SOE (Banco de Fomento a la Producción), acting as trustee, not newly created",,5,
NI-L1081,,,,,,,"ICB, NCB",,,,Ministry of Health (MINSA),,,
NI-L1082,False,,,,buildings,,competitive bidding,6.2,United States dollars,,national government,,5.75,
NI-L1083,True,,,,border crossing infrastructure and buildings,,ICB (International competitive bidding) and QCBS (Quality- and cost-based selection),4.7,US$,,National government ministry (Ministry of Finance) through its General Coordination Office for Programs and Projects (CGPP),,5,
NI-L1087,False,,,,roads,,,2.0,United States dollars,,national government - Ministry of Transportation and Infrastructure (MTI),,5,
NI-L1089,False,,,,energy,,,,U.S. dollars,,national government,,1,
NI-L1090,,,,,telecommunications infrastructure (fiber optic cable),81,,,,,autonomous SOE (ENATREL - National Electric Transmission Company),B,,
NI-L1091,False,,,,energy,94.5,,7.0,U.S. dollars,,National Electrical Transmission Company (ENATREL) - autonomous SOE,,5,
NI-L1092,False,,,,roads,,,2.1,United States dollars,,national government ministry,,5,
NI-L1094,True,,,,energy,,,,,,,A,,
NI-L1095,False,,,,none,,,56.3,United States dollars drawn from the Ordinary Capital; United States dollars drawn from the Fund for Special Operations,,national government - Ministry of Health (MINSA),B,5,
NI-L1096,False,,,,none,,,0,U.S. dollars,,national government - Ministry of Finance,,1,
NI-L1097,False,0,,,roads,,,3,U.S. dollars from the Single Currency Facility,,national government - Ministry of Transportation and Infrastructure,A,5,
NI-L1143,False,0,,,roads,,"ICB, NCB",3.62,U.S. dollars,,national government ministries (Ministry of Health and Ministry of Transportation and Infrastructure),,5,
NI-L1144,False,,,,none,,,,U.S. dollars,,national government,,1,
NI-L1145,True,12.1,,,water/sanitation,,,1.5,United States dollars,,autonomous SOE (water and sewer company),B,5,
NI-L1161,False,,,,health facilities,48.5,specialized agencies (direct contracting),0.5,U.S. dollar,,national government ministry,,2,
NI-L1163,,,,,,,,,,,,,,
NI-L1164,,,,,,,,,,,,,,
PE-L1002,,,,,,,,,,,national government - Office of the Comptroller General of the Republic (CGR),,,
PE-L1005,True,10,,,none,,International competitive bidding (ICB),80,U.S. dollars from the Single Currency Facility with Option of conversion to Peruvian nuevos soles,,national government - Ministry of Health (MINSA),,5,
PE-L1006,,,,,roads,,"ICB, NCB",,,,Special national transportation infrastructure project (PROVÍAS Nacional / PVN),,,
PE-L1007,False,,,,,,"ICB, LCB",,,,National Agricultural Health Service (SENASA),,,
PE-L1009,False,0,,,none,,Bank procedures,30,US dollars from the Single Currency Facility,,national government - Ministry of Economy and Finance,,3,
PE-L1011,True,33.3,,,roads,,competitive bidding,33.3,U.S. dollars from the Single Currency Facility,,"national government, Ministry of Transportation and Communications, through Provías Rural",,5,
PE-L1012,False,0,,,none,,,0,U.S. dollars from the Single Currency Facility,,national government - Ministry of Economy and Finance (MEF),,1,
PE-L1017,False,0,,,none,,,0,Single Currency Facility,,national government,,1,
PE-L1020,False,0,,,water/sanitation,,,0,"US dollars (LCF), with local currency conversion option",,autonomous SOE (state-owned utility company),,3.5,
PE-L1023,False,,,,,,direct contracting,75.26,U.S. dollars from the Single Currency Facility with option to convert to Peruvian nuevos soles using Local Currency Facility,,National government agency - Servicio Nacional de Sanidad Agraria (SENASA),,5,
PE-L1024,False,0,,,none,0,not applicable,0,Single Currency Facility with conversion option to new soles via Local Currency Facility (LCF),,national government ministry,,1,
PE-L1025,False,0,,,none,,,0,"U.S. dollar, from the Single Currency Facility, with option to convert into Peruvian New Soles (LCF)",,national government - Ministry of the Economy and Finance (MEF),,1,
PE-L1026,False,,,,none,,,50,U.S. dollars from the Ordinary Capital (OC),,national government ministry through autonomous program (MINAGRI through AGRO RURAL),B,5,
PE-L1027,False,,,,none,,,0,U.S. dollars from the Single Currency Facility with option of conversion to Peruvian nuevos soles via Local Currency Facility (LCF),,national government - Ministry of Economy and Finance (MEF),,1,
PE-L1030,False,,,,none,,international competitive bidding,,,,national government - Ministry of Economy and Finance (MEF),C,,
PE-L1031,True,,,,buildings,,,28,U.S. dollars from the Single Currency Facility of the Bank's Ordinary Capital with conversion option into Peruvian nuevos soles under the Local Currency Facility,,national government - Ministry of Justice,,5,
PE-L1040,True,50,,,none,,,0,U.S. dollars from the Single Currency Facility with conversion option to nuevos soles via Local Currency Facility,,national government - Ministry of Economic Affairs and Finance,,1,
PE-L1050,False,0,,,none,0,not applicable,0,United States dollars from the Single Currency Facility with option to convert to Peruvian nuevos soles (PEN) via Local Currency Facility (LCF),,"national government - Ministry of Economic Affairs and Finance (MEF), an executive branch government agency",,1,
PE-L1052,False,0,,,none,0,,0,U.S. dollars from the Single Currency Facility with option to convert into Peruvian new soles via Local Currency Facility (LCF),,national government - Ministry of Economy and Finance (MEF),,1,
PE-L1054,False,0,,,none,0,not applicable - policy-based lending,0,U.S. dollars from the Single Currency Facility with option for conversion to Peruvian nuevos soles via Local Currency Facility (LCF),,national government - Ministry of Economy and Finance (MEF),,1,
PE-L1055,False,0,,,none,0,not applicable - policy-based lending,0,U.S. dollars with option for conversion to Peruvian nuevos soles,,national government - Ministry of Economy and Finance,,1,
PE-L1057,False,0,,,,,,0,Single Currency Facility with option for conversion into Peruvian new soles via Local Currency Facility (LCF),,National government - Ministry of Economy and Finance (MEF),,1,
PE-L1058,,,,,roads,,"ICB, NCB, QCBS",,,,,B,,
PE-L1060,False,0,,,water/sanitation,,,39,U.S. dollars from the Single Currency Facility of the Ordinary Capital with option of converting to nuevos soles via Local Currency Facility (LCF),,"Autonomous SOE - Servicio de Agua Potable y Alcantarillado de Lima (SEDAPAL), Lima Water and Sewer Utility Company",,4.5,
PE-L1061,False,0,,,none,0,Not applicable,0,"U.S. dollars from the Single Currency Facility, with option for conversion to nuevos soles via Local Currency Facility",,National government ministry - Ministry of Economy and Finance (MEF),,1,
PE-L1062,True,21,,,buildings,,,40,U.S. dollars from the Single Currency Facility of the Bank's Ordinary Capital; option for conversion to Peruvian nuevos soles via Local Currency Facility,,national government ministry (Ministry of Education),,5.5,
PE-L1066,False,0,,,none,0,Not applicable,0,U.S. dollars from the Bank's Single Currency Facility; Option of conversion into Peruvian nuevos soles: Local Currency Facility,,national government (Ministry of Finance),,1,
PE-L1068,False,,,,none,,"ICB, NCB",65,US dollars from the Single Currency Facility with the possibility of conversion to Peruvian soles under the Local Currency Facility,,"National government, Office of the President of the Council of Ministers through existing Project Coordination Unit (FINCyT)",,7,
PE-L1069,True,15.85,,,roads,,,68.3,U.S. dollars from the Single Currency Facility with option for conversion to Local Currency Facility Peruvian nuevos soles,,National government ministry (Ministry of Transportation and Communications),,4,
PE-L1070,False,,,,water/sanitation,,,48.9,US dollars from the Single Currency Facility with conversion option into Peruvian Nuevos Soles (PEN) via Local Currency Facility (LCF),,National government autonomous agency (National Water Authority - ANA),,5,
PE-L1072,False,0,,,none,0,,0,"U.S. dollars from the Single Currency Facility, with option to convert to Peruvian nuevos soles (Local Currency Facility)",,"national government (Ministry of Economy and Finance, through the National Public Debt Office (DNEP) and the Sector Loan Coordination Unit (UCPS))",C,1,
PE-L1076,False,0,,,none,,,0,U.S. dollars from the Single Currency Facility; option to convert to Peruvian nuevos soles,,Ministry of Economy and Finance (MEF) - national government,Not classified / does not require classification,1,
PE-L1077,True,,,,none,0,international competitive bidding,,,,"national government - Sector Loan Coordination Unit (UCPS) coordinating with Ministry of Housing, Construction, and Sanitation (MVCS) and National Superintendency of Sanitation Services (SUNASS)",C,,
PE-L1078,False,0,,,none,0,,0,U.S. dollars from the Single Currency Facility,,"Ministry of Economy and Finance, through the Sector Loan Coordination Unit (UCPS)",C,1,
PE-L1080,False,0,,,none,,Not applicable,0,U.S. dollars from the Single Currency Facility of the OC. Conversion option to Peruvian new soles (PEN): Local Currency Facility.,,national government,,1,
PE-L1086,False,0,,,none,,,,"U.S. dollars from the Single Currency Facility of the Bank's Ordinary Capital, with conversion option to Peruvian nuevos soles via Local Currency Facility",,"National government ministry (Ministry of Economy and Finance), acting through existing offices (National Office of Public-sector Borrowing and Sector Loan Coordination Unit)",,1,
PE-L1087,False,0,,,none,0,"ICB, DC, QCBS, LCS, LOI",10.09,"U.S. dollars from the Single Currency Facility of the Bank's Ordinary Capital, with option for conversion to Peruvian nuevos soles via Local Currency Facility",,national government - Ministry of Economy and Finance (MEF),C,5,
PE-L1088,False,,,,none,,,0,"U.S. dollars from the Single Currency Facility of the Bank's Ordinary Capital (OC), subject to the Operational framework for lending in local currency",,"National government - Ministry of Economy and Finance (MEF), through the Sector Loan Coordination Unit (UCPS)",No classification required,3,
PE-L1091,False,0,,,none,0,not applicable,0,U.S. dollars with option to convert to nuevos soles via Local Currency Facility,,national government - Ministry of Economy and Finance,,1,
PE-L1092,True,,,,sanitary landfills and basic infrastructure,,competitive bidding process and request for proposals,18.92,U.S. dollars,,national government ministry,,4.5,
PE-L1097,False,0,,,none,0,not applicable - policy-based loan,0,U.S. dollars from the Single Currency Facility; option of conversion into Peruvian nuevos soles via Local Currency Facility,,national government - Ministry of Finance (MEF),,1,
PE-L1098,False,,,,none,,,,US dollars,,,not classified (policy-based loan),,
PE-L1099,False,0,,,none,,,0,U.S. dollars from the Bank's Ordinary Capital (OC),,"national government (Ministry of Economy and Finance, acting through the Public Debt and Treasury Division)",,1,
PE-L1100,True,,,,none,,,29.41,"U.S. dollars from the Single Currency Facility of the Bank's Ordinary Capital, subject to the operational framework for lending in local currency",,national government - Ministry of Economy and Finance,,3,
PE-L1101,False,,,,,,,60,U.S. dollars from the OC's Single Currency Facility; Option to convert to Peruvian nuevos soles under the LCF,,national government,,4.5,
PE-L1104,False,0,,,none,,,0,U.S. dollars from the Single Currency Facility of the Bank's Ordinary Capital. Conversion option to Peruvian nuevos soles: Local Currency Facility.,,National government - Ministry of Economy and Finance through the Dirección General de Endeudamiento y Tesoro Público and the Unidad de Coordinación de Préstamos Sectoriales,,1,
PE-L1105,False,,,,none,,,,,,national government ministry - MEF's Sector Loan Coordination Unit,C,,
PE-L1106,False,,,,none,,,33,U.S. dollars from the OC,,national government,,5.5,
PE-L1107,False,0,,,none,,,0,U.S. dollars with option to convert to nuevos soles,,national government - Ministry of Economy and Finance (MEF),,1,
PE-L1108,False,,,,none,,,0,U.S. dollars from the Single Currency Facility of the Bank's Ordinary Capital. Option to convert into Peruvian nuevos soles.,,national government - Ministry of Economy and Finance (MEF) through the Sector Loans Coordination Unit (UCPS),,1,
PE-L1121,False,0,,,none,0,,0,U.S. dollars from the Ordinary Capital,,national government - Ministry of Economy and Finance (MEF),,1,
PE-L1122,False,,,,none,,,49.83,U.S. dollars from the Ordinary Capital,,national government ministry,C,5.5,
PE-L1125,False,,,,none,,,51.3,U.S. dollars from the Bank's Ordinary Capital,,National government - National Agricultural Innovation Institute (INIA) under Ministry of Agriculture and Irrigation (MINAGRI); transformation to specialized technical agency planned,B,5,
PE-L1126,,,,,none,,,0,U.S. dollars from the Bank's Ordinary Capital,,national government - Ministry of Finance (MEF),,1,
PE-L1127,False,0,,,none,0,,0,U.S. dollars from the Bank's Ordinary Capital,,National government - Ministry of Economy and Finance through the Sector Loans Coordination Unit,,1,
PE-L1129,False,,,,none,,,0,United States dollars,,National government ministry (Ministry of the Economy and Finance through the Sector Loan Coordination Unit),,1,
PE-L1130,False,0,,,none,0,,79,U.S. dollars from the Ordinary Capital,,National Tax and Customs Administration Authority (SUNAT) - autonomous SOE,C,6,
PE-L1132,False,,,,none,,,50,U.S. dollars from the Bank's Ordinary Capital,,national government autonomous entity,C,5.5,
PE-L1135,True,8.3,,,roads,,ICB (International Competitive Bidding),83.3,U.S. dollars from the Ordinary Capital (OC),,"National government agency - Ministry of Transportation and Communications (MTC), through Provías Descentralizado (PVD)",,5,
PE-L1138,False,0,,,none,,,0,U.S. dollars from the Bank's Ordinary Capital,,national government - Ministry of Economy and Finance,,1,
PE-L1140,False,0,,,none,0,,0,U.S. Dollars from the OC,,national government,,1,
PE-L1147,,,,,rail,,,,,,,,,
PE-L1151,False,0,,,roads,,,83.8,U.S. dollars from the Bank's Ordinary Capital,,national government agency (PROVIAS Nacional under Ministry of Transportation and Communications),,5,
PE-L1152,False,0,,,buildings,,licitación pública internacional,23,U.S. dollars from the Ordinary Capital (OC),,national government - Ministry of Labor and Employment Promotion (MTPE),C,5,
PE-L1153,True,,,,waste/sanitation,,international competitive bidding,15,U.S. dollars from Ordinary Capital,,national government ministry,,5,
PE-L1154,False,0,,,none,,,0,U.S. dollars,,"national government, not newly created",,3,
PE-L1159,False,,,,none,,licitación pública internacional (ICB),67.7,U.S. dollars from the Ordinary Capital,,national government ministry (Ministry of Foreign Trade and Tourism - MINCETUR),,5,
PE-L1162,False,0,,,none,,comparison of qualifications for individual consultants,60,U.S. dollars from the Ordinary Capital,,National government ministry acting through existing national program as execution unit,C,7,
PE-L1169,False,0,,,none,,,0,United States dollars,,national government ministry,,3,
PE-L1171,False,0,,,,,comparison of qualifications of at least three candidates for individual consultant selection; international competitive bidding (ICB) threshold-based approach,37.7,U.S. dollars from the Ordinary Capital (OC),,National Identification and Civil Status Registry (RENIEC) - autonomous national government entity,,4,
PE-L1222,False,0,,,none,,International Public Bidding (LPI),17.94,U.S. dollars,,national government - Office of the President of the Council of Ministers (PCM),C,5,
PE-L1223,False,0,,,none,,,0,United States dollar,,national government,,1,
PE-L1224,False,0,,,none,,"ICB (International Competitive Bidding), National Public Bidding",9,United States dollar,,National government - Ministry of the Interior (MININTER),B,5,
PE-L1226,False,0,,,water/sanitation,,ICB (International Competitive Bidding / Licitación Pública Internacional),21,U.S. dollars from the Ordinary Capital,,"National government agency - National Rural Sanitation Program (PNSR) of the Ministry of Housing, Construction, and Sanitation (MVCS)",,4,
PE-L1227,False,0,,,buildings,,ICB (licitación pública internacional),63,U.S. dollars from the Bank's Ordinary Capital,,national government - Ministry of Education (MINEDU),C,5,
PE-L1228,True,44.2,,,health facilities/buildings,,International Competitive Bidding (Licitación Pública Internacional),21,U.S. dollars from the Ordinary Capital (OC),,National government agency - Ministry of Health (MINSA) through the National Healthcare Investment Program (PRONIS),,5,
PE-L1229,False,,,,none,,International competitive bidding (ICB),48.1,United States dollars,,Autonomous SOE - National Agricultural Health Service (SENASA),,5,
PE-L1230,False,,,,buildings,,licitación pública internacional (international competitive bidding),,,,"national government, multiple entities including MINJUS (Ministry of Justice), Office of the Prosecutor General, Judiciary, INPE, PRONACEJ",C,,
PE-L1231,False,0,,,none,,,12,U.S. dollars,,national government,C,6,
PE-L1232,True,,,,none,,licitación pública internacional (International Competitive Bidding),,United States dollars,,National government program (National Forest Conservation Program for Climate Change Mitigation - PNCBMCC),A,5.5,
PE-L1238,False,0,,,water/sanitation,,licitación pública internacional,19.1,United States dollars,,national government,,5,
PE-L1239,False,0,,,none,,,50.7,U.S. dollar,,National Customs and Tax Administration Superintendency (SUNAT),C,5,
PE-L1240,False,0,,,none,,licitación pública internacional (international competitive bidding),50,U.S. dollars,,autonomous national government agency (Office of the Comptroller General of Peru - CGR),C,5,
PE-L1244,False,0,,,none,,,0,U.S. dollar,,"national government (Ministry of Economy and Finance, through the Directorate General of the Public Treasury)",,1,
PE-L1246,True,20,,,buildings,,"ICB (international competitive bidding), as determined in the Bank-approved procurement plan",20,U.S. dollars,,"National government ministry - Ministry of Culture (MINCUL), through Project Executing Unit 008",,4,
PE-L1247,False,,,,none,,international competitive bidding,20,U.S. dollar,,national government - Ministry of Economy and Finance,C,5,
PE-L1250,False,,,,none,,"ICB, NCB, QCBS",28,U.S. dollars,,national government,,5,
PE-L1252,True,,,,roads,,international competitive bidding (licitación pública internacional),87,U.S. dollar,,"national government agency (Ministry of Transportation and Communications, through Provias Descentralizado)",,5,
PE-L1254,True,,,,none,,,,Dollars of the United States of America,,COFIDE (Corporación Financiera de Desarrollo) - National Development Bank,,,
PE-L1256,False,0,,,water/sanitation,,,22,U.S. dollars,,"national government - Ministry of Housing, Construction, and Sanitation (MVCS), acting through the National Urban Sanitation Program (PNSU)",,6,
PE-L1258,True,9,,,none,,,0,U.S. dollar,,"national government ministry, with support from autonomous financial institution",,5,
PE-L1259,False,0,,,storm drainage,,,28.33,United States dollars,,National government ministry,,5,
PE-L1261,False,0,,,none,0,,0,United States dollars,,"Ministry of Economy and Finance, acting through the Office of the Public Treasury - national government",,3,
PE-L1262,False,0,,,none,,,0,United States dollar,,national government,,3,
PE-L1263,False,0,,,,,"ICB, QCBS",29,United States dollar,,national government - Ministry of Production (PRODUCE),,5,
PE-L1266,False,0,,,none,,"ICB, QCBS",20,U.S. dollar,,national government - Ministry of Economy and Finance,,6,
PE-L1267,False,0,,,none,,,0,U.S. dollar,,"national government (Ministry of Economy and Finance, through the Public Treasury Department)",,3,
PE-L1268,,,,,,,ICB and NCB,,,,Execution Unit 118 - Improvement of the Quality of Basic and Higher Education,,,
PE-L1269,False,0,,,water/sanitation,,NCB,35,U.S. dollar,,"national government - Ministry of Housing, Construction, and Sanitation (MVCS), through the National Rural Sanitation Program (PNSR)",,6,
PE-L1270,False,,,,,,,21,U.S. dollars,,National Institute for Agricultural Innovation (INIA) under the Ministry of Agricultural Development and Irrigation (MIDAGRI),,5,
PE-L1272,False,0,,,none,,,0,United States dollar,,"autonomous SOE, second-tier development bank, not newly created",,5,
PE-L1276,False,0,,,none,,,0,U.S. dollars,,national government,,3,
PE-L1278,,,,,,,ICB,,,,,,,
PE-L1279,False,,,,roads,,,63.3,U.S. dollar,,"national government agency, Provías Descentralizado under the Ministry of Transportation and Communications",,5,
PE-L1280,False,,,,none or minimal,,"ICB, NCB, QCBS",20.71,United States dollars,,autonomous national agency - National Agricultural Health Service (SENASA),,5,
PE-L1281,False,0,,,,,QCBS,33,U.S. dollars,,national government - Presidency of the Council of Ministers (PCM),,5,
PE-L1283,False,0,,,none,,,0,United States dollars,,national government ministry,,3,
PE-L1284,,,,,,,,,,,,,,
PE-L1285,,,,,water/sanitation,,"ICB, NCB, QCBS",,,,,,,
PE-L1286,False,,,,none,,,39.2,United States dollar,,autonomous SOE - Banco de la Nación,,5,
PE-L1288,False,0,,,none,,,0,United States dollars,,"national government, existing ministry",,3,
PE-L1290,False,,,,none,,"ICB, QCBS, 3CV",25,U.S. dollars,,autonomous SOE - Pension Standardization Office (ONP),,5,
PE-L1292,,,,,water/sanitation,,ICB,,,,,,,
PE-L1293,False,,,,housing/buildings,,,0,U.S. dollars,,Autonomous financial intermediary (Fondo MiVivienda),FI,5,
PE-L1294,False,,,,river transport infrastructure,,,20.28,United States dollar,,national government ministry,B,6,
PE-L1297,False,0,,,buildings,,,20,U.S. dollar,,national government ministry,B,5,
PE-L1298,False,0,,,energy,,"ICB, QCBS",20,U.S. dollars,,national government,B,5,
PE-L1299,False,0,,,telecommunications infrastructure,,,20,U.S. dollar,,national government - Ministry of Transportation and Communications through the Programa Nacional de Telecomunicaciones (PRONATEL),B,6.5,
PE-L1302,False,,,,,,"ICB, NCB, QCBS",25.2,United States dollar,,National government ministry acting through a national program (MINJUSDH/PRONAPRES),B,5,
PE-L1303,False,0,,,none,,,0,U.S. dollar,,national government,,1,
PE-L1304,False,0,,,none,,,20,U.S. dollar,,National Identification and Civil Status Registry (RENIEC) - autonomous national government entity,C,5,
PE-L1305,,,,,,,Direct contracting,,,,,,,
PN-L1002,False,0,,,"housing, urban roads, sanitation",,,4.8,U.S. dollars from the Single Currency Facility,,National government ministry unit (Housing and Urban Development Policy Unit within Ministry of Housing),,4,
PN-L1003,False,0,,,none,,,10,U.S. dollars from the Single Currency Facility,,national government ministry,,5,
PN-L1004,,,,,housing/barrio improvement,,"ICB, LCB",,,,Ministry of Housing (MIVI),,,
PN-L1005,,,,,,,,,,,,,,
PN-L1007,,,,,,,,,,,,,,
PN-L1012,,,,,,,,,,,National Council on Sustainable Development (CONADES) with coexecuting agencies,,,
PN-L1013,False,,,,none,0,"ICB, NCB, shopping",,,,national government - autonomous authority,,5,
PN-L1014,True,9.4,,,none,,,38.0,U.S. dollars from the Single Currency Facility,,national government ministry (Ministry of Commerce and Industry) with support from multiple ministries and agencies,,4,
PN-L1016,False,0,,,,,,16,U.S. dollars from the Single Currency Facility,,National government - Ministry of the Presidency through the Executive Secretary of the National Council for Sustainable Development (CONADES),,5,
PN-L1017,False,0,,,"roads, infrastructure and basic services",,,20,US dollars from the Single Currency Facility,,National government agency - Ministry of the Presidency through autonomous council (CONADES),,3,
PN-L1018,,,,,none,,,,,,,,,
PN-L1019,,,,,water/sanitation,,,,,,,,,
PN-L1031,False,,,,energy,,,50,U.S. dollars from the Single Currency Facility,,autonomous SOE,,4.5,
PN-L1033,False,0,,,none,0,not applicable - policy-based loan,0,U.S. dollars from the Single Currency Facility,,"National government - Ministry of Economic Affairs and Finance (MEF), in coordination with the National Energy Secretariat (SNE), the Public Services Authority (ASEP), Empresa de Transmisión Eléctrica S.A. (ETESA) and the National Environment Authority (ANAM)",,1,
PN-L1042,False,0,,,water/sanitation,,,20,U.S dollars,,national water and sanitation company (IDAAN),,4,
PN-L1047,False,0,,,roads,,,30,U.S. dollars,,national government,,5,
PN-L1053,False,0,,,water/sanitation,,,23.4,U.S. dollars from the Single Currency Facility,,"National government (Ministry of Health, acting through the project coordination unit with participation of the National Water and Sewer Systems Institute)",,5,
PN-L1064,False,0,,,buildings,74.57,NCB,7.42,U.S. dollars from the Single Currency Facility,,national government - Ministry of Education (MEDUCA),,4,
PN-L1066,False,,,,none,0,,9,U.S. dollars from the Single Currency Facility,,"National government, Ministry of Economy and Finance (MEF)",C,3,
PN-L1067,True,,,,none,,,0,U.S. dollars from the Single Currency Facility,,National government - Ministry of Economy and Finance (MEF),,2,
PN-L1068,False,0,,,none,,,29,U.S. dollars from the Single Currency Facility of the Ordinary Capital,,national government ministry,,5,
PN-L1070,False,,,,none,,,0,U.S. dollars from the Single Currency Facility of the Bank's Ordinary Capital,,national government,,1,
PN-L1072,False,0,,,buildings,,,12.5,U.S. dollars from the Bank's Ordinary Capital,,national government (Ministry of Education),B,4,
PN-L1074,False,0,,,none,0,,0,U.S. dollars from the Bank's Ordinary Capital,,national government - Ministry of Economy and Finance (MEF),,1,
PN-L1089,False,0,,,none,,,0,U.S. dollars from the Ordinary Capital of the Bank,,national government - Ministry of Economy and Finance (MEF),,1.5,
PN-L1093,False,0,,,water/sanitation,,,22.19,U.S. dollars from the Ordinary Capital,,National autonomous water and sanitation company (IDAAN) and National Sustainable Development Council (CONADES),B,5,
PN-L1095,True,44.94,,,energy,,,10.11,U.S. dollars from the Ordinary Capital,,national government office within the Ministry of the Office of the President,C,4,
PN-L1100,False,0,,,none,,,0,U.S. dollars from the Ordinary Capital,,national government,,1.5,
PN-L1103,False,,,,none,,,0,U.S. dollars,,national government,,0.833,
PN-L1105,False,0,,,buildings,,"LPN, SBCC, SCC",17,U.S. dollars,,national government ministry,,4,
PN-L1107,,,,,border crossings infrastructure,,,,,,national government ministry,B,,
PN-L1109,True,61.52,,,water/sanitation,,,20.91,U.S. Dollars from the Ordinary Capital,,"national government - Ministry of Health (MINSA), through the Program Coordinating Unit (PCU)",,5,
PN-L1110,False,0,,,none,0,,0,U.S. dollars from the Ordinary Capital (OC),,national government - Ministry of Economy and Finance (MEF),,0.833,
PN-L1114,False,0,,,none,,"ICB, NCB, QCBS",27,U.S. dollars from the Ordinary Capital (OC),,National Authority for Government Innovation (AIG) - national government entity with responsibilities in e-government,,5,
PN-L1115,True,,,,buildings,,"ICB, NCB, DC, QCBS",,,,national government - Ministry of Health,B,,
PN-L1117,False,0,,,none,,,33.33,U.S. dollars from the Ordinary Capital (OC),,"National government autonomous agency - National Department of Science, Technology, and Innovation (SENACYT)",C,5,
PN-L1118,False,0,,,none,,,0,U.S. dollars from the Ordinary Capital,,national government,,1,
PN-L1119,False,0,,,none,0,,0,U.S. dollars from the Ordinary Capital,,national government - Ministry of Economy and Finance,,1,
PN-L1121,True,39.0,,,water/sanitation,,NCB,37.6,U.S. dollars from the Ordinary Capital,,National government - Ministry of Health through the Panama Sanitation Program Coordination Unit (UCPSP),,6,
PN-L1143,False,0,,,buildings,,"ICB, NCB, QCBS",0,United States dollars from the Ordinary Capital,,national government ministry,C,5,
PN-L1145,False,0,,,none,,,0,U.S. dollars from the OC,,national government - Ministry of Economy and Finance (MEF),,1,
PN-L1146,False,,,,cultural heritage buildings and rehabilitation,,,5.5,U.S. dollars,,National government agencies: National Culture Institute (INAC) and Ministry of the Environment,B,5,
PN-L1147,False,0,,,roads,,"ICB, NCB",0,United States dollar,,national government ministry,,4,
PN-L1148,False,0,,,water/sanitation,,ICB,2.2,United States dollars from the Ordinary Capital,,autonomous SOE - National Water and Sewer Systems Institute (IDAAN),B,6,
PN-L1149,False,0,,,none,,,0,United States dollars,,national government ministry,,1,
PN-L1150,False,0,,,water/sanitation,,ICB,5,U.S. dollar,,subnational,,6,
PN-L1151,False,0,,,none,,,0,U.S. dollars,,national government,,1,
PN-L1152,False,0,,,none,,,0,U.S. dollars from the Ordinary Capital,,national government - Ministry of Economy and Finance (MEF),,1,
PN-L1153,False,0,,,none,,,7,U.S. dollars,,national government ministry,C,5,
PN-L1154,,,,,,,"ICB, NCB, QCBS",,,,Panama Tourism Authority (ATP) - national government authority,,,
PN-L1155,True,16.7,,,energy,,International competitive bidding and methods determined by complexity and characteristics below international threshold,8.3,U.S. dollars,,"National government office - Ministry of the Office of the President, through the Rural Electrification Office (OER)",B,6,
PN-L1156,False,0,,,none,,,0,United States dollars from the Ordinary Capital,,The Ministry of Economy and Finance,,1,
PN-L1157,False,0,,,productive infrastructure,,,6.98,United States dollars,,national government,,6,
PN-L1159,False,0,,,none,,,0,United States dollars,,national government - Ministry of Economy and Finance,,1,
PN-L1160,False,0,,,buildings,,,3,U.S. dollars,,national government ministry office,,5,
PN-L1161,False,0,,,none,,,0,U.S. dollar,,national government,,5,
PN-L1162,False,0,,,none,,,0,U.S. dollar,,national government - Ministry of Economy and Finance,,1,
PN-L1164,False,0,,,none,,,0,U.S. dollars,,state-owned bank (Banco Nacional de Panamá),B,2,
PN-L1165,False,0,,,none,,,0,U.S. dollar,,autonomous SOE (Banco Nacional de Panamá),,2,
PN-L1166,False,0,,,,,,12,United States dollars,,national government ministries and autonomous institute,,5,
PN-L1167,False,0,,,none,,,0,United States dollars,,national government through the Ministry of Economy and Finance,,1,
PN-L1170,False,0,True,,none,,direct contracting,0,United States dollars,,national government - Ministry of Health (MINSA),,2.5,
PN-L1171,False,0,,,buildings,,"ICB, NCB, QCBS",19.4,U.S. dollar,,national government autonomous authority,,5,
PN-L1172,False,0,,,none,,,0,United States dollar,,national government - Ministry of Economy and Finance acting through the Project Administration Office,,4,
PN-L1174,False,0,,,none,,,0,U.S. dollar,,autonomous SOE,,4,
PN-L1175,False,0,,,none,0,,0,U.S. dollar,,national government,,1,
PN-L1177,False,0,,,buildings,,,6.1,U.S. dollars,,national government ministry,,4,
PN-L1178,False,0,,,none,,,0,U.S. dollar,,national government,,1,
PN-L1179,False,0,,,none,,,0,U.S. dollars,,National government financial institution (Banco Nacional de Panamá),,3,
PN-L1180,False,,,,none,,"ICB, NCB, CQS, QCBS",27,U.S. dollars,,Judicial Branch of the Republic of Panama (OJ) - national government,,5,
PN-L1181,False,0,,,none,0,,0,United States dollar (US$),,national government ministry (Ministry of Economy and Finance),,1,
PN-L1183,False,0,,,buildings,,"ICB, NCB",33,U.S. dollar,,"National government - National Department of Science, Technology, and Innovation (SENACYT)",,5,
PN-L1185,True,57.4,,,public transportation infrastructure,,"ICB, NCB, CQS, QCBS",,United States dollars,,national government ministry (Ministry of Public Works) and autonomous SOE (Transporte Masivo de Panamá S.A.),,4,
PN-L1193,False,0,,,none,,,0,U.S. dollars,,national government - Ministry of Economy and Finance (MEF),N/A,1,
PN-L1195,,,,,,,,,,,,,,
PR-L1001,False,0,,,none,,,10,US dollars from the Single Currency Facility,,national government ministry,,5,
PR-L1007,,,,,roads,,"ICB, NCB",,,,Ministry (national government),,,
PR-L1008,False,,,,none,,,,,,SFP - national government agency,,,
PR-L1010,,,,,energy,,"ICB, NCB",,,,autonomous SOE,,,
PR-L1011,False,,,,none,,single-source selection,27.27,,,autonomous national agency (INCOOP - National Institute of Cooperatives),,5,
PR-L1012,False,0,,,none,,,0,U.S. dollars from the Single Currency Facility,,national government - Ministry of Finance,,0.5,
PR-L1017,False,0,,,none,,Paraguay's Government Procurement Act (Law 2051/2003) practices and procedures; AF-200 for financial and operational audit; GN-2350-7 Policies for selection and contracting of consultants,9,U.S. dollars,,national government - Ministry of Education and Culture,,5.5,
PR-L1018,False,,,,none,,,10,US$,,national government agency (Investment and Exports Network under the Ministry of Industry and Trade),,5.5,
PR-L1019,False,46.5,,,roads,,,14.9,"U.S. dollars, SCF",,national government,,5,
PR-L1021,False,,,,none,,simplified procedure for nonconsulting services,7.4,U.S. dollar,,"national government - Technical Secretariat of Planning (STP) through the Bureau of Statistics, Surveys, and Censuses (DGEEC)",,4,
PR-L1022,True,66.7,,,water/sanitation,,,13.3,U.S. dollars from the Single Currency Facility,,National government agency - autonomous environmental sanitation service (SENASA),,5,
PR-L1024,,,,,none,,,,US$ from the US$ Single Currency Facility,,Autonomous financial development agency (Agencia Financiera de Desarrollo - AFD),,4,
PR-L1026,False,0,,,none,,"ICB, NCB",25,U.S. dollars from the Single Currency Facility,,"National government agency (Dirección Nacional de Aduanas - National Customs Administration), not newly created",,5,
PR-L1027,False,0,,,none,,,41,U.S. dollars from the Single Currency Facility,,national government (Ministry of Finance),C,4.5,
PR-L1029,,,,,water/sanitation,,,,,,,,,
PR-L1030,False,,,,none,,,16.8,Single Currency Facility U.S. dollars,,Environmental Secretariat (SEAM) - national government,,4,
PR-L1032,True,,,,none,,,0,U.S. dollars from the Single Currency Facility / U.S. dollars,,Autonomous financial agency (Agencia Financiera de Desarrollo - AFD),,4,
PR-L1043,False,0,,,none,0,"electronic Dutch auction, framework agreements",0,U.S. dollar from the Single Currency Facility,,national government - Ministry of Finance,,2,
PR-L1044,True,21.875,,,"urban infrastructure, public transport corridor, government buildings",,,21.875,U.S. dollars from the Single Currency Facility,,national government ministry,B,5,2014-04
PR-L1046,,,,,roads,,,,,,,B,,
PR-L1047,False,,,,none,,electronic reverse auction,,US$ from the SCF of the OC,,national government - Ministry of Finance,,2,
PR-L1049,False,,,,none,0,"ICB, NCB, QCBS, QBS, LCS, NICQ, SSS",30,U.S. dollars from the Single Currency Facility,,"Statistics, Surveys, and Census Bureau (DGEEC) - national government agency",,4.5,
PR-L1050,,,,,,,,,,,,,,
PR-L1051,False,0,,,none,,,10,U.S. dollars from the Single Currency Facility of the Bank's Ordinary Capital,,Ministry of Public Health and Social Welfare (national government ministry),,4,
PR-L1055,True,,,,water/sanitation,,,,,,,B,,
PR-L1058,,,,,energy,,"ICB, NCB",,,,autonomous SOE - National Electricity Administration (ANDE),,,
PR-L1060,True,,,,water/sanitation,,,,,,,,,
PR-L1061,,,,,,,,,,,,,,
PR-L1062,False,,,,none,,,,U.S. dollars from the Single Currency Facility,,autonomous financial agency,,4,
PR-L1070,False,0,,,none,,"ICB, NCB, QCBS, LCO, SBE",0,U.S. dollars from the Bank's Ordinary Capital (OC),,national government - National Science and Technology Council (CONACYT),C,5,
PR-L1077,,,,,,,"ICB, NCB, DC, QCBS, LCS",,,,,,,
PR-L1080,,,,,roads,,ICB,,,,"national government, Ministry of Public Works and Communications (MOPC) with project execution unit",,,
PR-L1081,False,,,,none,,,,,,Autonomous public financial institution (AFD) and national government ministry (MIC/Office of Vice Minister for SMEs),Not classified - financial intermediation operation,,
PR-L1082,False,,,,housing and neighborhood improvement,,ICB,0,U.S. dollars,,National Department of Housing and Habitat (SENAVITAT),,6,
PR-L1086,True,72.6,,,none,,,,U.S. dollars from the Ordinary Capital,,national government - Ministry of Finance,C,5,
PR-L1092,False,0,,,roads,,,0,US$ from the Ordinary Capital (OC),,national government ministry; Rural Roads Division (DCV) of the Ministry of Public Works and Communications (MOPC) as program execution unit,,5,
PR-L1094,True,33.3,,,water/sanitation,,,,U.S. dollars from the Ordinary Capital (OC),,National Environmental Sanitation Service (SENASA),B,5,
PR-L1095,False,,,,,,,,U.S. dollars from the Ordinary Capital,,"autonomous, independent public entity; second-tier bank; not newly created",,5,
PR-L1097,False,0,,,none,,"LPI (Licitación Pública Internacional), LPN (Licitación Pública Nacional), SBCC, SBPF, SBMC, SBC, SCC, CCIN, CCII, Comparación de Precios",0,U.S. dollars from the Ordinary Capital,,national government ministry; programs and projects execution unit to be newly created,,5,
PR-L1101,False,0,,,none,,,0,U.S. dollars from the Ordinary Capital (OC),,national government - Ministry of Finance,,2,
PR-L1105,,,,,,,,,,,,,,
PR-L1139,False,0,,,none,,,0,United States dollars,,national government agency (REDIEX within Ministry of Industry and Trade),C,5,
PR-L1140,False,0,,,none,,,0,U.S. dollars from the Ordinary Capital,,Agencia Financiera de Desarrollo [Development Finance Agency],B,5,
PR-L1144,False,0,,,none,,,0,U.S. dollars,,"national government, Ministry of Finance",,2,
PR-L1145,,,,,roads,,,,,,national government - MOPC Project Execution Unit,,,
PR-L1146,True,50,,,none,,,50,Dollars of the United States of America,,"Autonomous second-tier National Development Bank (not newly created, established 2005)",,5,
PR-L1147,False,0,,,none,,,0,U.S. dollars from the Ordinary Capital,,national government ministry,,5,
PR-L1148,False,0,,,,,Quality- and Cost-Based Selection,0,United States dollars from the Ordinary Capital,,"Autonomous agency (National Service for Animal Health and Quality - SENACSA), not newly created",,5,
PR-L1150,False,0,,,none,,,5,U.S. dollars,,national government - Ministry of Finance,C,6,
PR-L1151,False,0,,,none,,,0,U.S. dollars,,"national government, Ministry of Finance through the Debt Policy Division",,2,
PR-L1152,False,0,,,housing and urban infrastructure,,,0,U.S. dollars from the Ordinary Capital,,national government - Ministry of Public Works and Communications (MOPC),,6,
PR-L1153,False,0,,,buildings,,,0,United States dollars,,national government,B,6,
PR-L1155,False,0,,,infrastructure adaptation,,"ICB, NCB",0,U.S. dollar,,National government agency,,4,
PR-L1156,False,0,,,energy,,"Subasta electrónica inversa, Convenio Marco, Selección Basada en Calidad y Costo (SBCC)",13.9,U.S. dollars from the Bank's Ordinary Capital,,autonomous SOE (National Electricity Administration - ANDE),B,6,
PR-L1157,False,0,,,none,,ICB,0,U.S. dollar,,national government (Ministry of Finance),,6,
PR-L1158,False,0,,,none,,"ICB, NCB",0,U.S. dollar,,national government - Ministry of Finance,,6,
PR-L1159,False,0,,,none,,ICB,0,U.S. dollar,,national government ministry (MTESS); program coordination unit to be created,,6,
PR-L1161,False,0,,,none,,,0,United States dollar,,national government,,2,
PR-L1163,False,0,,,none,,,0,United States dollar,,"national government, Ministry of Finance",,5,
PR-L1164,True,21.28,,,roads,,"ICB, NCB",,U.S. dollars,,"national government, Ministry of Public Works and Communications (MOPC)",,7,
PR-L1165,False,0,,,none,,ICB,0,U.S. dollar,,"national government, Ministry of Industry and Commerce",,6,
PR-L1167,False,0,,,buildings,,,0,U.S. dollars,,national government ministry,Not Category A,6,
PR-L1170,False,0,,,none,,,0,U.S. dollars,,Development Finance Agency (AFD) - autonomous state financial institution,B,5,
PR-L1172,True,36.3,,,water/sanitation,,ICB,,United States dollar,,national government - Ministry of Public Works and Communications (MOPC),B,6,
PR-L1173,True,55,,,energy,,,,U.S. dollar,,autonomous SOE,,6,
PR-L1174,False,0,,,roads,,ICB,0,United States dollar,,national government ministry,,7,
PR-L1175,True,23.8,,,none,,,,United States dollars,,national government - Ministry of Finance through the Debt Policy Division,,2,
PR-L1176,False,0,,,none,,ICB,0,U.S. dollars,,National Statistics Institute (INE) - autonomous national agency,,5,
PR-L1177,False,0,,,none,,,0,U.S. dollar,,national government - Ministry of Finance,,2,
PR-L1179,False,,,,none,,,,U.S. dollar,,national government,,1,
PR-L1180,False,0,,,none,,,0,United States dollar,,national government - Ministry of Finance through the Debt Policy Directorate,,3,
PR-L1182,False,,,,border post,,,12,U.S. dollar,,national government ministry,,7,
PR-L1183,True,9.2,,,energy,,,11.1,U.S. dollar,,autonomous SOE,,6,
PR-L1185,False,0,,,none,,,0,U.S. dollar,,national government,,2,
PR-L1188,False,0,,,none,,,0,U.S. dollars,,national government ministry,,2,
PR-L1190,False,0,,,buildings,,"ICB, CQS, QCBS",0,U.S. dollar,,national government - Ministry of Public Works and Communications (MOPC),,6,
PR-L1192,,,,,,,"ICB, NCB, QCBS, SBE (online reverse auction)",,,,,,,
PR-L1193,False,,,,water/sanitation,,"ICB, NCB, QCBS",,U.S. dollars,,national government - Ministry of Public Works and Communications (MOPC),,6,
PR-L1196,False,0,,,roads,,"ICB, NCB",0,United States dollars,,national government,,7,
PR-L1200,False,0,,,roads,,,0,U.S. dollar,,national government - Ministry of Public Works and Communications,A,7,
PR-L1204,True,41.7,,,energy,,,9.7,U.S. dollar,,autonomous SOE,B,5,
PR-L1205,False,0,,,none,,,0,U.S. dollars,,autonomous national government agency,C,5,
PR-L1207,False,,,,energy,,"Subasta electrónica inversa, Convenio Marco, Selección Basada en Calidad y Costo (SBCC), Comparación de Precios (CP), Licitación Pública Nacional (LPN)",13.91,U.S. dollar,,autonomous SOE (National Electricity Administration - ANDE),B,6,
SU-L1002,False,0,,,none,,"ICB, NCB",9.09,US$,,national government,,3.5,
SU-L1006,,,,,roads,,,,,,,,,
SU-L1009,False,0,,,energy,,"Licitación pública internacional, Licitación pública nacional, Comparación de precios",0,U.S. dollars,,"Autonomous SOE - Energiebedrijven Suriname (EBS), the sole concessionary responsible for transmission and distribution of electric energy in Suriname under the supervision of MNH",,7,
SU-L1011,False,,,,community-based basic infrastructure,,,10,US Dollars,,national government ministry,,5,
SU-L1013,False,0,,,none,,"International competitive bidding, national competitive bidding, price comparison, short lists",0,US Dollar; accounts will be opened in both Suriname dollars and US dollars,,National government ministry (Ministry of Social Affairs and Public Housing); Program Management Unit to be created within MOSAPH,,5,
SU-L1015,False,,,,buildings,,,2.05,US Dollars,,national government ministry through autonomous foundation,,5,
SU-L1018,False,0,,,water/sanitation,,ICB,4,US Dollar,,autonomous SOE,,5,
SU-L1019,False,,,,buildings,,,5.19,US Dollar,,national government ministry,,4,
SU-L1020,False,,,,"animal and plant quarantine facilities, border control facilities, laboratory facilities",,,,US dollars; issues with local currency (SRD) payment requirements,,"national government ministry (Ministry of Agriculture, Animal Husbandry and Fisheries - LVV), not newly created",,,
SU-L1021,True,,,,roads,,"Licitación pública internacional, Licitación pública nacional, Comparación de precios, Lista de nacionales seleccionados",,USD and SRD,True,"National government - split between Ministry of Public Works and Ministry of Finance, based on Memorandum of Understanding; not newly created",,,
SU-L1022,False,0,,,none,0,Not applicable - Policy-Based Programmatic loan,0,U.S. dollars,,National government - Ministry of Finance,,1,
SU-L1023,False,,,,none,,N/A,0,US dollars,,Central Bank,,1,
SU-L1026,False,0,,,none,,,0,US dollars Single Currency Facility,,national government,,1,
SU-L1027,,,,,none,,"Licitación pública internacional, Licitación pública nacional, Comparación de precios",,US dollars and Surinamese dollars,,National government agency (OGE) with UNDP support,,4,2012-03-06
SU-L1028,False,0,,,none,,,0,US$ (OC),,national government - Ministry of Finance,,1,
SU-L1033,False,,,,none,,,0,US Dollars,,national government - Ministry of Finance,,,
SU-L1034,True,50,,,none,,Not applicable,0,US dollars,,Central Bank (autonomous),,1,
SU-L1035,False,0,,,none,,,0,U.S. dollars,,national government - Ministry of Finance,,1,
SU-L1036,False,0,,,none,0,,0,U.S. dollars,,national government,B,1,
SU-L1037,True,,,,none,,,0,US$ chargeable to the Ordinary Capital,,national government - Ministry of Finance,,1,
SU-L1038,False,,,,buildings (schools and teacher housing),,,,US dollars,,national government ministry (not newly created),,5,
SU-L1039,False,0,,,energy,,ICB (LPI - Licitación pública internacional); NCB (LPN - Licitación pública nacional); Shopping (Comparación de precios),0,U.S. Dollars chargeable to the Ordinary Capital,,autonomous SOE (state-owned utility company),B,5,
SU-L1043,,,,,none,,,,,,"autonomous unit within the Office of the Vice President, newly created (2012)",C,,
SU-L1046,,,,,buildings,,,,,,national government ministry; strengthened existing entity (PIU within SBHF),B,,
SU-L1050,True,,,,none,,"International competitive bidding (ICB) for goods and services US$350,000 and over; local competitive procedures for lesser amounts; ICB for consulting services US$200,000 and over",,,,National government ministry (Ministry of Finance); not newly created,,,
SU-L1052,False,,,,irrigation and drainage infrastructure,,"International Competitive Bidding (ICB), National Competitive Bidding (NCB)",,,,"National government ministry - Ministry of Agriculture, Animal Husbandry and Fisheries (LVV)",B,,
SU-L1054,False,,,,buildings,40.36,,0,Dollars of the United States of America,,national government - Ministry of Health,B,6,
SU-L1055,False,0,,,energy,,,0,Dollars of the United States of America,,"State-owned enterprise (N.V. Energie Bedrijven Suriname, EBS) and national government ministry (Ministry of Natural Resources, MNH)",,5,
SU-L1056,False,0,,,none,,"Licitación pública internacional, Licitación pública nacional, Lista restringida internacional, Comparación de precios, Selección directa",0,Dollars of the United States of America,,National government - Ministry of Finance,,5,
SU-L1057,False,,,,buildings and roads,,"ICB, QCBS, CQS",,USD,,"National government ministry (Ministry of Public Works, Transport and Communications) with a dedicated Program Executing Unit (PEU)",B,,
SU-L1058,False,0,,,water/sanitation,,"International competitive bidding, national competitive bidding, price comparison, international short list",0,United States Dollars,,Autonomous state-owned enterprise,,6,
SU-L1059,False,,,,buildings,,,,Dollars of the United States of America,,"Ministry of Education, Science and Culture (national government)",,,
SU-L1060,False,0,,,none,,,0,Dollars of the United States of America,,national government - Ministry of Finance and Planning,,5,
SU-L1061,False,,,,none,,,,Dollars of the United States of America,,"national government ministry - Ministry of Labour, Employment Opportunity, and Youth Affairs (MOL)",,,
SU-L1063,False,,,,none,,,,Dollars of the United States of America,,"National government ministry (MOSAPH), not newly created",,,
SU-L1065,False,0,,,none,,,0,United States Dollars,,national government ministry,,1,
SU-L1066,False,,,,none,,,,Dollars of the United States of America,,national government - Ministry of Finance and Planning (MFP),,1,
SU-L1067,False,0,,,buildings,,,0,Dollars of the United States of America,,national government - Ministry of Spatial Planning and Environment,,7,
SU-L1068,False,0,,,buildings,,,0,Dollars of the United States of America,,national government ministry,,5,
SU-L1069,,,,,,,,,,,,,,
SU-L1070,False,0,,,none,,ICB,0,Dollars of the United States of America,,Ministry of Finance and Planning (national government); Project Execution Unit to be created,,5,
SU-L1071,False,0,,,air transport infrastructure (aerodromes/airfields),,,0,Dollars of the United States of America,,national government ministry,,6,
SU-L1072,False,0,,,none,,,0,Dollars of the United States of America,,national government ministry,,5,
SU-L1073,False,,,,none,,,,Dollars of the United States of America,,"National government ministry (Ministry of Social Affairs and Public Housing - MOSAPH), not newly created",,,
SU-L1075,False,0,,,none,,,0,Dollars of the United States of America,,national government ministry,,1,
SU-L1076,True,3.2,,,water/sanitation and energy,,,,United States Dollars,,autonomous SOE,,6,
TT-L1003,False,,,,buildings (police stations and community centers),,,30.0,US$ Single Currency,,national government ministry,,6,
TT-L1005,False,,,,buildings,,,18.82,US$ single currency facility,,national government,,4,
TT-L1014,False,0,,,none,0,"LPI (international public bidding), SBCC (selection based on consultants' qualifications), CCIN (individual consultant selection), direct contracting",0,US$ single currency facility,,national government ministries (Ministry of Finance and Ministry of the People and Social Development),,3,
TT-L1016,,,,,,,,,,,,,,
TT-L1018,False,0,,,water/sanitation,,"International competitive bidding (LPI), national competitive bidding, quality and cost based selection (SBCC), price comparison, direct contracting",0,US Dollar (Single Currency Facility),,autonomous water and sanitation authority (WASA),,5,
TT-L1019,False,0,,,none,,,0,US dollars Single Currency Facility,,national government,,1,
TT-L1022,False,,,,none,,,0,US$ from the Single Currency Facility of the Ordinary Capital (OC),,national government ministry,,1,
TT-L1023,False,,,,none,,,,US$ from the Single Currency Facility of the Ordinary Capital,,"national government, Ministry of Finance",not classified,1,
TT-L1024,False,0,,,none,,,0,US Dollars Single Currency Facility,,national government - Ministry of Finance,,1,
TT-L1026,False,0,,,water/sanitation,95.0,"ICB (LPI - Licitación pública internacional), NCB, shopping (comparación de precios), direct contracting (contratación directa)",0,US Dollar,,autonomous SOE - Water & Sewerage Authority (WASA),,5,
TT-L1034,False,,,,none,,"international competitive bidding, national competitive bidding, price comparison, short lists",0,US dollars,,national government department under Ministry of Legal Affairs; not newly created,,5,
TT-L1036,False,0,,,water/sanitation and drainage infrastructure,,"Licitación pública internacional, Licitación pública nacional, Comparación de precios",0,US Dollars,,"National government ministry (MEWR - Ministry of Environment and Water Resources), not newly created",,5,
TT-L1038,False,0,,,buildings,,,0,US Dollar chargeable to the Ordinary Capital (OC),,national government ministry,,5,
TT-L1039,False,0,,,none,,,0,U.S. dollars from the Ordinary Capital,,national government - Ministry of Health,,5,
TT-L1042,False,0,,,none,,,0,US Dollars,,national government - Ministry of Finance and the Economy,C,5,
TT-L1044,False,0,,,none,,"ICB, LIB, NCB, Shopping/Price Comparison, QBS, QCBS, CQS, LCS, FBS, SSS",0,US Dollars,,"National government - Ministry of Trade and Industry (MTI) through Project Implementation Unit (PIU), not newly created",,5,
TT-L1055,,,,,water/sanitation,,,,,,national government ministry,,,
TT-L1056,False,,,,urban upgrading and public spaces,,,,Dollars of the United States of America,,"National government with coordination through PMCEU; involves subnational entities (LSA, THA)",,,
TT-L1057,False,,,,urban upgrading and public spaces,,,,Dollars of the United States of America,,"Ministry of Housing and Urban Development (national government), with agreements with Land Settlement Agency and Tobago House Assembly",,,
TT-L1058,False,0,,,none,,,0,United States dollars,,national government - Ministry of Planning and Development,,1,
TT-L1060,False,,,,none,,,,USD,,national government ministry,,,
UR-L1001,False,0,,,roads,,,30,SCF (dollars),,"National government - Ministry of Transportation and Public Works (MTOP), National Highways Department (DNV)",,4,
UR-L1003,False,0,,,none,,,0,United States dollars,,national government - Ministry of Economy and Finance (MEF),,2,
UR-L1004,False,0,,,port infrastructure (wharf construction and channel dredging),97,,25,U.S. dollars from the Single Currency Facility,,autonomous national ports authority,,4,
UR-L1005,,,,,water/sanitation,,,,,,,,,
UR-L1007,False,0,,,none,,,0,U.S. dollars,,national government - Ministry of Finance,,1,
UR-L1009,,,,,neighborhood improvement,,,,,,,,,
UR-L1015,False,,,,none,,,8.47,U.S. dollars from the Single Currency Facility,,National government ministry (Ministry of Finance),,4.5,
UR-L1016,False,0,,,none,,,5,United States dollar from the Single Currency Facility of the Bank's Ordinary Capital. Option for conversion to Uruguayan pesos: Local Currency Facility.,,national government ministry,,5,
UR-L1017,True,33,,,water/sanitation and urban infrastructure (stormwater drainage and street paving),,,33,U.S. dollars from the Single Currency Facility; local counterpart funding in Uruguayan pesos,,Autonomous state-owned enterprise (National Water Supply and Sanitation Administration - OSE); newly created sub-executing agency corporation organized by OSE and Municipality of Canelones (IMC),,4,
UR-L1018,False,,,,tourism infrastructure,,call for proposals,20,US dollars from the Single Currency Facility,,national government - Ministry of Tourism and Sports (MINTURD),,4,
UR-L1020,False,0,,,none,,,0,U.S. dollars drawn from the Single Currency Facility of the Ordinary Capital,,Development Projects Department (DIPRODE) of the Office of Planning and Budget (OPP) - national government,,5,
UR-L1021,False,0,,,none,,,0,U.S. dollars from the Single Currency Facility,,national government - Ministry of Economic Affairs and Finance (MEF),,1,
UR-L1022,False,0,,,roads,,,20,U.S. dollars from the Single Currency Facility,,autonomous SOE (Corporación Vial del Uruguay / Road Corporation of Uruguay),,5,
UR-L1025,False,0,,,roads and urban transportation infrastructure,,,20,U.S. dollars from the Single Currency Facility,,subnational government (Municipality of Montevideo),,4,
UR-L1026,False,,,,none,,direct contracting,,,,national government agency,,,
UR-L1027,False,,,,none,,,67.96,U.S. dollars,,national government - Office of Planning and Budget (OPP),,4,
UR-L1028,False,,,,none,,international competitive bidding,,,,national government - existing tax agency (DGI),,,
UR-L1030,False,0,,,buildings,,,0,U.S. dollars from the Single Currency Facility,,autonomous national agency (Agencia Nacional de Investigación e Innovación),No requerido (Not required),6,2009-05-26
UR-L1031,False,,,,none,0,"International competitive bidding (ICB) for amounts exceeding US$250,000; National competitive bidding (NCB) for amounts between US$50,000 and US$250,000; Shopping method for amounts below US$50,000",,,,Executing unit within the Ministry of Economy and Finance (MEF),C,,
UR-L1032,False,0,,,none,0,direct contracting,17.6,United States dollars from the Single Currency Facility of the Bank's Ordinary Capital,,autonomous SOE (Banco de Previsión Social),C,3,
UR-L1036,False,,,,none,,,0,U.S. dollars from the Single Currency Facility,,national government - Ministry of Economic Affairs and Finance,,1,
UR-L1037,False,0,,,,,,49,U.S. dollars,,National Customs Bureau (DNA) - national government agency,,4,
UR-L1038,False,0,,,,,,18,U.S. dollars from the Single Currency Facility,,national government - Office of Planning and Budget (OPP),,5,
UR-L1042,False,,,,none,0,"International competitive bidding (ICB) for goods ≥US$250,000; National competitive bidding (NCB) for goods US$50,000-US$250,000; Price shopping for contracts <US$50,000; International advertising for consulting services ≥US$200,000",33.33,U.S. dollars from the Bank's Single Currency Facility of the Ordinary Capital,,"Agency for Development of Electronic Government Management and the Society of Information and Knowledge (AGESIC), a formally established government organization in the process of integrating its operational and support areas",C,4,
UR-L1046,False,,,,none,0,,10,U.S. dollars from the Single Currency Facility of the Ordinary Capital. Option to convert to Uruguayan pesos: Local Currency Facility,,national government - Ministry of Social Development (MIDES),C,5,
UR-L1050,False,,,,buildings,,,58,U.S. dollars from the Single Currency Facility of the Bank's Ordinary Capital. Conversion option to Uruguayan pesos: Local Currency Facility (LCF),,autonomous SOE,,5,
UR-L1052,False,0,,,none,0,,0,"US$ from the Single Currency Facility, conversion to Uruguayan pesos via Local Currency Facility",,National government - autonomous central bank,,4,
UR-L1054,False,,,,port infrastructure (wharf construction and dredging),,"Engineering, Procurement, and Construction (EPC) / Llave en Mano (Turnkey)",35.48,U.S. dollars,False,autonomous national agency (Administración Nacional de Puertos),,4,
UR-L1058,False,0,,,none,,,29.4,U.S. dollars from the Single Currency Facility,,national government - Ministry of Economy and Finance (MEF),,3.5,
UR-L1060,False,0,,,none,0,,23,U.S. dollars from the Bank's Ordinary Capital,,autonomous agency - Investment and Export Promotion Institute (Uruguay XXI),,4,
UR-L1062,False,,,,buildings,,,43,U.S. dollars from the Bank's Ordinary Capital,,national government - Ministry of the Interior,,4,
UR-L1063,False,0,,,water/sanitation,,,15.0,U.S. dollars from the OC Single Currency Facility,,subnational government (Municipal Government of Montevideo),,4,
UR-L1064,False,0,,,,,"ICB, NCB",14.7,U.S. dollars from the Single Currency Facility of the Bank's Ordinary Capital,,national government ministry,,5,
UR-L1066,False,0,,,tourism infrastructure,,competitive bidding,20,U.S. dollars from the Single Currency Facility; option to convert into Uruguayan pesos under the Local Currency Facility,,national government ministry,,4,
UR-L1069,,,,,water/sanitation,,"ICB, NCB",,,,Sanitation Execution Unit (UES),,,
UR-L1070,,,True,,energy,,"EPC (Engineering, Procurement and Construction)",,,,,,,
UR-L1071,False,,,,none,,,0,United States dollars from the Bank's Ordinary Capital,,Agencia Nacional de Investigación e Innovación [National Research and Innovation Agency] (ANII),,5,
UR-L1074,False,,,,none,,direct contracting,9,Dollars from the Bank's Ordinary Capital,,national government ministry,C,4,
UR-L1075,,,,,water/sanitation,,,,,,,,,
UR-L1076,False,,,,none,,,,US$,,national government,,3,
UR-L1079,,,,,,,,,,,,,,
UR-L1081,,,,,water/sanitation,,"ICB, NCB, QCBS",,,,autonomous SOE,,,
UR-L1082,False,0,,,none,,"direct contracting, competitive procedures",14.29,U.S. dollars from the Ordinary Capital,,autonomous agency - Agency for the Development of e-Government and the Information and Knowledge Society (AGESIC),C,3,
UR-L1084,False,,,,"water/sanitation, drainage, roads, lighting",,,30,U.S. dollars from the Ordinary Capital,,national government ministry,B,5,
UR-L1087,False,0,,,none,,,15,United States dollars from the Ordinary Capital,,subnational,,4,
UR-L1089,,,,,none,,,,,,Ministry of Economy and Finance,,,
UR-L1093,False,0,,,none,0,,13,U.S. dollars from the Ordinary Capital resources,,Centro para el Apoyo a la Educación de la Niñez y la Adolescencia (Centro CEIBAL),C,3,
UR-L1094,True,,,,water/sanitation,,"ICB, NCB, QCBS",,,,autonomous SOE,B,,
UR-L1096,True,28.56,,,none,,,42.88,Dólares Estadounidenses (U.S. Dollars) with charge to Bank Ordinary Capital,,Autonomous national agency (Agencia Nacional de Investigación e Innovación - ANII),C,6,
UR-L1097,False,,,,none,,,0,U.S. dollars from the Ordinary Capital (OC),,national government - Ministry of Economy and Finance (MEF),not classified,3,
UR-L1098,False,0,,,none,,,20,U.S. dollars from the Ordinary Capital,,National government - Ministry of Economy and Finance (MEF) - National Budget Unit (UPN),C,5,
UR-L1099,False,,,,energy,,,,U.S. dollars from the Ordinary Capital,,autonomous SOE (state-owned bank),,4,
UR-L1106,False,0,,,none,0,,0,U.S. dollars from the Ordinary Capital (OC),,national government ministry (Ministry of Economy and Finance),not classified/does not require classification,3,
UR-L1107,False,0,,,roads,,"ICB, NCB",15,U.S. dollars,,National Corporation for Development (CND) and autonomous Road Corporation of Uruguay (CVU),,4.5,
UR-L1108,False,0,,,none,,,0,United States dollars from the Ordinary Capital,,national government - Ministry of Economy and Finance (MEF),,3,
UR-L1109,False,0,,,none,,,12.5,U.S. dollars from the Ordinary Capital,,Autonomous agency - Agency for the Development of e-Government and the Information and Knowledge Society (AGESIC),C,5,
UR-L1110,False,0,,,buildings,,,23,U.S. dollars from the Ordinary Capital,,national government ministries and autonomous institute,,5,
UR-L1111,,,,,,,,,,,,,,
UR-L1112,False,0,,,,,,25,U.S. dollars from the Bank's Ordinary Capital,,national government - Ministry of the Interior,,5,
UR-L1113,False,0,,,tourism infrastructure,,competitive bidding,20,U.S. dollars from the Ordinary Capital,,national government ministry,,5,
UR-L1114,False,,,,roads,,ICB,42.3,United States dollars,,national government office under the Office of the President,,5,
UR-L1115,False,0,,,roads and rail infrastructure,,,0,U.S. dollar,,autonomous state-owned bank (BROU - Banco de la República Oriental del Uruguay),B,4,
UR-L1116,False,,,,buildings,,,33.1,U.S. dollars from the Ordinary Capital,,National Public Education Administration (ANEP) - autonomous entity,,5,
UR-L1135,False,0,,,none,,"ICB, NCB",5,U.S. dollars from the Bank's Ordinary Capital,,national government ministry,,5,
UR-L1136,False,0,,,water/sanitation,,"ICB, NCB",14,U.S. dollars from the Ordinary Capital (OC),,Municipal Government (subnational),,5,
UR-L1140,False,,,,none,0,,0,U.S. dollars from the Ordinary Capital,,"national government, Ministry of Economy and Finance",,3,
UR-L1141,False,0,,,none,,,0,United States dollars from the Ordinary Capital,,Centro CEIBAL para el Apoyo a la Educación de la Niñez y la Adolescencia (Centro CEIBAL) - specialized educational support center,,4,
UR-L1142,False,0,,,none,,,0,U.S. dollars,,autonomous agency,B.13,5,
UR-L1146,False,0,,,urban infrastructure and buildings,,,2.61,U.S. dollars,,national government ministry (Ministry of Housing and Land Management),,1.5,
UR-L1147,False,0,,,none,,,11,United States dollars with conversion to local currency at payment date exchange rate,,"National government ministry (Ministry of Livestock, Agriculture, and Fisheries)",,6,
UR-L1149,False,0,,,water/sanitation,,,0,"U.S. dollars from Ordinary Capital, with conversion to local currency (pesificación)",,National government - Office of Planning and Budget (OPP) acting through the Directorate of Decentralization and Public Investment (DDIP),,5,
UR-L1150,False,0,,,none,,,33,U.S. dollars from the Bank's Ordinary Capital,,Autonomous agency (CEIBAL Center for Educational Support for Children and Teens),,5,
UR-L1151,False,0,,,none,,,15,"Approved in U.S. dollars, payments in local currency converted at date of payment",,National government ministry (Ministry of Economy and Finance through Directorate General of Secretariat Services with support of project coordination unit),C,5,
UR-L1152,False,0,,,none,,,20,U.S. dollars; conversion to local currency at payment date exchange rate,,National government autonomous agency (AGESIC - Agency for the Development of e-Government Management and the Information and Knowledge Society),,4,
UR-L1153,False,0,,,roads,,,16,U.S. dollars,,autonomous SOE,B,3,
UR-L1155,False,,,,tourism infrastructure,,"ICB, NCB",17,United States Dollars,,national government ministry with departmental subexecuting agencies,,5,
UR-L1156,False,0,,,none,0,,0,United States dollar,,national government,,3,
UR-L1157,False,0,,,none,,"ICB, NCB",27.6,U.S. dollars from the Ordinary Capital,,national government ministry (MVOTMA),,5,
UR-L1158,False,0,,,none,,,0,United States dollar,,autonomous national agency,,3,
UR-L1159,False,0,,,none,0,,16.67,U.S. dollars,,national government autonomous agency,,5,
UR-L1161,False,0,,,none,,"ICB, NCB, QCBS",15.8,"U.S. dollars, with conversion to local currency at the date of payment",,Autonomous state-owned enterprise (Government Health Services Administration - ASSE),,5,
UR-L1162,False,0,,,none,,,24.5,U.S. dollars; conversion to local currency (peso) planned,,National government (Secretariat of Productive Transformation and Competitiveness and Office on Planning and Budget); not newly created,,5,
UR-L1163,False,,,,none,,ICB,18.4,U.S. dollars,,autonomous agency - Agency for the Development of e-Government and the Information and Knowledge Society (AGESIC),,3,
UR-L1164,False,0,,,public infrastructure,,"ICB, NCB",17,U.S. dollar,,national government - Office of Planning and Budget,,5,
UR-L1169,False,0,,,none,,,0,U.S. dollars,,autonomous agency (Centro CEIBAL),,4,
UR-L1170,,,,,,,,,,,,,,
UR-L1171,False,0,,,none,,Not applicable,0,U.S. dollars (approved); accounting in cash basis in dollars; country account receives in BCU and transfers as needed,,National government; Executing agency: Eastern Republic of Uruguay; Borrower: National Development Corporation (CND); Guarantor: Corporación Nacional Financiera Administradora de Fondos de Inversión S.A. (CONAFIN-AFISA),,2,
UR-L1172,False,0,,,none,,,0,U.S. dollars,,"national government, Ministry of Economy and Finance",,2,
UR-L1174,False,0,,,none,,,0,"U.S. dollars, with conversion to local currency at payment date exchange rate",,"National Development Agency (autonomous, created by Law 18602 of 21 September 2009)",,4,
UR-L1175,False,0,,,none,,,0,U.S. dollars,,national government - Ministry of Economy and Finance,,3,
UR-L1176,False,,,,,,NCB,,Loan is in a foreign currency; payments made in local currency are converted to the loan currency at the payment date exchange rate,,National Public Education Administration (ANEP) - autonomous entity,,,
UR-L1177,False,,,,,,,0,U.S. dollar,,"National government (via Ministry of Economy and Finance, through Project Coordination Unit)",,4,
UR-L1178,False,0,,,buildings,,,0,U.S. dollar,,"national government, through specialized agency (National Women's Institute)",,3.5,
UR-L1182,False,0,,,roads,,"ICB, QCBS, ISL",16.4,U.S. dollars,,autonomous SOE,,4,
UR-L1183,False,0,,,water/sanitation,,"ICB, QBCS, NCB",15,U.S. dollar,,Municipal government (subnational),,6,
UR-L1185,False,0,,,none,,NCB,7,U.S. dollar,,national government ministry,,5,
UR-L1186,False,,,,none,,,0,U.S. dollars,,national government,,3,
UR-L1187,False,0,,,none,,,0,U.S. dollar,,National Research and Innovation Agency (autonomous agency),,5,
UR-L1188,False,0,,,urban housing and neighborhood improvement,,,,U.S. dollars,,national government - newly created (2020) agency within Ministry of Housing and Land Management,,4,
UR-L1189,False,0,,,water/sanitation,93.3,,0,U.S. dollars,,autonomous SOE,,5,
UR-L1190,False,0,,,roads,,NCB,20,U.S. dollar,,national government - Office of Planning and Budget (OPP),,5,
UR-L1193,False,0,,,none,,"ICB, QCBS, SSS",18,United States dollars,,national government ministry,,5,
UR-L1194,False,,,,,,"ICB, NCB, QCBS, SSS",20,U.S. dollars,,national government ministry,,5,
UR-L1195,False,0,,,water/sanitation,,,0,U.S. dollars,,national government (Ministry of Economy and Finance),,1,
UR-L1196,False,,,,none,,ICB,21.9,U.S. dollars,,national government ministry,,4,
UR-L1197,False,0,,,none,,,0,United States dollar,,autonomous university,,5,
UR-L1198,False,0,,,none,,"ICB, NCB",18,U.S. dollars,,autonomous agency under national government (Agency for Electronic Government and the Information and Knowledge Society - AGESIC),,3,
UR-L1199,False,0,,,none,,,0,U.S. dollars,,national government (Ministry of Economy and Finance),,3,
UR-L1201,,,,,,,,,,,,,,
UR-L1204,False,0,,,none,,,11.5,U.S. dollar,,"Autonomous agency - Instituto de Promoción de la Inversión, las Exportaciones de Bienes y Servicios e Imagen País (Uruguay XXI)",C,5,
UR-L1205,,,,,,,,,,,,,,
UR-L1206,False,0,,,buildings,,ICB,0,U.S. dollar,,national government,B,5,
UR-L1207,False,0,,,,,,0,U.S. dollar,,national government,N/A,1,
UR-L1208,True,2.7,,,none,,,17.6,U.S. dollars,,autonomous national agency (Agencia Nacional de Investigación e Innovación),C,5,
UR-L1209,,,,,,,,,,,,,,
UR-L1210,False,0,,,,,,0,U.S. dollar,,autonomous SOE,C,2,
UR-L1211,False,,,,urban infrastructure and housing,,,,U.S. dollar,,"National government office (DINISU) within ministry (MVOT), managing entity of trust (FISU)",B,5,
VE-L1027,False,0,,,water/sanitation,,,33.3,U.S. dollars from the Single Currency Facility,,state-owned water company (autonomous SOE),,5,
VE-L1030,False,,,,water/sanitation,,,20,United States dollars from the Single Currency Facility of the Bank's Ordinary Capital,,autonomous SOE - State-owned enterprise attached to the People's Ministry of the Environment,B,4,
VE-L1031,False,,,,"waste/sanitation: sanitary landfills, transfer stations, salvage processing plant",89,,20,U.S. dollars from the Single Currency Facility,,"National government ministry, acting through a specialized execution unit (UEDS) within the Vice Ministry",,5,
VE-L1037,False,0,,,water/sanitation,,,18.92,U.S. dollars from the Ordinary Capital,,national government ministry,,4,
