operation_number,eligible,n_docs,country,lending_instrument,project_status,approval_date,note
AR-L1001,skipped (already downloaded),2,Argentina,Investment Loan,Closed,"September 8, 2004",
AR-L1002,skipped (already downloaded),2,Argentina,Investment Loan,Closed,"November 17, 2004",
AR-L1003,skipped (already downloaded),2,Argentina,Investment Loan,Closed,"July 6, 2005",
AR-L1004,skipped (already downloaded),2,Argentina,Investment Loan,Closed,"July 26, 2005",
AR-L1006,skipped (already downloaded),2,Argentina,Investment Loan,Closed,"October 26, 2005",
AR-L1007,skipped (already downloaded),2,Argentina,Investment Loan,Closed,"December 7, 2005",
AR-L1008,skipped (already downloaded),2,Argentina,Investment Loan,Closed,"December 8, 2004",
AR-L1009,True,2,Argentina,Policy-Based Financing,Closed,"March 1, 2006",
AR-L1010,skipped (already downloaded),1,Argentina,Investment Loan,Closed,"August 9, 2004",
AR-L1012,skipped (already downloaded),2,Argentina,Investment Loan,Closed,"April 26, 2006",
AR-L1013,skipped (already downloaded),2,Argentina,Investment Loan,Closed,"August 6, 2008",
AR-L1014,skipped (already downloaded),2,Argentina,Investment Loan,Closed,"February 28, 2007",
AR-L1015,skipped (already downloaded),2,Argentina,Investment Loan,Closed,"January 31, 2007",
AR-L1016,skipped (already downloaded),2,Argentina,Investment Loan,Closed,"March 14, 2007",
AR-L1017,skipped (already downloaded),2,Argentina,Investment Loan,Closed,"September 6, 2006",
AR-L1019,skipped (already downloaded),3,Argentina,Investment Loan,Closed,"January 31, 2007",
AR-L1020,skipped (already downloaded),2,Argentina,Investment Loan,Closed,"October 17, 2007",
AR-L1021,True,0,Argentina,Investment Loan,Closed,"August 2, 2006",
AR-L1022,skipped (already downloaded),2,Argentina,Investment Loan,Closed,"November 8, 2006",
AR-L1024,True,0,Argentina,Investment Loan,Closed,"January 27, 2006",
AR-L1025,skipped (already downloaded),2,Argentina,Investment Loan,Closed,"June 6, 2007",
AR-L1026,skipped (already downloaded),2,Argentina,Investment Loan,Closed,"May 16, 2007",
AR-L1027,skipped (already downloaded),2,Argentina,Investment Loan,Closed,"August 2, 2006",
AR-L1030,skipped (already downloaded),4,Argentina,Investment Loan,Closed,"January 16, 2008",
AR-L1031,skipped (already downloaded),2,Argentina,Investment Loan,Closed,"September 5, 2007",
AR-L1032,skipped (already downloaded),2,Argentina,Investment Loan,Closed,"January 9, 2008",
AR-L1033,skipped (already downloaded),2,Argentina,Investment Loan,Closed,"August 1, 2007",
AR-L1034,True,0,Argentina,Investment Loan,Closed,"September 25, 2006",
AR-L1035,skipped (already downloaded),2,Argentina,Investment Loan,Closed,"September 12, 2007",
AR-L1036,skipped (already downloaded),2,Argentina,Investment Loan,Closed,"November 14, 2007",
AR-L1037,True,0,Argentina,Investment Loan,Cancelled,"November 2, 2006",
AR-L1038,skipped (already downloaded),2,Argentina,Investment Loan,Closed,"March 11, 2008",
AR-L1043,skipped (already downloaded),2,Argentina,Investment Loan,Closed,"June 18, 2008",
AR-L1044,True,0,Argentina,Investment Loan,Closed,"June 5, 2007",
AR-L1045,skipped (already downloaded),2,Argentina,Investment Loan,Closed,"September 16, 2009",
AR-L1046,True,0,Argentina,Investment Loan,Closed,"February 28, 2007",
AR-L1063,skipped (already downloaded),2,Argentina,Investment Loan,Closed,"December 10, 2008",
AR-L1064,skipped (already downloaded),2,Argentina,Investment Loan,Closed,"September 21, 2010",
AR-L1067,skipped (already downloaded),2,Argentina,Investment Loan,Closed,"November 28, 2012",
AR-L1068,skipped (already downloaded),2,Argentina,Investment Loan,Closed,"June 21, 2012",
AR-L1071,skipped (already downloaded),2,Argentina,Investment Loan,Implementation,"November 2, 2011",
AR-L1073,skipped (already downloaded),2,Argentina,Investment Loan,Closed,"September 2, 2009",
AR-L1074,skipped (already downloaded),2,Argentina,Investment Loan,Closed,"October 21, 2009",
AR-L1078,True,0,Argentina,Investment Loan,Closed,"April 26, 2011",
AR-L1079,skipped (already downloaded),2,Argentina,Investment Loan,Closed,"January 11, 2011",
AR-L1080,skipped (already downloaded),2,Argentina,Investment Loan,Closed,"January 1, 2009",
AR-L1084,skipped (already downloaded),2,Argentina,Investment Loan,Closed,"July 7, 2010",
AR-L1088,error,0,,,,,failed to fetch https://www.iadb.org/en/project/AR-L1088
AR-L1092,skipped (already downloaded),2,Argentina,Investment Loan,Closed,"November 23, 2009",
AR-L1095,skipped (already downloaded),2,Argentina,Investment Loan,Closed,"November 30, 2009",
AR-L1098,skipped (already downloaded),2,Argentina,Investment Loan,Closed,"June 30, 2009",
AR-L1101,skipped (already downloaded),12,Argentina,Investment Loan,Closed,"December 15, 2010",
AR-L1106,skipped (already downloaded),2,Argentina,Investment Loan,Closed,"December 14, 2010",
AR-L1108,skipped (already downloaded),2,Argentina,Investment Loan,Closed,"October 12, 2010",
AR-L1111,skipped (already downloaded),2,Argentina,Investment Loan,Closed,"November 1, 2010",
AR-L1118,skipped (already downloaded),2,Argentina,Investment Loan,Closed,"November 2, 2011",
AR-L1119,skipped (already downloaded),9,Argentina,Investment Loan,Closed,"December 7, 2011",
AR-L1120,skipped (already downloaded),2,Argentina,Investment Loan,Closed,"September 14, 2011",
AR-L1121,skipped (already downloaded),17,Argentina,Investment Loan,Closed,"July 23, 2014",
AR-L1122,skipped (already downloaded),2,Argentina,Investment Loan,Closed,"November 2, 2011",
AR-L1124,skipped (already downloaded),13,Argentina,Investment Loan,Cancelled,"November 8, 2011",
AR-L1126,True,0,Argentina,Investment Loan,Cancelled,"September 23, 2011",
AR-L1127,skipped (already downloaded),4,Argentina,Investment Loan,Closed,"July 6, 2012",
AR-L1130,skipped (already downloaded),2,Argentina,Investment Loan,Closed,"August 29, 2012",
AR-L1131,skipped (already downloaded),3,Argentina,Investment Loan,Closed,"November 30, 2011",
AR-L1133,skipped (already downloaded),3,Argentina,Investment Loan,Closed,"February 1, 2012",
AR-L1134,skipped (already downloaded),3,Argentina,Investment Loan,Closed,"October 18, 2011",
AR-L1136,skipped (already downloaded),2,Argentina,Investment Loan,Implementation,"September 13, 2012",
AR-L1140,skipped (already downloaded),2,Argentina,Investment Loan,Closed,"November 7, 2012",
AR-L1141,skipped (already downloaded),2,Argentina,Investment Loan,Closed,"September 13, 2012",
AR-L1142,skipped (already downloaded),2,Argentina,Investment Loan,Closed,"September 26, 2012",
AR-L1144,skipped (already downloaded),16,Argentina,Investment Loan,Closed,"October 30, 2013",
AR-L1145,skipped (already downloaded),3,Argentina,Investment Loan,Closed,"March 27, 2013",
AR-L1148,skipped (already downloaded),10,Argentina,Investment Loan,Closed,"April 10, 2013",
AR-L1149,skipped (already downloaded),4,Argentina,Investment Loan,Closed,"November 26, 2012",
AR-L1151,skipped (already downloaded),19,Argentina,Investment Loan,Implementation,"July 16, 2014",
AR-L1152,skipped (already downloaded),14,Argentina,Investment Loan,Closed,"May 31, 2013",
AR-L1154,skipped (already downloaded),19,Argentina,Investment Loan,Implementation,"May 21, 2014",
AR-L1156,skipped (already downloaded),24,Argentina,Investment Loan,Closed,"November 13, 2013",
AR-L1157,skipped (already downloaded),20,Argentina,Investment Loan,Closed,"May 14, 2014",
AR-L1158,skipped (already downloaded),16,Argentina,Investment Loan,Implementation,"September 12, 2013",
AR-L1159,skipped (already downloaded),19,Argentina,Investment Loan,Closed,"July 23, 2014",
AR-L1162,skipped (already downloaded),18,Argentina,Investment Loan,Implementation,"April 23, 2015",
AR-L1179,skipped (already downloaded),13,Argentina,Investment Loan,Implementation,"May 14, 2015",
AR-L1180,skipped (already downloaded),20,Argentina,Investment Loan,Closed,"May 7, 2015",
AR-L1181,skipped (already downloaded),14,Argentina,Investment Loan,Closed,"June 25, 2015",
AR-L1195,skipped (already downloaded),13,Argentina,Investment Loan,Implementation,"September 9, 2016",
AR-L1196,skipped (already downloaded),17,Argentina,Investment Loan,Closed,"October 19, 2016",
AR-L1198,skipped (already downloaded),16,Argentina,Investment Loan,Implementation,"November 17, 2016",
AR-L1199,skipped (already downloaded),11,Argentina,Investment Loan,Implementation,"December 5, 2016",
AR-L1243,skipped (already downloaded),11,Argentina,Investment Loan,Implementation,"October 26, 2016",
AR-L1245,skipped (already downloaded),3,Argentina,Investment Loan,Closed,"June 2, 2016",
AR-L1247,skipped (already downloaded),17,Argentina,Investment Loan,Closed,"September 28, 2016",
AR-L1248,skipped (already downloaded),10,Argentina,Investment Loan,Implementation,"December 5, 2016",
AR-L1249,skipped (already downloaded),11,Argentina,Investment Loan,Closed,"November 29, 2017",
AR-L1251,skipped (already downloaded),13,Argentina,Investment Loan,Implementation,"December 12, 2016",
AR-L1252,skipped (already downloaded),2,Argentina,Investment Loan,Closed,"April 7, 2017",
AR-L1254,skipped (already downloaded),13,Argentina,Investment Loan,Closed,"July 12, 2017",
AR-L1255,skipped (already downloaded),13,Argentina,Investment Loan,Closed,"June 29, 2017",
AR-L1257,skipped (already downloaded),17,Argentina,Investment Loan,Implementation,"August 29, 2017",
AR-L1258,skipped (already downloaded),3,Argentina,Investment Loan,Implementation,"September 27, 2017",
AR-L1260,skipped (already downloaded),4,Argentina,Investment Loan,Closed,"September 27, 2017",
AR-L1266,skipped (already downloaded),12,Argentina,Investment Loan,Closed,"August 2, 2017",
AR-L1267,skipped (already downloaded),2,Argentina,Investment Loan,Closed,"August 24, 2017",
AR-L1268,True,8,Argentina,Policy-Based Financing,Closed,"August 2, 2017",
AR-L1272,skipped (already downloaded),2,Argentina,Investment Loan,Implementation,"December 8, 2017",
AR-L1273,skipped (already downloaded),9,Argentina,Investment Loan,Implementation,"December 6, 2017",
AR-L1274,skipped (already downloaded),17,Argentina,Investment Loan,Implementation,"November 29, 2017",
AR-L1279,skipped (already downloaded),13,Argentina,Investment Loan,Implementation,"December 1, 2017",
AR-L1280,skipped (already downloaded),14,Argentina,Investment Loan,Closed,"July 26, 2018",
AR-L1281,skipped (already downloaded),8,Argentina,Investment Loan,Closed,"March 14, 2018",
AR-L1282,skipped (already downloaded),8,Argentina,Investment Loan,Closed,"March 12, 2018",
AR-L1283,True,9,Argentina,Policy-Based Financing,Closed,"July 26, 2018",
AR-L1285,skipped (already downloaded),9,Argentina,Investment Loan,Implementation,"February 28, 2019",
AR-L1288,skipped (already downloaded),2,Argentina,Investment Loan,Implementation,"July 2, 2019",
AR-L1289,True,2,Argentina,Investment Loan,Implementation,"June 9, 2021",
AR-L1292,skipped (already downloaded),6,Argentina,Investment Loan,Implementation,"June 12, 2019",
AR-L1293,skipped (already downloaded),15,Argentina,Investment Loan,Implementation,"May 3, 2019",
AR-L1295,skipped (already downloaded),14,Argentina,Investment Loan,Implementation,"November 2, 2018",
AR-L1298,True,5,Argentina,Policy-Based Financing,Closed,"October 11, 2018",
AR-L1302,skipped (already downloaded),10,Argentina,Investment Loan,Closed,"November 1, 2018",
AR-L1303,True,9,Argentina,Policy-Based Financing,Closed,"June 5, 2019",
AR-L1304,True,6,Argentina,Policy-Based Financing,Closed,"February 28, 2019",
AR-L1306,skipped (already downloaded),2,Argentina,Investment Loan,Implementation,"June 14, 2019",
AR-L1307,skipped (already downloaded),16,Argentina,Investment Loan,Implementation,"July 31, 2019",
AR-L1309,skipped (already downloaded),11,Argentina,Investment Loan,Closed,"June 19, 2019",
AR-L1310,skipped (already downloaded),3,Argentina,Investment Loan,Implementation,"July 31, 2019",
AR-L1312,skipped (already downloaded),2,Argentina,Investment Loan,Closed,"July 2, 2019",
AR-L1326,True,2,Argentina,Investment Loan,Implementation,"May 18, 2020",
AR-L1327,True,2,Argentina,Investment Loan,Implementation,"July 29, 2020",
AR-L1328,True,16,Argentina,Investment Loan,Closed,"June 22, 2020",
AR-L1330,True,3,Argentina,Investment Loan,Implementation,"June 30, 2021",
AR-L1331,True,2,Argentina,Investment Loan,Closed,"June 30, 2021",
AR-L1332,True,2,Argentina,Investment Loan,Implementation,"February 25, 2022",
AR-L1333,True,2,Argentina,Investment Loan,Implementation,"October 13, 2021",
AR-L1334,True,2,Argentina,Investment Loan,Implementation,"September 15, 2021",
AR-L1335,True,2,Argentina,Investment Loan,Implementation,"August 2, 2023",
AR-L1336,True,2,Argentina,Investment Loan,Closed,"April 27, 2022",
AR-L1337,True,2,Argentina,Investment Loan,Implementation,"August 4, 2021",
AR-L1338,True,2,Argentina,Investment Loan,Implementation,"December 1, 2021",
AR-L1339,True,2,Argentina,Investment Loan,Implementation,"October 22, 2021",
AR-L1340,True,2,Argentina,Investment Loan,Implementation,"December 1, 2021",
AR-L1341,True,2,Argentina,Investment Loan,Implementation,"July 6, 2022",
AR-L1342,True,2,Argentina,Investment Loan,Implementation,"August 3, 2022",
AR-L1343,True,2,Argentina,Investment Loan,Implementation,"January 11, 2023",
AR-L1344,True,2,Argentina,Investment Loan,Implementation,"November 9, 2022",
AR-L1345,True,2,Argentina,Investment Loan,Implementation,"July 27, 2022",
AR-L1346,True,2,Argentina,Investment Loan,Implementation,"September 14, 2022",
AR-L1347,False,0,Argentina,Special Development Lending,Closed,"October 12, 2022",
AR-L1351,True,2,Argentina,Policy-Based Financing,Closed,"November 30, 2022",
AR-L1352,True,2,Argentina,Investment Loan,Implementation,"November 16, 2022",
AR-L1353,True,2,Argentina,Investment Loan,Closed,"January 11, 2023",
AR-L1354,True,2,Argentina,Investment Loan,Implementation,"July 27, 2022",
AR-L1355,True,2,Argentina,Investment Loan,Implementation,"September 21, 2022",
AR-L1356,True,2,Argentina,Investment Loan,Implementation,"September 30, 2022",
AR-L1357,True,2,Argentina,Investment Loan,Implementation,"June 9, 2023",
AR-L1358,True,2,Argentina,Investment Loan,Implementation,"April 13, 2023",
AR-L1360,True,2,Argentina,Investment Loan,Implementation,"August 5, 2022",
AR-L1361,True,2,Argentina,Investment Loan,Implementation,"March 29, 2023",
AR-L1366,True,2,Argentina,Investment Loan,Implementation,"May 3, 2023",
AR-L1367,True,1,Argentina,Investment Loan,Closed,"May 3, 2023",
AR-L1370,True,2,Argentina,Policy-Based Financing,Closed,"June 21, 2023",
AR-L1377,True,2,Argentina,Investment Loan,Implementation,"October 31, 2024",
AR-L1386,True,2,Argentina,Investment Loan,Implementation,"November 15, 2023",
AR-L1391,True,2,Argentina,Investment Loan,Implementation,"November 1, 2023",
AR-L1402,False,0,Argentina,Special Development Lending,Closed,"July 31, 2024",
AR-L1404,True,2,Argentina,Policy-Based Financing,Closed,"November 20, 2024",
AR-L1405,True,2,Argentina,Investment Loan,Implementation,"December 6, 2024",
AR-L1406,True,2,Argentina,Investment Loan,Implementation,"November 20, 2024",
AR-L1408,True,2,Argentina,Investment Loan,Implementation,"November 6, 2024",
AR-L1409,True,2,Argentina,Investment Loan,Implementation,"November 20, 2024",
AR-L1410,True,2,Argentina,Investment Loan,Implementation,"January 29, 2025",
AR-L1411,True,2,Argentina,Investment Loan,Implementation,"October 15, 2025",
AR-L1412,True,2,Argentina,Policy-Based Financing,Closed,"July 23, 2025",
AR-L1413,True,2,Argentina,Policy-Based Financing,Closed,"July 23, 2025",
AR-L1415,False,0,Argentina,Special Development Lending,Closed,"May 7, 2025",
AR-L1416,True,2,Argentina,Investment Loan,Implementation,"April 29, 2026",
AR-L1419,True,0,Argentina,Investment Loan,Implementation,"June 11, 2025",
AR-L1420,True,2,Argentina,Investment Loan,Implementation,"December 10, 2025",
AR-L1421,True,2,Argentina,Investment Loan,Implementation,"April 29, 2026",
AR-L1422,True,2,Argentina,Investment Loan,Implementation,"June 17, 2026",
AR-L1427,True,2,Argentina,Investment Loan,Implementation,"July 29, 2026",
AR-L1436,skipped (already downloaded),1,Argentina,Investment Loan,Implementation,"May 27, 2026",
AR0038,True,0,Argentina,Investment Loan,Closed,"December 8, 1993",
AR0058,skipped (already downloaded),2,Argentina,Investment Loan,Closed,"November 16, 1994",
AR0061,skipped (already downloaded),3,Argentina,Investment Loan,Closed,"November 8, 1995",
AR0120,skipped (already downloaded),3,Argentina,Investment Loan,Closed,"August 11, 1999",
AR0126,skipped (already downloaded),2,Argentina,Investment Loan,Closed,"October 30, 1996",
AR0127,skipped (already downloaded),3,Argentina,Investment Loan,Closed,"August 4, 1999",
AR0130,skipped (already downloaded),2,Argentina,Investment Loan,Closed,"January 11, 1995",
AR0136,skipped (already downloaded),3,Argentina,Investment Loan,Closed,"November 25, 1997",
AR0151,skipped (already downloaded),4,Argentina,Investment Loan,Closed,"December 3, 1997",
AR0161,skipped (already downloaded),2,Argentina,Investment Loan,Closed,"July 9, 1997",
AR0163,skipped (already downloaded),2,Argentina,Investment Loan,Closed,"July 17, 1996",
AR0164,skipped (already downloaded),2,Argentina,Investment Loan,Closed,"December 11, 1996",
AR0169,skipped (already downloaded),2,Argentina,Investment Loan,Closed,"August 1, 1997",
AR0171,skipped (already downloaded),2,Argentina,Investment Loan,Closed,"September 22, 1999",
AR0175,skipped (already downloaded),2,Argentina,Investment Loan,Closed,"October 28, 1998",
AR0176,skipped (already downloaded),2,Argentina,Investment Loan,Closed,"September 12, 2001",
AR0181,skipped (already downloaded),1,Argentina,Investment Loan,Closed,"November 25, 1997",
AR0198,skipped (already downloaded),2,Argentina,Investment Loan,Closed,"July 29, 1998",
AR0201,skipped (already downloaded),2,Argentina,Policy-Based Financing,Closed,"October 30, 1996",
AR0202,skipped (already downloaded),1,Argentina,Investment Loan,Closed,"December 13, 2000",
AR0218,skipped (already downloaded),2,Argentina,Investment Loan,Closed,"June 10, 1998",
AR0220,skipped (already downloaded),1,Argentina,Investment Loan,Closed,"September 17, 1997",
AR0231,skipped (already downloaded),2,Argentina,Investment Loan,Closed,"October 28, 1998",
AR0242,skipped (already downloaded),2,Argentina,Investment Loan,Closed,"August 5, 1998",
AR0257,skipped (already downloaded),3,Argentina,Investment Loan,Closed,"December 6, 2000",
AR0262,skipped (already downloaded),3,Argentina,Investment Loan,Closed,"January 31, 2001",
AR0266,skipped (already downloaded),3,Argentina,Policy-Based Financing,Closed,"June 13, 2001",
AR0271,skipped (already downloaded),3,Argentina,Policy-Based Financing,Closed,"December 13, 2000",
AR0279,skipped (already downloaded),2,Argentina,Investment Loan,Closed,"June 18, 2003",
AR0280,skipped (already downloaded),3,Argentina,Policy-Based Financing,Closed,"August 29, 2001",
AR0290,skipped (already downloaded),2,Argentina,Policy-Based Financing,Closed,"December 15, 2004",
AR0292,skipped (already downloaded),2,Argentina,Investment Loan,Closed,"June 18, 2003",
BA-L1002,skipped (already downloaded),2,Barbados,Investment Loan,Closed,"January 16, 2008",
BA-L1003,skipped (already downloaded),1,Barbados,Investment Loan,Closed,"November 9, 2005",
BA-L1004,skipped (already downloaded),3,Barbados,Investment Loan,Closed,"December 15, 2008",
BA-L1006,skipped (already downloaded),2,Barbados,Investment Loan,Closed,"December 19, 2007",
BA-L1007,skipped (already downloaded),2,Barbados,Investment Loan,Closed,"December 15, 2009",
BA-L1008,skipped (already downloaded),2,Barbados,Investment Loan,Closed,"December 2, 2009",
BA-L1009,skipped (already downloaded),3,Barbados,Investment Loan,Closed,"July 28, 2008",
BA-L1011,True,0,Barbados,Investment Loan,Closed,"December 13, 2006",
BA-L1012,skipped (already downloaded),13,Barbados,Investment Loan,Implementation,"December 7, 2016",
BA-L1014,skipped (already downloaded),2,Barbados,Investment Loan,Closed,"December 8, 2010",
BA-L1015,skipped (already downloaded),2,Barbados,Investment Loan,Closed,"December 2, 2009",
BA-L1016,skipped (already downloaded),4,Barbados,Investment Loan,Closed,"June 21, 2012",
BA-L1017,True,0,Barbados,Investment Loan,Closed,"December 10, 2008",
BA-L1020,skipped (already downloaded),2,Barbados,Investment Loan,Closed,"December 10, 2010",
BA-L1021,True,2,Barbados,Policy-Based Financing,Closed,"November 2, 2011",
BA-L1022,True,2,Barbados,Policy-Based Financing,Closed,"September 15, 2010",
BA-L1025,skipped (already downloaded),3,Barbados,Investment Loan,Closed,"June 25, 2012",
BA-L1032,skipped (already downloaded),15,Barbados,Investment Loan,Closed,"September 21, 2015",
BA-L1033,skipped (already downloaded),17,Barbados,Investment Loan,Closed,"October 25, 2017",
BA-L1034,skipped (already downloaded),15,Barbados,Investment Loan,Closed,"December 15, 2014",
BA-L1035,skipped (already downloaded),16,Barbados,Investment Loan,Closed,"November 18, 2015",
BA-L1043,skipped (already downloaded),3,Barbados,Investment Loan,Implementation,"September 20, 2019",
BA-L1045,False,0,Barbados,Special Development Lending,Closed,"November 6, 2018",
BA-L1046,skipped (already downloaded),15,Barbados,Investment Loan,Implementation,"November 27, 2019",
BA-L1048,True,2,Barbados,Policy-Based Financing,Closed,"March 11, 2020",
BA-L1050,True,6,Barbados,Policy-Based Financing,Closed,"December 2, 2020",
BA-L1051,True,2,Barbados,Investment Loan,Closed,"December 16, 2020",
BA-L1052,True,2,Barbados,Policy-Based Financing,Closed,"December 8, 2021",
BA-L1053,True,2,Barbados,Investment Loan,Implementation,"December 14, 2022",
BA-L1056,True,2,Barbados,Policy-Based Financing,Closed,"December 14, 2022",
BA-L1059,True,2,Barbados,Investment Loan,Implementation,"January 10, 2024",
BA-L1060,True,0,Barbados,Policy-Based Financing,Closed,"November 29, 2023",
BA-L1061,True,2,Barbados,Policy-Based Financing,Closed,"February 7, 2024",
BA-L1062,True,2,Barbados,Policy-Based Financing,Closed,"January 29, 2025",
BA-L1063,True,3,Barbados,Investment Loan,Implementation,"July 26, 2024",
BA-L1064,True,2,Barbados,Investment Loan,Implementation,"July 25, 2025",
BA-L1065,True,2,Barbados,Investment Loan,Implementation,"February 13, 2025",
BA-L1067,True,2,Barbados,Policy-Based Financing,Implementation,"June 17, 2026",
BA-L1069,True,1,Barbados,Investment Loan,Implementation,"December 3, 2025",
BA0009,skipped (already downloaded),1,Barbados,Investment Loan,Closed,"December 8, 1998",
BA0012,skipped (already downloaded),2,Barbados,Policy-Based Financing,Closed,"November 15, 1995",
BA0019,skipped (already downloaded),2,Barbados,Investment Loan,Closed,"January 9, 2002",
BA0055,skipped (already downloaded),1,Barbados,Investment Loan,Closed,"August 1, 2001",
BH-L1001,skipped (already downloaded),2,Bahamas,Investment Loan,Closed,"November 17, 2004",
BH-L1003,skipped (already downloaded),1,Bahamas,Investment Loan,Closed,"November 30, 2005",
BH-L1005,skipped (already downloaded),2,Bahamas,Investment Loan,Cancelled,"November 15, 2006",
BH-L1007,skipped (already downloaded),2,Bahamas,Investment Loan,Closed,"March 8, 2005",
BH-L1008,skipped (already downloaded),3,Bahamas,Investment Loan,Cancelled,"December 20, 2006",
BH-L1009,True,0,Bahamas,Investment Loan,Cancelled,"September 6, 2005",
BH-L1016,skipped (already downloaded),2,Bahamas,Investment Loan,Closed,"July 18, 2012",
BH-L1024,skipped (already downloaded),2,Bahamas,Investment Loan,Closed,"May 22, 2008",
BH-L1027,True,2,Bahamas,Policy-Based Financing,Closed,"December 14, 2011",
BH-L1028,skipped (already downloaded),2,Bahamas,Investment Loan,Closed,"November 16, 2011",
BH-L1029,skipped (already downloaded),6,Bahamas,Investment Loan,Closed,"September 4, 2012",
BH-L1030,skipped (already downloaded),2,Bahamas,Investment Loan,Closed,"July 18, 2012",
BH-L1033,skipped (already downloaded),17,Bahamas,Investment Loan,Closed,"July 7, 2015",
BH-L1035,skipped (already downloaded),11,Bahamas,Investment Loan,Implementation,"November 19, 2014",
BH-L1037,skipped (already downloaded),18,Bahamas,Investment Loan,Closed,"November 2, 2016",
BH-L1040,True,0,Bahamas,Investment Loan,Closed,"December 14, 2011",
BH-L1041,skipped (already downloaded),23,Bahamas,Investment Loan,Implementation,"January 25, 2017",
BH-L1043,skipped (already downloaded),15,Bahamas,Investment Loan,Implementation,"November 8, 2017",
BH-L1045,skipped (already downloaded),8,Bahamas,Investment Loan,Implementation,"June 27, 2018",
BH-L1046,skipped (already downloaded),8,Bahamas,Investment Loan,Implementation,"August 28, 2019",
BH-L1048,True,2,Bahamas,Investment Loan,Implementation,"January 29, 2020",
BH-L1049,skipped (already downloaded),1,Bahamas,Investment Loan,Closed,"September 11, 2019",
BH-L1050,True,2,Bahamas,Policy-Based Financing,Closed,"August 5, 2020",
BH-L1052,True,2,Bahamas,Policy-Based Financing,Closed,"May 26, 2021",
BH-L1053,True,4,Bahamas,Investment Loan,Implementation,"June 30, 2021",
BH-L1055,True,2,Bahamas,Investment Loan,Implementation,"December 9, 2020",
BH-L1056,True,2,Bahamas,Policy-Based Financing,Closed,"April 13, 2023",
BH-L1057,True,2,Bahamas,Investment Loan,Implementation,"October 22, 2025",
BH-L1058,True,2,Bahamas,Investment Loan,Implementation,"April 3, 2024",
BH-L1061,True,2,Bahamas,Investment Loan,Implementation,"November 27, 2024",
BH-L1062,True,2,Bahamas,Policy-Based Financing,Closed,"October 1, 2025",
BH-L1063,True,2,Bahamas,Investment Loan,Implementation,"December 3, 2025",
BH0008,skipped (already downloaded),2,Bahamas,Investment Loan,Closed,"February 17, 1999",
BH0018,skipped (already downloaded),2,Bahamas,Investment Loan,Closed,"November 6, 1996",
BH0025,skipped (already downloaded),2,Bahamas,Investment Loan,Closed,"July 29, 1998",
BH0029,skipped (already downloaded),2,Bahamas,Investment Loan,Closed,"May 30, 2001",
BH0031,skipped (already downloaded),1,Bahamas,Investment Loan,Closed,"September 13, 2000",
BL-L1001,True,2,Belize,Policy-Based Financing,Closed,"December 6, 2006",
BL-L1003,skipped (already downloaded),2,Belize,Investment Loan,Closed,"November 25, 2008",
BL-L1004,True,2,Belize,Policy-Based Financing,Closed,"October 2, 2009",
BL-L1006,skipped (already downloaded),2,Belize,Investment Loan,Closed,"November 19, 2008",
BL-L1008,skipped (already downloaded),2,Belize,Investment Loan,Closed,"October 21, 2009",
BL-L1009,skipped (already downloaded),2,Belize,Investment Loan,Closed,"November 4, 2009",
BL-L1010,skipped (already downloaded),2,Belize,Investment Loan,Closed,"April 7, 2009",
BL-L1013,True,0,Belize,Investment Loan,Closed,"September 7, 2011",
BL-L1014,skipped (already downloaded),1,Belize,Investment Loan,Closed,"December 3, 2010",
BL-L1015,skipped (already downloaded),2,Belize,Investment Loan,Closed,"December 10, 2010",
BL-L1018,skipped (already downloaded),12,Belize,Investment Loan,Closed,"June 12, 2014",
BL-L1019,skipped (already downloaded),1,Belize,Investment Loan,Closed,"November 19, 2014",
BL-L1020,skipped (already downloaded),17,Belize,Investment Loan,Closed,"October 21, 2015",
BL-L1021,skipped (already downloaded),12,Belize,Investment Loan,Closed,"May 25, 2016",
BL-L1028,skipped (already downloaded),15,Belize,Investment Loan,Closed,"December 6, 2017",
BL-L1029,skipped (already downloaded),20,Belize,Investment Loan,Closed,"September 26, 2018",
BL-L1030,skipped (already downloaded),10,Belize,Investment Loan,Closed,"June 7, 2019",
BL-L1031,skipped (already downloaded),7,Belize,Investment Loan,Implementation,"July 30, 2019",
BL-L1034,True,2,Belize,Investment Loan,Closed,"June 19, 2020",
BL-L1036,True,2,Belize,Investment Loan,Closed,"March 10, 2021",
BL-L1037,True,3,Belize,Investment Loan,Closed,"August 4, 2021",
BL-L1038,True,2,Belize,Investment Loan,Implementation,"September 29, 2021",
BL-L1039,True,2,Belize,Investment Loan,Implementation,"November 9, 2022",
BL-L1040,True,2,Belize,Investment Loan,Implementation,"September 14, 2022",
BL-L1041,True,2,Belize,Investment Loan,Implementation,"September 14, 2022",
BL-L1042,True,2,Belize,Investment Loan,Implementation,"July 19, 2023",
BL-L1043,True,1,Belize,Investment Loan,Implementation,"May 31, 2023",
BL-L1044,True,2,Belize,Investment Loan,Implementation,"May 17, 2023",
BL-L1045,True,2,Belize,Investment Loan,Implementation,"May 31, 2023",
BL-L1046,True,2,Belize,Investment Loan,Implementation,"May 29, 2024",
BL-L1048,True,2,Belize,Investment Loan,Implementation,"June 12, 2024",
BL-L1050,True,1,Belize,Investment Loan,Implementation,"June 18, 2025",
BL-L1051,True,2,Belize,Investment Loan,Implementation,"October 22, 2025",
BL-L1052,True,2,Belize,Investment Loan,Implementation,"June 26, 2026",
BL0001,skipped (already downloaded),2,Belize,Investment Loan,Closed,"January 7, 1998",
BL0003,skipped (already downloaded),2,Belize,Investment Loan,Closed,"July 14, 1999",
BL0012,skipped (already downloaded),1,Belize,Investment Loan,Closed,"June 14, 2000",
BL0014,skipped (already downloaded),1,Belize,Investment Loan,Closed,"October 18, 2000",
BL0015,skipped (already downloaded),2,Belize,Investment Loan,Closed,"October 20, 1999",
BL0017,True,0,Belize,Investment Loan,Closed,"June 6, 2001",
BL0018,skipped (already downloaded),1,Belize,Investment Loan,Closed,"November 1, 2000",
BO-L1001,skipped (already downloaded),2,Bolivia,Investment Loan,Closed,"June 2, 2006",
BO-L1005,True,2,Bolivia,Policy-Based Financing,Closed,"December 7, 2005",
BO-L1006,skipped (already downloaded),3,Bolivia,Investment Loan,Closed,"November 2, 2005",
BO-L1007,skipped (already downloaded),2,Bolivia,Investment Loan,Closed,"June 21, 2006",
BO-L1008,True,0,Bolivia,Investment Loan,Cancelled,"March 2, 2005",
BO-L1010,True,2,Bolivia,Policy-Based Financing,Closed,"April 21, 2010",
BO-L1011,skipped (already downloaded),4,Bolivia,Investment Loan,Closed,"December 20, 2006",
BO-L1012,skipped (already downloaded),2,Bolivia,Investment Loan,Closed,"January 17, 2007",
BO-L1013,skipped (already downloaded),2,Bolivia,Investment Loan,Closed,"November 28, 2007",
BO-L1015,skipped (already downloaded),2,Bolivia,Investment Loan,Closed,"December 12, 2007",
BO-L1016,skipped (already downloaded),2,Bolivia,Investment Loan,Closed,"December 12, 2007",
BO-L1021,skipped (already downloaded),2,Bolivia,Investment Loan,Closed,"November 19, 2008",
BO-L1028,skipped (already downloaded),8,Bolivia,Investment Loan,Closed,"November 3, 2010",
BO-L1031,skipped (already downloaded),2,Bolivia,Investment Loan,Closed,"November 18, 2009",
BO-L1032,skipped (already downloaded),3,Bolivia,Investment Loan,Closed,"December 2, 2009",
BO-L1034,skipped (already downloaded),2,Bolivia,Investment Loan,Closed,"October 2, 2009",
BO-L1037,skipped (already downloaded),4,Bolivia,Investment Loan,Closed,"November 25, 2008",
BO-L1038,skipped (already downloaded),2,Bolivia,Investment Loan,Closed,"December 4, 2008",
BO-L1039,skipped (already downloaded),2,Bolivia,Investment Loan,Closed,"November 8, 2010",
BO-L1040,skipped (already downloaded),2,Bolivia,Investment Loan,Closed,"November 4, 2009",
BO-L1043,skipped (already downloaded),2,Bolivia,Investment Loan,Closed,"November 23, 2009",
BO-L1047,skipped (already downloaded),2,Bolivia,Investment Loan,Closed,"October 28, 2009",
BO-L1050,skipped (already downloaded),2,Bolivia,Investment Loan,Closed,"November 17, 2010",
BO-L1051,skipped (already downloaded),2,Bolivia,Investment Loan,Closed,"September 1, 2010",
BO-L1053,skipped (already downloaded),2,Bolivia,Investment Loan,Closed,"January 1, 2010",
BO-L1056,skipped (already downloaded),2,Bolivia,Investment Loan,Closed,"December 15, 2010",
BO-L1061,True,2,Bolivia,Policy-Based Financing,Closed,"November 3, 2010",
BO-L1062,True,12,Bolivia,Policy-Based Financing,Closed,"October 14, 2011",
BO-L1063,skipped (already downloaded),3,Bolivia,Investment Loan,Closed,"December 7, 2011",
BO-L1064,skipped (already downloaded),2,Bolivia,Investment Loan,Closed,"April 25, 2012",
BO-L1065,True,0,Bolivia,Investment Loan,Closed,"October 19, 2011",
BO-L1067,skipped (already downloaded),2,Bolivia,Investment Loan,Closed,"November 2, 2011",
BO-L1070,skipped (already downloaded),3,Bolivia,Investment Loan,Closed,"November 17, 2011",
BO-L1071,skipped (already downloaded),2,Bolivia,Investment Loan,Closed,"November 7, 2012",
BO-L1072,skipped (already downloaded),8,Bolivia,Investment Loan,Closed,"November 30, 2011",
BO-L1073,skipped (already downloaded),2,Bolivia,Investment Loan,Implementation,"December 5, 2012",
BO-L1074,True,2,Bolivia,Policy-Based Financing,Closed,"September 4, 2012",
BO-L1075,skipped (already downloaded),17,Bolivia,Investment Loan,Closed,"September 26, 2012",
BO-L1076,skipped (already downloaded),19,Bolivia,Investment Loan,Closed,"June 26, 2013",
BO-L1078,skipped (already downloaded),3,Bolivia,Investment Loan,Closed,"November 1, 2012",
BO-L1079,skipped (already downloaded),20,Bolivia,Investment Loan,Closed,"February 13, 2013",
BO-L1080,skipped (already downloaded),23,Bolivia,Investment Loan,Implementation,"December 2, 2015",
BO-L1081,True,10,Bolivia,Policy-Based Financing,Closed,"September 4, 2013",
BO-L1082,skipped (already downloaded),19,Bolivia,Investment Loan,Closed,"February 12, 2014",
BO-L1084,skipped (already downloaded),13,Bolivia,Investment Loan,Closed,"November 6, 2013",
BO-L1087,skipped (already downloaded),15,Bolivia,Investment Loan,Implementation,"November 27, 2013",
BO-L1089,True,15,Bolivia,Policy-Based Financing,Closed,"June 4, 2014",
BO-L1093,skipped (already downloaded),15,Bolivia,Investment Loan,Closed,"September 12, 2013",
BO-L1095,skipped (already downloaded),21,Bolivia,Investment Loan,Closed,"December 11, 2014",
BO-L1096,skipped (already downloaded),14,Bolivia,Investment Loan,Implementation,"September 16, 2015",
BO-L1100,True,14,Bolivia,Policy-Based Financing,Closed,"March 30, 2016",
BO-L1101,skipped (already downloaded),11,Bolivia,Investment Loan,Closed,"September 9, 2015",
BO-L1102,skipped (already downloaded),21,Bolivia,Investment Loan,Implementation,"September 21, 2015",
BO-L1104,True,14,Bolivia,Policy-Based Financing,Closed,"June 17, 2015",
BO-L1106,skipped (already downloaded),13,Bolivia,Investment Loan,Implementation,"June 30, 2016",
BO-L1107,True,11,Bolivia,Policy-Based Financing,Closed,"March 30, 2016",
BO-L1111,skipped (already downloaded),10,Bolivia,Investment Loan,Cancelled,"December 12, 2018",
BO-L1112,True,17,Bolivia,Policy-Based Financing,Closed,"September 14, 2017",
BO-L1113,skipped (already downloaded),13,Bolivia,Investment Loan,Closed,"September 1, 2016",
BO-L1114,skipped (already downloaded),19,Bolivia,Investment Loan,Closed,"November 23, 2016",
BO-L1117,skipped (already downloaded),18,Bolivia,Investment Loan,Closed,"September 1, 2016",
BO-L1118,skipped (already downloaded),23,Bolivia,Investment Loan,Implementation,"September 7, 2016",
BO-L1121,skipped (already downloaded),17,Bolivia,Investment Loan,Closed,"November 30, 2016",
BO-L1179,skipped (already downloaded),7,Bolivia,Investment Loan,Closed,"November 16, 2016",
BO-L1182,skipped (already downloaded),16,Bolivia,Investment Loan,Implementation,"October 31, 2018",
BO-L1183,True,8,Bolivia,Policy-Based Financing,Closed,"March 8, 2017",
BO-L1184,skipped (already downloaded),25,Bolivia,Investment Loan,Implementation,"December 12, 2018",
BO-L1186,skipped (already downloaded),18,Bolivia,Investment Loan,Closed,"November 15, 2017",
BO-L1188,skipped (already downloaded),17,Bolivia,Investment Loan,Closed,"November 22, 2017",
BO-L1189,True,6,Bolivia,Policy-Based Financing,Closed,"September 19, 2018",
BO-L1190,skipped (already downloaded),17,Bolivia,Investment Loan,Implementation,"October 24, 2018",
BO-L1191,skipped (already downloaded),19,Bolivia,Investment Loan,Implementation,"November 29, 2017",
BO-L1192,skipped (already downloaded),18,Bolivia,Investment Loan,Implementation,"November 1, 2018",
BO-L1198,skipped (already downloaded),25,Bolivia,Investment Loan,Implementation,"September 26, 2018",
BO-L1199,True,11,Bolivia,Policy-Based Financing,Closed,"March 13, 2019",
BO-L1200,True,2,Bolivia,Policy-Based Financing,Closed,"April 17, 2019",
BO-L1209,True,2,Bolivia,Investment Loan,Implementation,"October 5, 2022",
BO-L1212,True,2,Bolivia,Investment Loan,Implementation,"December 4, 2023",
BO-L1216,True,4,Bolivia,Investment Loan,Closed,"May 29, 2020",
BO-L1217,True,2,Bolivia,Investment Loan,Cancelled,"July 22, 2020",
BO-L1219,True,5,Bolivia,Investment Loan,Implementation,"October 20, 2021",
BO-L1220,True,2,Bolivia,Investment Loan,Implementation,"April 12, 2022",
BO-L1222,True,2,Bolivia,Investment Loan,Implementation,"October 11, 2023",
BO-L1223,True,2,Bolivia,Investment Loan,Cancelled,"December 7, 2022",
BO-L1225,True,2,Bolivia,Investment Loan,Implementation,"November 30, 2022",
BO-L1226,True,2,Bolivia,Investment Loan,Implementation,"December 14, 2022",
BO-L1229,True,2,Bolivia,Investment Loan,Implementation,"October 18, 2023",
BO-L1230,True,2,Bolivia,Investment Loan,Implementation,"February 9, 2024",
BO-L1233,True,2,Bolivia,Investment Loan,Implementation,"December 4, 2023",
BO-L1234,True,2,Bolivia,Investment Loan,Implementation,"April 3, 2024",
BO-L1238,True,2,Bolivia,Investment Loan,Implementation,"July 22, 2026",
BO-L1245,True,2,Bolivia,Investment Loan,Implementation,"March 4, 2026",
BO0008,skipped (already downloaded),2,Bolivia,Investment Loan,Closed,"June 17, 1998",
BO0029,skipped (already downloaded),2,Bolivia,Investment Loan,Closed,"June 28, 1995",
BO0033,skipped (already downloaded),2,Bolivia,Investment Loan,Closed,"April 17, 2002",
BO0034,skipped (already downloaded),2,Bolivia,Investment Loan,Closed,"December 21, 1994",
BO0036,skipped (already downloaded),2,Bolivia,Investment Loan,Closed,"April 17, 2002",
BO0040,skipped (already downloaded),2,Bolivia,Investment Loan,Closed,"December 6, 1995",
BO0098,skipped (already downloaded),1,Bolivia,Investment Loan,Closed,"July 7, 1999",
BO0107,skipped (already downloaded),2,Bolivia,Investment Loan,Closed,"April 23, 1997",
BO0112,skipped (already downloaded),2,Bolivia,Investment Loan,Closed,"May 29, 1996",
BO0115,skipped (already downloaded),2,Bolivia,Investment Loan,Closed,"February 10, 1999",
BO0125,skipped (already downloaded),2,Bolivia,Investment Loan,Closed,"December 4, 1996",
BO0130,skipped (already downloaded),2,Bolivia,Investment Loan,Closed,"June 25, 1997",
BO0159,skipped (already downloaded),2,Bolivia,Investment Loan,Closed,"April 26, 2000",
BO0171,skipped (already downloaded),2,Bolivia,Investment Loan,Closed,"October 28, 1998",
BO0173,skipped (already downloaded),2,Bolivia,Policy-Based Financing,Closed,"October 21, 1998",
BO0174,skipped (already downloaded),2,Bolivia,Investment Loan,Closed,"January 9, 2002",
BO0175,skipped (already downloaded),2,Bolivia,Investment Loan,Closed,"December 8, 1999",
BO0176,skipped (already downloaded),2,Bolivia,Investment Loan,Closed,"April 26, 2000",
BO0180,skipped (already downloaded),2,Bolivia,Investment Loan,Closed,"March 12, 2001",
BO0189,skipped (already downloaded),2,Bolivia,Investment Loan,Closed,"December 1, 1999",
BO0196,skipped (already downloaded),2,Bolivia,Investment Loan,Closed,"October 24, 2001",
BO0197,skipped (already downloaded),2,Bolivia,Investment Loan,Closed,"October 26, 2001",
BO0200,skipped (already downloaded),2,Bolivia,Investment Loan,Closed,"December 1, 2004",
BO0203,skipped (already downloaded),2,Bolivia,Policy-Based Financing,Closed,"December 5, 2001",
BO0213,skipped (already downloaded),2,Bolivia,Policy-Based Financing,Closed,"June 11, 2003",
BO0216,skipped (already downloaded),2,Bolivia,Investment Loan,Closed,"June 23, 2004",
BO0217,True,0,Bolivia,Investment Loan,Closed,"November 20, 2002",
BO0219,skipped (already downloaded),2,Bolivia,Policy-Based Financing,Closed,"December 17, 2003",
BO0221,skipped (already downloaded),2,Bolivia,Investment Loan,Closed,"December 10, 2003",
BO0223,skipped (already downloaded),2,Bolivia,Investment Loan,Closed,"November 28, 2007",
BR-L1001,skipped (already downloaded),2,Brazil,Investment Loan,Closed,"December 1, 2004",
BR-L1002,True,0,Brazil,Investment Loan,Closed,"November 2, 2005",
BR-L1004,skipped (already downloaded),2,Brazil,Investment Loan,Closed,"December 15, 2004",
BR-L1005,skipped (already downloaded),2,Brazil,Investment Loan,Closed,"November 30, 2005",
BR-L1006,True,0,Brazil,Investment Loan,Closed,"April 30, 2008",
BR-L1009,skipped (already downloaded),2,Brazil,Investment Loan,Closed,"December 20, 2004",
BR-L1013,skipped (already downloaded),2,Brazil,Investment Loan,Closed,"November 9, 2005",
BR-L1016,skipped (already downloaded),2,Brazil,Investment Loan,Closed,"November 5, 2007",
BR-L1018,skipped (already downloaded),2,Brazil,Investment Loan,Closed,"January 16, 2008",
BR-L1020,skipped (already downloaded),2,Brazil,Investment Loan,Closed,"June 11, 2009",
BR-L1021,skipped (already downloaded),2,Brazil,Investment Loan,Closed,"January 15, 2009",
BR-L1023,True,0,Brazil,Investment Loan,Closed,"June 1, 2006",
BR-L1026,skipped (already downloaded),2,Brazil,Investment Loan,Closed,"April 26, 2006",
BR-L1027,skipped (already downloaded),2,Brazil,Investment Loan,Closed,"December 21, 2005",
BR-L1028,skipped (already downloaded),2,Brazil,Investment Loan,Closed,"October 14, 2009",
BR-L1031,skipped (already downloaded),2,Brazil,Investment Loan,Cancelled,"September 3, 2008",
BR-L1033,skipped (already downloaded),2,Brazil,Investment Loan,Closed,"May 10, 2006",
BR-L1038,skipped (already downloaded),2,Brazil,Investment Loan,Closed,"October 31, 2007",
BR-L1044,skipped (already downloaded),2,Brazil,Investment Loan,Closed,"October 3, 2011",
BR-L1047,skipped (already downloaded),2,Brazil,Investment Loan,Closed,"November 29, 2006",
BR-L1051,skipped (already downloaded),1,Brazil,Investment Loan,Closed,"August 5, 2009",
BR-L1053,skipped (already downloaded),5,Brazil,Investment Loan,Closed,"November 11, 2009",
BR-L1054,skipped (already downloaded),2,Brazil,Investment Loan,Closed,"April 17, 2007",
BR-L1055,skipped (already downloaded),17,Brazil,Investment Loan,Cancelled,"December 14, 2007",
BR-L1057,True,0,Brazil,Investment Loan,Closed,"May 21, 2008",
BR-L1058,skipped (already downloaded),2,Brazil,Investment Loan,Cancelled,"December 14, 2007",
BR-L1060,skipped (already downloaded),2,Brazil,Investment Loan,Closed,"January 31, 2007",
BR-L1065,skipped (already downloaded),2,Brazil,Investment Loan,Closed,"July 9, 2008",
BR-L1068,skipped (already downloaded),2,Brazil,Investment Loan,Closed,"May 9, 2007",
BR-L1076,skipped (already downloaded),2,Brazil,Investment Loan,Closed,"June 27, 2013",
BR-L1077,skipped (already downloaded),2,Brazil,Investment Loan,Closed,"May 30, 2008",
BR-L1078,skipped (already downloaded),2,Brazil,Investment Loan,Closed,"November 4, 2009",
BR-L1081,skipped (already downloaded),2,Brazil,Investment Loan,Closed,"April 30, 2008",
BR-L1083,skipped (already downloaded),2,Brazil,Investment Loan,Closed,"November 20, 2009",
BR-L1084,skipped (already downloaded),2,Brazil,Investment Loan,Closed,"December 3, 2009",
BR-L1085,skipped (already downloaded),2,Brazil,Investment Loan,Closed,"February 19, 2008",
BR-L1087,skipped (already downloaded),2,Brazil,Investment Loan,Closed,"February 26, 2009",
BR-L1088,skipped (already downloaded),2,Brazil,Investment Loan,Closed,"December 9, 2009",
BR-L1093,skipped (already downloaded),2,Brazil,Investment Loan,Closed,"December 2, 2008",
BR-L1094,skipped (already downloaded),18,Brazil,Investment Loan,Cancelled,"October 31, 2014",
BR-L1096,skipped (already downloaded),2,Brazil,Investment Loan,Cancelled,"June 10, 2010",
BR-L1099,skipped (already downloaded),2,Brazil,Investment Loan,Closed,"November 13, 2008",
BR-L1102,skipped (already downloaded),2,Brazil,Investment Loan,Closed,"October 2, 2009",
BR-L1103,skipped (already downloaded),2,Brazil,Investment Loan,Closed,"February 17, 2010",
BR-L1104,skipped (already downloaded),2,Brazil,Investment Loan,Closed,"February 19, 2008",
BR-L1117,skipped (already downloaded),7,Brazil,Investment Loan,Closed,"March 23, 2012",
BR-L1122,skipped (already downloaded),4,Brazil,Investment Loan,Closed,"October 21, 2009",
BR-L1152,skipped (already downloaded),2,Brazil,Investment Loan,Closed,"November 3, 2010",
BR-L1160,skipped (already downloaded),8,Brazil,Investment Loan,Closed,"May 12, 2010",
BR-L1161,skipped (already downloaded),2,Brazil,Investment Loan,Closed,"December 2, 2008",
BR-L1162,skipped (already downloaded),2,Brazil,Investment Loan,Closed,"August 6, 2008",
BR-L1163,skipped (already downloaded),2,Brazil,Investment Loan,Closed,"May 4, 2010",
BR-L1164,skipped (already downloaded),2,Brazil,Investment Loan,Closed,"August 6, 2008",
BR-L1165,skipped (already downloaded),2,Brazil,Investment Loan,Closed,"June 23, 2009",
BR-L1166,skipped (already downloaded),2,Brazil,Investment Loan,Closed,"October 14, 2009",
BR-L1171,skipped (already downloaded),12,Brazil,Investment Loan,Closed,"December 11, 2009",
BR-L1174,skipped (already downloaded),2,Brazil,Investment Loan,Closed,"November 5, 2008",
BR-L1175,skipped (already downloaded),2,Brazil,Investment Loan,Closed,"December 8, 2010",
BR-L1176,skipped (already downloaded),13,Brazil,Investment Loan,Closed,"November 7, 2012",
BR-L1177,skipped (already downloaded),2,Brazil,Investment Loan,Closed,"May 20, 2009",
BR-L1178,skipped (already downloaded),2,Brazil,Investment Loan,Closed,"October 1, 2008",
BR-L1180,skipped (already downloaded),3,Brazil,Investment Loan,Closed,"November 18, 2009",
BR-L1181,skipped (already downloaded),2,Brazil,Investment Loan,Closed,"July 29, 2009",
BR-L1183,skipped (already downloaded),8,Brazil,Investment Loan,Closed,"June 28, 2012",
BR-L1187,skipped (already downloaded),15,Brazil,Investment Loan,Closed,"June 28, 2012",
BR-L1190,skipped (already downloaded),3,Brazil,Investment Loan,Cancelled,"November 1, 2012",
BR-L1195,skipped (already downloaded),2,Brazil,Investment Loan,Closed,"November 11, 2009",
BR-L1201,True,3,Brazil,Policy-Based Financing,Closed,"December 4, 2008",
BR-L1202,skipped (already downloaded),1,Brazil,Investment Loan,Closed,"March 4, 2010",
BR-L1204,skipped (already downloaded),2,Brazil,Investment Loan,Closed,"May 5, 2010",
BR-L1205,skipped (already downloaded),2,Brazil,Investment Loan,Closed,"November 20, 2009",
BR-L1206,skipped (already downloaded),2,Brazil,Investment Loan,Closed,"August 7, 2009",
BR-L1207,skipped (already downloaded),4,Brazil,Investment Loan,Closed,"June 11, 2009",
BR-L1208,skipped (already downloaded),2,Brazil,Investment Loan,Closed,"September 14, 2009",
BR-L1210,skipped (already downloaded),2,Brazil,Investment Loan,Closed,"September 15, 2010",
BR-L1212,skipped (already downloaded),3,Brazil,Investment Loan,Closed,"September 15, 2010",
BR-L1215,skipped (already downloaded),12,Brazil,Investment Loan,Closed,"May 1, 2014",
BR-L1216,True,0,Brazil,Investment Loan,Closed,"December 15, 2010",
BR-L1217,skipped (already downloaded),2,Brazil,Investment Loan,Closed,"July 15, 2009",
BR-L1219,skipped (already downloaded),30,Brazil,Investment Loan,Cancelled,"July 23, 2014",
BR-L1223,skipped (already downloaded),22,Brazil,Investment Loan,Closed,"March 5, 2013",
BR-L1224,skipped (already downloaded),4,Brazil,Investment Loan,Closed,"September 23, 2011",
BR-L1226,skipped (already downloaded),12,Brazil,Investment Loan,Closed,"March 22, 2011",
BR-L1227,skipped (already downloaded),13,Brazil,Investment Loan,Closed,"March 10, 2010",
BR-L1230,skipped (already downloaded),17,Brazil,Investment Loan,Closed,"September 27, 2013",
BR-L1231,skipped (already downloaded),2,Brazil,Investment Loan,Closed,"December 15, 2009",
BR-L1233,skipped (already downloaded),12,Brazil,Investment Loan,Closed,"December 20, 2012",
BR-L1234,skipped (already downloaded),2,Brazil,Investment Loan,Closed,"May 20, 2010",
BR-L1235,skipped (already downloaded),1,Brazil,Investment Loan,Closed,"June 4, 2010",
BR-L1236,skipped (already downloaded),2,Brazil,Investment Loan,Closed,"November 16, 2009",
BR-L1237,skipped (already downloaded),2,Brazil,Investment Loan,Closed,"November 7, 2013",
BR-L1238,skipped (already downloaded),2,Brazil,Investment Loan,Closed,"March 16, 2010",
BR-L1239,skipped (already downloaded),2,Brazil,Investment Loan,Closed,"March 16, 2010",
BR-L1240,skipped (already downloaded),3,Brazil,Investment Loan,Closed,"September 1, 2010",
BR-L1241,skipped (already downloaded),3,Brazil,Investment Loan,Closed,"September 8, 2010",
BR-L1242,skipped (already downloaded),13,Brazil,Investment Loan,Cancelled,"December 12, 2013",
BR-L1243,skipped (already downloaded),12,Brazil,Investment Loan,Cancelled,"November 6, 2013",
BR-L1245,skipped (already downloaded),14,Brazil,Investment Loan,Cancelled,"November 13, 2013",
BR-L1250,skipped (already downloaded),2,Brazil,Investment Loan,Closed,"October 24, 2013",
BR-L1251,skipped (already downloaded),2,Brazil,Investment Loan,Closed,"September 2, 2010",
BR-L1252,skipped (already downloaded),2,Brazil,Investment Loan,Closed,"November 30, 2009",
BR-L1253,skipped (already downloaded),15,Brazil,Investment Loan,Cancelled,"October 31, 2013",
BR-L1254,skipped (already downloaded),16,Brazil,Investment Loan,Closed,"March 3, 2011",
BR-L1255,skipped (already downloaded),2,Brazil,Investment Loan,Closed,"September 21, 2012",
BR-L1256,skipped (already downloaded),14,Brazil,Investment Loan,Closed,"September 18, 2013",
BR-L1260,skipped (already downloaded),2,Brazil,Investment Loan,Closed,"March 16, 2010",
BR-L1263,True,0,Brazil,Investment Loan,Closed,"December 8, 2010",
BR-L1268,skipped (already downloaded),5,Brazil,Investment Loan,Closed,"June 11, 2010",
BR-L1269,skipped (already downloaded),5,Brazil,Investment Loan,Closed,"October 10, 2012",
BR-L1272,skipped (already downloaded),18,Brazil,Investment Loan,Closed,"June 25, 2012",
BR-L1277,skipped (already downloaded),12,Brazil,Investment Loan,Cancelled,"July 31, 2013",
BR-L1278,skipped (already downloaded),2,Brazil,Investment Loan,Closed,"July 25, 2011",
BR-L1282,skipped (already downloaded),2,Brazil,Investment Loan,Closed,"November 23, 2011",
BR-L1284,skipped (already downloaded),4,Brazil,Investment Loan,Closed,"February 15, 2012",
BR-L1287,skipped (already downloaded),2,Brazil,Investment Loan,Closed,"August 29, 2012",
BR-L1288,skipped (already downloaded),1,Brazil,Investment Loan,Cancelled,"December 14, 2011",
BR-L1289,skipped (already downloaded),8,Brazil,Investment Loan,Closed,"April 10, 2013",
BR-L1290,skipped (already downloaded),14,Brazil,Investment Loan,Cancelled,"March 20, 2014",
BR-L1295,skipped (already downloaded),11,Brazil,Investment Loan,Closed,"December 19, 2012",
BR-L1296,skipped (already downloaded),22,Brazil,Investment Loan,Closed,"November 8, 2011",
BR-L1297,skipped (already downloaded),2,Brazil,Investment Loan,Closed,"December 13, 2011",
BR-L1299,skipped (already downloaded),2,Brazil,Investment Loan,Cancelled,"May 15, 2012",
BR-L1300,skipped (already downloaded),3,Brazil,Investment Loan,Closed,"February 27, 2013",
BR-L1303,skipped (already downloaded),1,Brazil,Investment Loan,Closed,"November 1, 2012",
BR-L1314,skipped (already downloaded),2,Brazil,Investment Loan,Closed,"November 20, 2012",
BR-L1315,skipped (already downloaded),3,Brazil,Investment Loan,Closed,"December 12, 2012",
BR-L1319,skipped (already downloaded),21,Brazil,Investment Loan,Closed,"February 28, 2013",
BR-L1326,skipped (already downloaded),19,Brazil,Investment Loan,Closed,"July 24, 2013",
BR-L1327,skipped (already downloaded),8,Brazil,Investment Loan,Closed,"May 1, 2013",
BR-L1328,skipped (already downloaded),9,Brazil,Investment Loan,Closed,"September 24, 2013",
BR-L1329,skipped (already downloaded),9,Brazil,Investment Loan,Closed,"November 20, 2013",
BR-L1331,skipped (already downloaded),19,Brazil,Investment Loan,Closed,"December 18, 2013",
BR-L1333,skipped (already downloaded),35,Brazil,Investment Loan,Closed,"October 15, 2014",
BR-L1335,skipped (already downloaded),18,Brazil,Investment Loan,Closed,"July 24, 2013",
BR-L1336,skipped (already downloaded),2,Brazil,Investment Loan,Closed,"December 19, 2012",
BR-L1337,True,8,Brazil,Policy-Based Financing,Closed,"November 14, 2012",
BR-L1343,skipped (already downloaded),17,Brazil,Investment Loan,Closed,"July 3, 2014",
BR-L1344,skipped (already downloaded),23,Brazil,Investment Loan,Closed,"September 26, 2013",
BR-L1349,skipped (already downloaded),4,Brazil,Investment Loan,Closed,"December 19, 2013",
BR-L1356,skipped (already downloaded),18,Brazil,Investment Loan,Cancelled,"December 17, 2014",
BR-L1361,True,12,Brazil,Policy-Based Financing,Closed,"November 20, 2012",
BR-L1363,skipped (already downloaded),21,Brazil,Investment Loan,Closed,"December 15, 2014",
BR-L1369,skipped (already downloaded),26,Brazil,Investment Loan,Implementation,"October 22, 2014",
BR-L1372,skipped (already downloaded),6,Brazil,Investment Loan,Closed,"December 16, 2013",
BR-L1373,skipped (already downloaded),17,Brazil,Investment Loan,Closed,"December 13, 2013",
BR-L1374,True,131,Brazil,Policy-Based Financing,Closed,"November 6, 2013",
BR-L1375,True,14,Brazil,Policy-Based Financing,Closed,"December 18, 2013",
BR-L1376,skipped (already downloaded),15,Brazil,Investment Loan,Closed,"October 30, 2013",
BR-L1377,skipped (already downloaded),17,Brazil,Investment Loan,Closed,"December 15, 2014",
BR-L1378,skipped (already downloaded),11,Brazil,Investment Loan,Cancelled,"July 9, 2014",
BR-L1381,True,26,Brazil,Policy-Based Financing,Closed,"October 23, 2013",
BR-L1383,skipped (already downloaded),14,Brazil,Investment Loan,Cancelled,"November 2, 2016",
BR-L1385,True,2,Brazil,Policy-Based Financing,Closed,"December 18, 2013",
BR-L1386,skipped (already downloaded),14,Brazil,Investment Loan,Closed,"May 31, 2013",
BR-L1387,skipped (already downloaded),17,Brazil,Investment Loan,Implementation,"September 17, 2014",
BR-L1388,skipped (already downloaded),19,Brazil,Investment Loan,Cancelled,"October 17, 2014",
BR-L1389,skipped (already downloaded),12,Brazil,Investment Loan,Closed,"July 30, 2014",
BR-L1392,skipped (already downloaded),12,Brazil,Investment Loan,Closed,"December 16, 2014",
BR-L1393,skipped (already downloaded),8,Brazil,Investment Loan,Cancelled,"September 28, 2016",
BR-L1401,skipped (already downloaded),22,Brazil,Investment Loan,Closed,"September 3, 2014",
BR-L1402,skipped (already downloaded),28,Brazil,Investment Loan,Closed,"July 27, 2016",
BR-L1405,skipped (already downloaded),14,Brazil,Investment Loan,Implementation,"December 17, 2014",
BR-L1406,skipped (already downloaded),15,Brazil,Investment Loan,Closed,"December 17, 2014",
BR-L1407,skipped (already downloaded),10,Brazil,Investment Loan,Cancelled,"November 12, 2014",
BR-L1408,skipped (already downloaded),19,Brazil,Investment Loan,Closed,"July 13, 2016",
BR-L1411,skipped (already downloaded),17,Brazil,Investment Loan,Closed,"January 9, 2019",
BR-L1412,skipped (already downloaded),28,Brazil,Investment Loan,Closed,"May 25, 2016",
BR-L1414,skipped (already downloaded),21,Brazil,Investment Loan,Closed,"May 11, 2016",
BR-L1415,skipped (already downloaded),15,Brazil,Investment Loan,Closed,"December 16, 2014",
BR-L1417,skipped (already downloaded),17,Brazil,Investment Loan,Cancelled,"December 16, 2014",
BR-L1421,skipped (already downloaded),20,Brazil,Investment Loan,Implementation,"December 13, 2017",
BR-L1422,skipped (already downloaded),20,Brazil,Investment Loan,Closed,"December 16, 2015",
BR-L1429,skipped (already downloaded),9,Brazil,Investment Loan,Closed,"October 26, 2018",
BR-L1434,skipped (already downloaded),15,Brazil,Investment Loan,Closed,"September 21, 2017",
BR-L1442,skipped (already downloaded),18,Brazil,Investment Loan,Closed,"December 12, 2016",
BR-L1445,skipped (already downloaded),24,Brazil,Investment Loan,Closed,"December 13, 2017",
BR-L1487,skipped (already downloaded),13,Brazil,Investment Loan,Implementation,"September 27, 2017",
BR-L1490,skipped (already downloaded),15,Brazil,Investment Loan,Closed,"November 1, 2017",
BR-L1491,skipped (already downloaded),2,Brazil,Investment Loan,Closed,"November 22, 2017",
BR-L1492,skipped (already downloaded),17,Brazil,Investment Loan,Implementation,"October 11, 2018",
BR-L1495,skipped (already downloaded),3,Brazil,Investment Loan,Cancelled,"March 22, 2019",
BR-L1497,skipped (already downloaded),26,Brazil,Investment Loan,Implementation,"September 28, 2018",
BR-L1498,skipped (already downloaded),7,Brazil,Investment Loan,Closed,"December 15, 2017",
BR-L1499,skipped (already downloaded),7,Brazil,Investment Loan,Closed,"December 15, 2017",
BR-L1500,skipped (already downloaded),14,Brazil,Investment Loan,Closed,"December 15, 2017",
BR-L1501,skipped (already downloaded),10,Brazil,Investment Loan,Implementation,"June 28, 2018",
BR-L1502,skipped (already downloaded),11,Brazil,Investment Loan,Closed,"December 8, 2017",
BR-L1503,skipped (already downloaded),23,Brazil,Investment Loan,Closed,"November 28, 2018",
BR-L1508,skipped (already downloaded),3,Brazil,Investment Loan,Implementation,"November 27, 2019",
BR-L1511,skipped (already downloaded),8,Brazil,Investment Loan,Closed,"August 30, 2018",
BR-L1513,True,2,Brazil,Investment Loan,Implementation,"May 24, 2023",
BR-L1516,skipped (already downloaded),9,Brazil,Investment Loan,Implementation,"December 6, 2018",
BR-L1517,skipped (already downloaded),10,Brazil,Investment Loan,Implementation,"January 23, 2019",
BR-L1518,skipped (already downloaded),2,Brazil,Investment Loan,Implementation,"January 23, 2019",
BR-L1519,skipped (already downloaded),10,Brazil,Investment Loan,Implementation,"November 30, 2018",
BR-L1520,skipped (already downloaded),14,Brazil,Investment Loan,Implementation,"October 24, 2018",
BR-L1521,skipped (already downloaded),2,Brazil,Investment Loan,Closed,"November 14, 2018",
BR-L1523,True,2,Brazil,Investment Loan,Implementation,"December 16, 2020",
BR-L1524,skipped (already downloaded),8,Brazil,Investment Loan,Implementation,"December 11, 2019",
BR-L1525,skipped (already downloaded),12,Brazil,Investment Loan,Implementation,"December 6, 2019",
BR-L1526,True,10,Brazil,Investment Loan,Cancelled,"January 15, 2020",
BR-L1527,skipped (already downloaded),12,Brazil,Investment Loan,Implementation,"December 16, 2019",
BR-L1528,skipped (already downloaded),2,Brazil,Investment Loan,Closed,"December 14, 2018",
BR-L1529,skipped (already downloaded),2,Brazil,Investment Loan,Closed,"December 14, 2018",
BR-L1532,skipped (already downloaded),2,Brazil,Investment Loan,Implementation,"December 18, 2019",
BR-L1533,True,2,Brazil,Investment Loan,Implementation,"January 15, 2020",
BR-L1534,skipped (already downloaded),11,Brazil,Investment Loan,Closed,"December 18, 2019",
BR-L1535,True,3,Brazil,Investment Loan,Implementation,"December 9, 2020",
BR-L1536,skipped (already downloaded),2,Brazil,Investment Loan,Implementation,"December 18, 2019",
BR-L1539,True,2,Brazil,Investment Loan,Implementation,"November 3, 2021",
BR-L1540,True,2,Brazil,Investment Loan,Implementation,"September 15, 2021",
BR-L1542,True,2,Brazil,Investment Loan,Implementation,"October 12, 2022",
BR-L1543,True,2,Brazil,Investment Loan,Cancelled,"December 16, 2020",
BR-L1545,True,11,Brazil,Investment Loan,Implementation,"November 18, 2020",
BR-L1546,True,2,Brazil,Investment Loan,Implementation,"March 12, 2021",
BR-L1547,True,2,Brazil,Investment Loan,Cancelled,"October 27, 2021",
BR-L1548,True,4,Brazil,Investment Loan,Implementation,"October 18, 2023",
BR-L1549,True,2,Brazil,Investment Loan,Cancelled,"January 13, 2021",
BR-L1550,True,2,Brazil,Investment Loan,Implementation,"November 19, 2021",
BR-L1551,True,3,Brazil,Investment Loan,Implementation,"November 10, 2021",
BR-L1553,True,2,Brazil,Investment Loan,Implementation,"December 1, 2021",
BR-L1554,True,2,Brazil,Investment Loan,Closed,"August 6, 2020",
BR-L1555,True,2,Brazil,Investment Loan,Closed,"November 30, 2020",
BR-L1556,True,2,Brazil,Investment Loan,Closed,"October 23, 2020",
BR-L1557,True,2,Brazil,Investment Loan,Closed,"September 23, 2020",
BR-L1559,True,3,Brazil,Investment Loan,Closed,"October 9, 2020",
BR-L1560,True,2,Brazil,Investment Loan,Implementation,"April 7, 2021",
BR-L1562,True,10,Brazil,Investment Loan,Cancelled,"December 8, 2021",
BR-L1564,True,2,Brazil,Investment Loan,Implementation,"April 20, 2022",
BR-L1565,True,2,Brazil,Investment Loan,Implementation,"August 31, 2022",
BR-L1566,True,2,Brazil,Investment Loan,Cancelled,"March 2, 2022",
BR-L1574,True,2,Brazil,Investment Loan,Implementation,"December 6, 2021",
BR-L1575,True,2,Brazil,Policy-Based Financing,Closed,"November 2, 2022",
BR-L1576,True,2,Brazil,Investment Loan,Implementation,"December 15, 2021",
BR-L1579,True,1,Brazil,Investment Loan,Cancelled,"August 4, 2023",
BR-L1580,True,2,Brazil,Investment Loan,Implementation,"April 24, 2024",
BR-L1582,True,2,Brazil,Investment Loan,Implementation,"October 21, 2022",
BR-L1583,True,2,Brazil,Investment Loan,Implementation,"November 2, 2022",
BR-L1588,True,2,Brazil,Investment Loan,Implementation,"April 10, 2024",
BR-L1589,True,2,Brazil,Investment Loan,Implementation,"May 27, 2022",
BR-L1590,True,2,Brazil,Investment Loan,Implementation,"July 10, 2024",
BR-L1591,True,2,Brazil,Investment Loan,Implementation,"September 7, 2022",
BR-L1592,True,2,Brazil,Investment Loan,Implementation,"November 30, 2022",
BR-L1594,True,2,Brazil,Investment Loan,Implementation,"November 30, 2022",
BR-L1596,True,2,Brazil,Investment Loan,Implementation,"June 28, 2023",
BR-L1597,True,4,Brazil,Investment Loan,Implementation,"May 19, 2023",
BR-L1598,True,2,Brazil,Investment Loan,Cancelled,"May 19, 2023",
BR-L1599,True,2,Brazil,Investment Loan,Implementation,"September 27, 2023",
BR-L1602,True,2,Brazil,Investment Loan,Implementation,"April 10, 2024",
BR-L1604,True,2,Brazil,Investment Loan,Implementation,"January 12, 2024",
BR-L1605,True,2,Brazil,Investment Loan,Implementation,"October 13, 2023",
BR-L1606,True,2,Brazil,Investment Loan,Cancelled,"September 29, 2023",
BR-L1607,True,2,Brazil,Investment Loan,Implementation,"June 28, 2023",
BR-L1608,True,2,Brazil,Investment Loan,Closed,"October 12, 2022",
BR-L1609,True,2,Brazil,Investment Loan,Implementation,"January 11, 2023",
BR-L1611,True,2,Brazil,Investment Loan,Implementation,"December 6, 2023",
BR-L1612,True,2,Brazil,Investment Loan,Implementation,"January 12, 2024",
BR-L1613,True,2,Brazil,Policy-Based Financing,Implementation,"December 6, 2023",
BR-L1614,True,2,Brazil,Investment Loan,Implementation,"April 5, 2024",
BR-L1615,True,2,Brazil,Investment Loan,Implementation,"January 10, 2024",
BR-L1616,True,2,Brazil,Investment Loan,Implementation,"June 21, 2024",
BR-L1617,True,2,Brazil,Investment Loan,Implementation,"June 21, 2024",
BR-L1618,True,2,Brazil,Investment Loan,Implementation,"December 9, 2024",
BR-L1619,True,2,Brazil,Investment Loan,Implementation,"July 10, 2024",
BR-L1620,True,2,Brazil,Investment Loan,Implementation,"June 14, 2024",
BR-L1621,True,2,Brazil,Investment Loan,Implementation,"April 11, 2024",
BR-L1622,True,2,Brazil,Investment Loan,Implementation,"April 30, 2025",
BR-L1623,True,2,Brazil,Investment Loan,Implementation,"November 8, 2024",
BR-L1625,True,2,Brazil,Investment Loan,Implementation,"December 13, 2024",
BR-L1626,True,2,Brazil,Investment Loan,Implementation,"September 27, 2024",
BR-L1627,True,2,Brazil,Investment Loan,Implementation,"January 24, 2025",
BR-L1629,True,20,Brazil,Investment Loan,Implementation,"June 25, 2025",
BR-L1630,True,2,Brazil,Investment Loan,Implementation,"February 7, 2025",
BR-L1633,True,2,Brazil,Investment Loan,Implementation,"June 18, 2025",
BR-L1635,True,2,Brazil,Policy-Based Financing,Implementation,"June 11, 2025",
BR-L1636,True,2,Brazil,Investment Loan,Implementation,"October 31, 2025",
BR-L1637,True,2,Brazil,Investment Loan,Implementation,"October 17, 2025",
BR-L1638,True,0,Brazil,Investment Loan,Implementation,"November 14, 2025",
BR-L1639,True,2,Brazil,Policy-Based Financing,Implementation,"July 16, 2025",
BR-L1642,True,2,Brazil,Investment Loan,Implementation,"June 26, 2026",
BR-L1643,True,2,Brazil,Investment Loan,Implementation,"August 29, 2025",
BR-L1647,True,2,Brazil,Investment Loan,Implementation,"November 26, 2025",
BR-L1653,True,2,Brazil,Investment Loan,Implementation,"April 3, 2026",
BR-L1654,True,1,Brazil,Investment Loan,Implementation,"September 26, 2025",
BR-L1656,True,2,Brazil,Investment Loan,Implementation,"May 22, 2026",
BR-L1658,True,2,Brazil,Investment Loan,Implementation,"December 10, 2025",
BR-L1662,True,2,Brazil,Investment Loan,Implementation,"June 26, 2026",
BR-L1665,True,1,Brazil,Investment Loan,Implementation,"February 18, 2026",
BR-L1667,True,2,Brazil,Investment Loan,Implementation,"July 16, 2026",
BR0073,skipped (already downloaded),3,Brazil,Investment Loan,Closed,"October 13, 1993",
BR0150,skipped (already downloaded),2,Brazil,Investment Loan,Closed,"November 29, 1995",
BR0155,skipped (already downloaded),2,Brazil,Investment Loan,Closed,"December 13, 1995",
BR0163,skipped (already downloaded),2,Brazil,Investment Loan,Closed,"November 30, 1994",
BR0164,skipped (already downloaded),2,Brazil,Investment Loan,Closed,"September 20, 1995",
BR0167,skipped (already downloaded),2,Brazil,Investment Loan,Closed,"September 18, 1996",
BR0171,skipped (already downloaded),2,Brazil,Investment Loan,Closed,"December 11, 1996",
BR0177,skipped (already downloaded),2,Brazil,Investment Loan,Closed,"October 16, 1996",
BR0182,skipped (already downloaded),2,Brazil,Investment Loan,Closed,"November 1, 1995",
BR0195,skipped (already downloaded),2,Brazil,Investment Loan,Closed,"October 1, 1997",
BR0199,skipped (already downloaded),2,Brazil,Investment Loan,Closed,"September 18, 1996",
BR0203,skipped (already downloaded),1,Brazil,Investment Loan,Closed,"September 13, 1995",
BR0210,skipped (already downloaded),2,Brazil,Investment Loan,Closed,"July 10, 1996",
BR0212,skipped (already downloaded),2,Brazil,Investment Loan,Closed,"February 28, 1996",
BR0216,skipped (already downloaded),2,Brazil,Investment Loan,Closed,"December 4, 1996",
BR0220,skipped (already downloaded),2,Brazil,Investment Loan,Closed,"September 24, 1997",
BR0234,skipped (already downloaded),2,Brazil,Investment Loan,Closed,"July 17, 1996",
BR0242,skipped (already downloaded),2,Brazil,Investment Loan,Closed,"September 17, 1997",
BR0246,skipped (already downloaded),1,Brazil,Investment Loan,Closed,"October 24, 2001",
BR0247,skipped (already downloaded),2,Brazil,Investment Loan,Closed,"November 5, 1997",
BR0250,skipped (already downloaded),1,Brazil,Investment Loan,Closed,"March 15, 2000",
BR0251,skipped (already downloaded),2,Brazil,Investment Loan,Closed,"March 10, 1997",
BR0253,skipped (already downloaded),2,Brazil,Investment Loan,Closed,"July 2, 1997",
BR0256,skipped (already downloaded),2,Brazil,Investment Loan,Closed,"March 9, 1998",
BR0261,skipped (already downloaded),2,Brazil,Investment Loan,Closed,"September 22, 1999",
BR0262,skipped (already downloaded),2,Brazil,Investment Loan,Closed,"September 16, 1998",
BR0265,skipped (already downloaded),2,Brazil,Investment Loan,Closed,"October 20, 1999",
BR0273,skipped (already downloaded),2,Brazil,Investment Loan,Closed,"September 23, 1998",
BR0275,skipped (already downloaded),2,Brazil,Investment Loan,Closed,"November 5, 1997",
BR0277,skipped (already downloaded),2,Brazil,Investment Loan,Closed,"September 23, 1998",
BR0278,skipped (already downloaded),2,Brazil,Investment Loan,Closed,"August 4, 1999",
BR0286,skipped (already downloaded),2,Brazil,Investment Loan,Closed,"August 11, 1999",
BR0288,skipped (already downloaded),2,Brazil,Investment Loan,Closed,"September 16, 1998",
BR0295,skipped (already downloaded),1,Brazil,Investment Loan,Closed,"September 26, 2001",
BR0298,skipped (already downloaded),1,Brazil,Investment Loan,Closed,"October 3, 2001",
BR0300,skipped (already downloaded),2,Brazil,Investment Loan,Closed,"November 23, 1999",
BR0302,skipped (already downloaded),1,Brazil,Investment Loan,Closed,"August 25, 2004",
BR0305,skipped (already downloaded),2,Brazil,Investment Loan,Closed,"October 27, 1999",
BR0313,skipped (already downloaded),1,Brazil,Investment Loan,Closed,"May 8, 2002",
BR0323,skipped (already downloaded),1,Brazil,Investment Loan,Closed,"March 4, 2002",
BR0324,skipped (already downloaded),1,Brazil,Investment Loan,Closed,"November 26, 2003",
BR0327,skipped (already downloaded),1,Brazil,Investment Loan,Closed,"September 12, 2001",
BR0331,skipped (already downloaded),1,Brazil,Investment Loan,Closed,"November 28, 2001",
BR0345,skipped (already downloaded),1,Brazil,Investment Loan,Closed,"December 6, 2000",
BR0351,skipped (already downloaded),1,Brazil,Investment Loan,Closed,"July 17, 2002",
BR0355,skipped (already downloaded),1,Brazil,Investment Loan,Closed,"February 13, 2002",
BR0357,skipped (already downloaded),1,Brazil,Investment Loan,Closed,"June 5, 2002",
BR0358,skipped (already downloaded),2,Brazil,Investment Loan,Closed,"December 15, 2004",
BR0360,skipped (already downloaded),1,Brazil,Policy-Based Financing,Closed,"December 5, 2001",
BR0364,skipped (already downloaded),1,Brazil,Investment Loan,Closed,"June 7, 2002",
BR0365,skipped (already downloaded),1,Brazil,Investment Loan,Closed,"September 19, 2002",
BR0372,skipped (already downloaded),1,Brazil,Investment Loan,Closed,"May 5, 2004",
BR0373,skipped (already downloaded),1,Brazil,Investment Loan,Closed,"October 29, 2003",
BR0374,skipped (already downloaded),1,Brazil,Investment Loan,Closed,"June 5, 2002",
BR0375,skipped (already downloaded),1,Brazil,Investment Loan,Closed,"January 14, 2004",
BR0391,skipped (already downloaded),2,Brazil,Investment Loan,Closed,"October 1, 2003",
BR0392,skipped (already downloaded),2,Brazil,Investment Loan,Closed,"June 22, 2005",
BR0397,skipped (already downloaded),1,Brazil,Investment Loan,Closed,"June 30, 2004",
BR0400,skipped (already downloaded),1,Brazil,Investment Loan,Closed,"August 25, 2004",
BR0403,skipped (already downloaded),2,Brazil,Investment Loan,Closed,"May 31, 2005",
BR0405,skipped (already downloaded),3,Brazil,Investment Loan,Closed,"February 15, 2006",
CH-L1001,skipped (already downloaded),3,Chile,Investment Loan,Closed,"November 3, 2004",
CH-L1002,True,0,Chile,Investment Loan,Closed,"December 8, 2003",
CH-L1004,skipped (already downloaded),1,Chile,Investment Loan,Closed,"December 14, 2005",
CH-L1005,skipped (already downloaded),2,Chile,Investment Loan,Closed,"September 2, 2004",
CH-L1006,skipped (already downloaded),2,Chile,Investment Loan,Closed,"September 1, 2004",
CH-L1007,skipped (already downloaded),1,Chile,Investment Loan,Closed,"June 24, 2004",
CH-L1008,skipped (already downloaded),2,Chile,Investment Loan,Closed,"May 3, 2005",
CH-L1009,skipped (already downloaded),2,Chile,Investment Loan,Closed,"March 31, 2005",
CH-L1010,skipped (already downloaded),1,Chile,Investment Loan,Closed,"November 15, 2004",
CH-L1011,True,0,Chile,Investment Loan,Closed,"May 11, 2005",
CH-L1012,skipped (already downloaded),1,Chile,Investment Loan,Closed,"October 13, 2005",
CH-L1014,skipped (already downloaded),2,Chile,Investment Loan,Closed,"October 4, 2006",
CH-L1015,True,0,Chile,Investment Loan,Closed,"February 2, 2005",
CH-L1018,skipped (already downloaded),2,Chile,Investment Loan,Closed,"December 18, 2006",
CH-L1019,skipped (already downloaded),2,Chile,Investment Loan,Closed,"December 18, 2006",
CH-L1020,True,0,Chile,Investment Loan,Closed,"August 17, 2006",
CH-L1021,skipped (already downloaded),2,Chile,Investment Loan,Cancelled,"January 13, 2010",
CH-L1022,True,5,Chile,Policy-Based Financing,Cancelled,"January 13, 2010",
CH-L1023,skipped (already downloaded),2,Chile,Investment Loan,Cancelled,"January 13, 2010",
CH-L1024,skipped (already downloaded),2,Chile,Investment Loan,Closed,"July 25, 2007",
CH-L1025,skipped (already downloaded),2,Chile,Investment Loan,Closed,"July 18, 2007",
CH-L1026,skipped (already downloaded),2,Chile,Investment Loan,Cancelled,"January 18, 2008",
CH-L1027,skipped (already downloaded),1,Chile,Investment Loan,Closed,"September 13, 2006",
CH-L1029,True,0,Chile,Investment Loan,Closed,"February 6, 2007",
CH-L1031,skipped (already downloaded),1,Chile,Investment Loan,Closed,"February 12, 2007",
CH-L1032,skipped (already downloaded),2,Chile,Investment Loan,Closed,"January 29, 2008",
CH-L1033,skipped (already downloaded),2,Chile,Investment Loan,Cancelled,"December 16, 2009",
CH-L1047,skipped (already downloaded),2,Chile,Investment Loan,Cancelled,"April 7, 2010",
CH-L1051,True,0,Chile,Investment Loan,Closed,"March 20, 2008",
CH-L1053,skipped (already downloaded),2,Chile,Investment Loan,Cancelled,"March 1, 2010",
CH-L1055,skipped (already downloaded),2,Chile,Investment Loan,Cancelled,"January 13, 2010",
CH-L1058,skipped (already downloaded),2,Chile,Investment Loan,Closed,"December 15, 2010",
CH-L1060,skipped (already downloaded),10,Chile,Investment Loan,Closed,"June 29, 2011",
CH-L1061,skipped (already downloaded),2,Chile,Investment Loan,Closed,"June 29, 2011",
CH-L1064,skipped (already downloaded),14,Chile,Investment Loan,Closed,"October 10, 2012",
CH-L1081,skipped (already downloaded),19,Chile,Investment Loan,Closed,"December 16, 2015",
CH-L1082,skipped (already downloaded),11,Chile,Investment Loan,Closed,"December 11, 2014",
CH-L1084,skipped (already downloaded),11,Chile,Investment Loan,Closed,"October 21, 2015",
CH-L1085,skipped (already downloaded),19,Chile,Investment Loan,Closed,"October 22, 2014",
CH-L1095,True,11,Chile,Policy-Based Financing,Closed,"September 21, 2015",
CH-L1098,skipped (already downloaded),7,Chile,Investment Loan,Closed,"May 11, 2016",
CH-L1105,skipped (already downloaded),17,Chile,Investment Loan,Closed,"June 8, 2016",
CH-L1110,True,10,Chile,Policy-Based Financing,Closed,"December 11, 2015",
CH-L1111,True,12,Chile,Policy-Based Financing,Closed,"September 21, 2016",
CH-L1134,True,7,Chile,Policy-Based Financing,Closed,"August 29, 2017",
CH-L1135,True,9,Chile,Policy-Based Financing,Closed,"June 19, 2017",
CH-L1136,True,11,Chile,Policy-Based Financing,Closed,"November 30, 2016",
CH-L1138,skipped (already downloaded),11,Chile,Investment Loan,Closed,"November 8, 2017",
CH-L1142,skipped (already downloaded),21,Chile,Investment Loan,Implementation,"November 6, 2019",
CH-L1145,True,2,Chile,Policy-Based Financing,Closed,"September 17, 2019",
CH-L1148,True,2,Chile,Policy-Based Financing,Closed,"December 18, 2019",
CH-L1149,True,6,Chile,Policy-Based Financing,Closed,"June 24, 2020",
CH-L1157,True,2,Chile,Policy-Based Financing,Closed,"July 14, 2021",
CH-L1159,True,2,Chile,Policy-Based Financing,Closed,"June 2, 2021",
CH-L1160,True,2,Chile,Policy-Based Financing,Closed,"July 14, 2021",
CH-L1163,True,2,Chile,Investment Loan,Closed,"July 28, 2021",
CH-L1164,True,2,Chile,Policy-Based Financing,Closed,"December 15, 2021",
CH-L1165,True,2,Chile,Policy-Based Financing,Closed,"June 15, 2022",
CH-L1166,True,2,Chile,Investment Loan,Closed,"December 15, 2021",
CH-L1167,True,2,Chile,Investment Loan,Implementation,"December 7, 2022",
CH-L1168,True,2,Chile,Investment Loan,Implementation,"June 7, 2023",
CH-L1169,True,2,Chile,Investment Loan,Implementation,"June 9, 2023",
CH-L1171,True,2,Chile,Investment Loan,Implementation,"January 10, 2024",
CH-L1172,True,2,Chile,Policy-Based Financing,Closed,"October 4, 2023",
CH-L1174,True,2,Chile,Policy-Based Financing,Closed,"June 18, 2025",
CH-L1176,True,2,Chile,Investment Loan,Cancelled,"September 27, 2024",
CH-L1178,True,2,Chile,Investment Loan,Implementation,"March 19, 2024",
CH-L1179,True,2,Chile,Policy-Based Financing,Closed,"September 26, 2024",
CH-L1180,True,1,Chile,Investment Loan,Cancelled,"June 25, 2025",
CH-L1181,True,2,Chile,Investment Loan,Implementation,"December 6, 2024",
CH-L1182,True,2,Chile,Investment Loan,Implementation,"February 14, 2025",
CH-L1186,True,0,Chile,Investment Loan,Implementation,"November 7, 2025",
CH-L1187,True,2,Chile,Investment Loan,Implementation,"August 6, 2025",
CH0157,skipped (already downloaded),2,Chile,Investment Loan,Closed,"April 14, 1999",
CH0160,skipped (already downloaded),2,Chile,Investment Loan,Closed,"November 29, 2000",
CH0161,skipped (already downloaded),2,Chile,Investment Loan,Closed,"November 22, 2000",
CH0164,skipped (already downloaded),2,Chile,Investment Loan,Closed,"February 28, 2001",
CH0165,skipped (already downloaded),2,Chile,Investment Loan,Closed,"December 7, 2000",
CH0170,skipped (already downloaded),2,Chile,Investment Loan,Closed,"February 20, 2002",
CH0172,skipped (already downloaded),2,Chile,Investment Loan,Closed,"December 3, 2003",
CH0174,skipped (already downloaded),2,Chile,Investment Loan,Closed,"September 17, 2003",
CH0178,skipped (already downloaded),2,Chile,Investment Loan,Closed,"November 14, 2003",
CO-L1001,skipped (already downloaded),6,Colombia,Investment Loan,Closed,"September 28, 2005",
CO-L1002,skipped (already downloaded),4,Colombia,Investment Loan,Closed,"May 11, 2005",
CO-L1003,skipped (already downloaded),2,Colombia,Investment Loan,Closed,"December 1, 2004",
CO-L1005,skipped (already downloaded),2,Colombia,Investment Loan,Closed,"October 5, 2005",
CO-L1007,True,2,Colombia,Policy-Based Financing,Closed,"July 11, 2006",
CO-L1008,skipped (already downloaded),2,Colombia,Investment Loan,Closed,"October 26, 2005",
CO-L1009,skipped (already downloaded),2,Colombia,Investment Loan,Closed,"December 14, 2005",
CO-L1010,skipped (already downloaded),1,Colombia,Investment Loan,Closed,"December 6, 2006",
CO-L1011,skipped (already downloaded),2,Colombia,Investment Loan,Closed,"July 19, 2006",
CO-L1012,skipped (already downloaded),2,Colombia,Investment Loan,Closed,"March 26, 2008",
CO-L1014,True,2,Colombia,Policy-Based Financing,Closed,"August 9, 2006",
CO-L1016,skipped (already downloaded),2,Colombia,Investment Loan,Closed,"December 18, 2006",
CO-L1017,skipped (already downloaded),2,Colombia,Investment Loan,Closed,"June 14, 2006",
CO-L1018,skipped (already downloaded),2,Colombia,Investment Loan,Closed,"January 9, 2008",
CO-L1019,skipped (already downloaded),17,Colombia,Investment Loan,Closed,"December 14, 2009",
CO-L1021,skipped (already downloaded),4,Colombia,Investment Loan,Closed,"December 19, 2007",
CO-L1022,skipped (already downloaded),1,Colombia,Investment Loan,Closed,"February 27, 2008",
CO-L1026,True,2,Colombia,Policy-Based Financing,Closed,"February 20, 2008",
CO-L1027,True,3,Colombia,Policy-Based Financing,Closed,"December 5, 2007",
CO-L1028,skipped (already downloaded),2,Colombia,Investment Loan,Closed,"September 9, 2009",
CO-L1034,skipped (already downloaded),13,Colombia,Investment Loan,Closed,"February 25, 2009",
CO-L1041,skipped (already downloaded),2,Colombia,Investment Loan,Closed,"December 15, 2009",
CO-L1052,skipped (already downloaded),2,Colombia,Investment Loan,Closed,"April 6, 2010",
CO-L1059,skipped (already downloaded),1,Colombia,Investment Loan,Closed,"August 3, 2010",
CO-L1063,True,2,Colombia,Policy-Based Financing,Closed,"September 30, 2009",
CO-L1065,skipped (already downloaded),2,Colombia,Investment Loan,Closed,"December 4, 2008",
CO-L1066,True,2,Colombia,Policy-Based Financing,Closed,"November 25, 2008",
CO-L1072,True,2,Colombia,Policy-Based Financing,Closed,"June 30, 2010",
CO-L1076,skipped (already downloaded),2,Colombia,Investment Loan,Closed,"May 13, 2009",
CO-L1078,skipped (already downloaded),2,Colombia,Investment Loan,Closed,"December 4, 2008",
CO-L1079,True,2,Colombia,Policy-Based Financing,Closed,"June 30, 2009",
CO-L1082,skipped (already downloaded),2,Colombia,Investment Loan,Closed,"October 1, 2009",
CO-L1090,True,2,Colombia,Policy-Based Financing,Closed,"June 29, 2011",
CO-L1091,skipped (already downloaded),2,Colombia,Investment Loan,Closed,"September 14, 2011",
CO-L1092,skipped (already downloaded),2,Colombia,Investment Loan,Closed,"June 23, 2010",
CO-L1093,skipped (already downloaded),2,Colombia,Investment Loan,Closed,"March 7, 2012",
CO-L1094,skipped (already downloaded),2,Colombia,Investment Loan,Closed,"December 12, 2012",
CO-L1096,skipped (already downloaded),15,Colombia,Investment Loan,Closed,"October 2, 2013",
CO-L1097,skipped (already downloaded),3,Colombia,Investment Loan,Closed,"July 11, 2012",
CO-L1098,skipped (already downloaded),2,Colombia,Investment Loan,Closed,"March 16, 2011",
CO-L1101,skipped (already downloaded),13,Colombia,Investment Loan,Cancelled,"February 15, 2012",
CO-L1102,skipped (already downloaded),10,Colombia,Investment Loan,Closed,"March 19, 2014",
CO-L1103,True,2,Colombia,Policy-Based Financing,Closed,"November 8, 2011",
CO-L1105,skipped (already downloaded),2,Colombia,Investment Loan,Closed,"June 6, 2012",
CO-L1109,skipped (already downloaded),10,Colombia,Investment Loan,Closed,"December 16, 2013",
CO-L1111,skipped (already downloaded),18,Colombia,Investment Loan,Closed,"November 20, 2013",
CO-L1112,True,2,Colombia,Policy-Based Financing,Closed,"November 7, 2012",
CO-L1116,skipped (already downloaded),5,Colombia,Investment Loan,Closed,"August 30, 2012",
CO-L1117,True,2,Colombia,Policy-Based Financing,Closed,"June 21, 2012",
CO-L1119,skipped (already downloaded),22,Colombia,Investment Loan,Closed,"September 21, 2016",
CO-L1124,skipped (already downloaded),12,Colombia,Investment Loan,Closed,"September 12, 2013",
CO-L1125,skipped (already downloaded),13,Colombia,Investment Loan,Closed,"December 4, 2013",
CO-L1126,skipped (already downloaded),14,Colombia,Investment Loan,Closed,"September 12, 2013",
CO-L1127,True,3,Colombia,Policy-Based Financing,Closed,"June 26, 2013",
CO-L1128,True,12,Colombia,Policy-Based Financing,Closed,"October 23, 2013",
CO-L1131,skipped (already downloaded),25,Colombia,Investment Loan,Closed,"November 27, 2013",
CO-L1132,skipped (already downloaded),14,Colombia,Investment Loan,Closed,"June 20, 2013",
CO-L1133,skipped (already downloaded),25,Colombia,Investment Loan,Closed,"December 15, 2014",
CO-L1138,skipped (already downloaded),7,Colombia,Investment Loan,Closed,"March 19, 2014",
CO-L1140,skipped (already downloaded),17,Colombia,Investment Loan,Closed,"November 25, 2015",
CO-L1141,True,10,Colombia,Policy-Based Financing,Closed,"July 16, 2014",
CO-L1142,True,26,Colombia,Policy-Based Financing,Closed,"September 23, 2014",
CO-L1144,True,10,Colombia,Policy-Based Financing,Closed,"October 6, 2015",
CO-L1154,skipped (already downloaded),18,Colombia,Investment Loan,Closed,"November 25, 2015",
CO-L1155,skipped (already downloaded),22,Colombia,Investment Loan,Closed,"November 30, 2015",
CO-L1156,skipped (already downloaded),51,Colombia,Investment Loan,Implementation,"December 9, 2015",
CO-L1161,skipped (already downloaded),15,Colombia,Investment Loan,Closed,"February 25, 2016",
CO-L1162,True,13,Colombia,Policy-Based Financing,Closed,"June 23, 2016",
CO-L1163,True,4,Colombia,Policy-Based Financing,Closed,"November 23, 2016",
CO-L1164,skipped (already downloaded),12,Colombia,Investment Loan,Implementation,"September 11, 2019",
CO-L1165,skipped (already downloaded),23,Colombia,Investment Loan,Closed,"December 2, 2016",
CO-L1166,skipped (already downloaded),15,Colombia,Investment Loan,Closed,"December 1, 2017",
CO-L1214,True,8,Colombia,Policy-Based Financing,Closed,"June 6, 2017",
CO-L1217,True,10,Colombia,Policy-Based Financing,Closed,"November 29, 2017",
CO-L1222,skipped (already downloaded),6,Colombia,Investment Loan,Closed,"December 7, 2017",
CO-L1225,skipped (already downloaded),4,Colombia,Investment Loan,Closed,"December 11, 2017",
CO-L1227,True,12,Colombia,Policy-Based Financing,Closed,"June 27, 2018",
CO-L1228,skipped (already downloaded),2,Colombia,Investment Loan,Closed,"December 11, 2019",
CO-L1229,skipped (already downloaded),11,Colombia,Investment Loan,Closed,"November 15, 2019",
CO-L1232,skipped (already downloaded),18,Colombia,Investment Loan,Implementation,"December 13, 2017",
CO-L1233,True,2,Colombia,Policy-Based Financing,Closed,"December 6, 2018",
CO-L1234,skipped (already downloaded),14,Colombia,Investment Loan,Closed,"July 31, 2018",
CO-L1236,skipped (already downloaded),19,Colombia,Investment Loan,Closed,"June 27, 2018",
CO-L1237,True,7,Colombia,Policy-Based Financing,Closed,"April 24, 2019",
CO-L1241,skipped (already downloaded),2,Colombia,Investment Loan,Closed,"December 4, 2019",
CO-L1242,True,2,Colombia,Investment Loan,Implementation,"December 9, 2020",
CO-L1243,skipped (already downloaded),3,Colombia,Investment Loan,Closed,"August 28, 2019",
CO-L1245,True,5,Colombia,Investment Loan,Implementation,"November 6, 2020",
CO-L1248,True,3,Colombia,Investment Loan,Closed,"December 2, 2020",
CO-L1250,skipped (already downloaded),11,Colombia,Investment Loan,Closed,"December 11, 2019",
CO-L1251,skipped (already downloaded),10,Colombia,Investment Loan,Closed,"December 2, 2019",
CO-L1252,True,2,Colombia,Policy-Based Financing,Closed,"December 18, 2019",
CO-L1254,True,2,Colombia,Policy-Based Financing,Closed,"June 17, 2020",
CO-L1255,True,2,Colombia,Investment Loan,Closed,"December 2, 2020",
CO-L1256,True,2,Colombia,Investment Loan,Implementation,"June 9, 2021",
CO-L1258,True,4,Colombia,Investment Loan,Implementation,"December 17, 2021",
CO-L1261,True,3,Colombia,Investment Loan,Closed,"December 9, 2020",
CO-L1263,True,3,Colombia,Investment Loan,Implementation,"March 10, 2021",
CO-L1265,True,2,Colombia,Investment Loan,Implementation,"June 9, 2021",
CO-L1266,True,2,Colombia,Investment Loan,Implementation,"October 27, 2021",
CO-L1268,True,2,Colombia,Policy-Based Financing,Closed,"July 6, 2022",
CO-L1271,True,5,Colombia,Investment Loan,Implementation,"January 11, 2023",
CO-L1272,True,6,Colombia,Policy-Based Financing,Closed,"November 3, 2021",
CO-L1274,True,2,Colombia,Policy-Based Financing,Closed,"June 29, 2022",
CO-L1282,True,2,Colombia,Investment Loan,Implementation,"November 1, 2023",
CO-L1283,True,2,Colombia,Policy-Based Financing,Closed,"June 28, 2023",
CO-L1286,True,2,Colombia,Investment Loan,Implementation,"January 24, 2024",
CO-L1287,True,2,Colombia,Investment Loan,Implementation,"November 13, 2024",
CO-L1288,True,2,Colombia,Investment Loan,Implementation,"January 19, 2024",
CO-L1289,True,2,Colombia,Investment Loan,Implementation,"September 29, 2023",
CO-L1291,True,2,Colombia,Policy-Based Financing,Closed,"October 18, 2023",
CO-L1299,True,2,Colombia,Investment Loan,Implementation,"December 10, 2024",
CO-L1302,True,2,Colombia,Policy-Based Financing,Closed,"February 5, 2025",
CO-L1310,True,2,Colombia,Investment Loan,Implementation,"February 27, 2026",
CO-L1311,True,2,Colombia,Investment Loan,Implementation,"November 26, 2025",
CO-L1318,True,2,Colombia,Investment Loan,Implementation,"July 16, 2026",
CO0058,skipped (already downloaded),2,Colombia,Investment Loan,Closed,"December 10, 1997",
CO0088,skipped (already downloaded),2,Colombia,Investment Loan,Closed,"December 13, 1995",
CO0138,skipped (already downloaded),2,Colombia,Investment Loan,Closed,"December 3, 1997",
CO0139,skipped (already downloaded),2,Colombia,Investment Loan,Closed,"January 7, 2004",
CO0142,skipped (already downloaded),2,Colombia,Investment Loan,Closed,"September 22, 1999",
CO0145,skipped (already downloaded),2,Colombia,Investment Loan,Closed,"October 4, 1995",
CO0155,skipped (already downloaded),2,Colombia,Investment Loan,Closed,"December 4, 1996",
CO0157,skipped (already downloaded),4,Colombia,Investment Loan,Closed,"July 16, 1997",
CO0182,skipped (already downloaded),2,Colombia,Investment Loan,Closed,"September 15, 1999",
CO0196,skipped (already downloaded),2,Colombia,Investment Loan,Closed,"December 18, 1996",
CO0213,skipped (already downloaded),2,Colombia,Investment Loan,Closed,"February 25, 1998",
CO0226,skipped (already downloaded),2,Colombia,Investment Loan,Closed,"November 12, 1997",
CO0227,skipped (already downloaded),2,Colombia,Investment Loan,Closed,"February 25, 1998",
CO0240,skipped (already downloaded),1,Colombia,Policy-Based Financing,Closed,"August 8, 2001",
CO0241,skipped (already downloaded),2,Colombia,Investment Loan,Closed,"October 22, 2003",
CO0243,skipped (already downloaded),2,Colombia,Investment Loan,Closed,"February 18, 1999",
CO0244,skipped (already downloaded),1,Colombia,Investment Loan,Closed,"March 22, 2000",
CO0247,skipped (already downloaded),2,Colombia,Investment Loan,Closed,"November 22, 2000",
CO0251,skipped (already downloaded),3,Colombia,Investment Loan,Closed,"January 9, 2002",
CO0252,skipped (already downloaded),2,Colombia,Policy-Based Financing,Closed,"December 19, 2001",
CO0258,skipped (already downloaded),2,Colombia,Investment Loan,Closed,"April 30, 2003",
CO0262,skipped (already downloaded),2,Colombia,Investment Loan,Closed,"June 16, 2004",
CO0264,skipped (already downloaded),2,Colombia,Investment Loan,Closed,"December 11, 2002",
CO0265,skipped (already downloaded),2,Colombia,Policy-Based Financing,Closed,"October 15, 2003",
CO0266,skipped (already downloaded),2,Colombia,Investment Loan,Closed,"June 30, 2004",
CO0270,skipped (already downloaded),2,Colombia,Policy-Based Financing,Closed,"September 29, 2004",
CR-L1001,skipped (already downloaded),2,Costa Rica,Investment Loan,Closed,"December 18, 2006",
CR-L1009,skipped (already downloaded),2,Costa Rica,Investment Loan,Closed,"October 24, 2007",
CR-L1022,True,0,Costa Rica,Investment Loan,Closed,"August 6, 2008",
CR-L1023,skipped (already downloaded),2,Costa Rica,Investment Loan,Closed,"December 11, 2008",
CR-L1024,skipped (already downloaded),2,Costa Rica,Investment Loan,Closed,"December 14, 2010",
CR-L1031,skipped (already downloaded),4,Costa Rica,Investment Loan,Closed,"May 11, 2011",
CR-L1032,skipped (already downloaded),17,Costa Rica,Investment Loan,Implementation,"November 13, 2013",
CR-L1033,False,0,Costa Rica,Emergency Lending,Cancelled,"December 17, 2008",
CR-L1043,skipped (already downloaded),2,Costa Rica,Investment Loan,Closed,"November 28, 2012",
CR-L1049,skipped (already downloaded),2,Costa Rica,Investment Loan,Closed,"June 25, 2012",
CR-L1053,True,0,Costa Rica,Investment Loan,Closed,"November 1, 2012",
CR-L1065,skipped (already downloaded),15,Costa Rica,Investment Loan,Implementation,"March 20, 2018",
CR-L1066,skipped (already downloaded),23,Costa Rica,Investment Loan,Closed,"June 17, 2015",
CR-L1070,skipped (already downloaded),24,Costa Rica,Investment Loan,Closed,"November 25, 2015",
CR-L1081,True,8,Costa Rica,Policy-Based Financing,Closed,"July 2, 2019",
CR-L1135,skipped (already downloaded),3,Costa Rica,Investment Loan,Closed,"December 12, 2017",
CR-L1137,skipped (already downloaded),14,Costa Rica,Investment Loan,Implementation,"September 25, 2019",
CR-L1139,skipped (already downloaded),22,Costa Rica,Investment Loan,Implementation,"September 20, 2019",
CR-L1142,True,2,Costa Rica,Policy-Based Financing,Closed,"March 11, 2020",
CR-L1143,False,0,Costa Rica,Special Development Lending,Cancelled,"June 19, 2020",
CR-L1144,True,12,Costa Rica,Investment Loan,Cancelled,"June 15, 2020",
CR-L1145,True,2,Costa Rica,Policy-Based Financing,Closed,"May 5, 2021",
CR-L1147,True,2,Costa Rica,Policy-Based Financing,Cancelled,"July 20, 2022",
CR-L1148,False,0,Costa Rica,Special Development Lending,Closed,"May 5, 2021",
CR-L1151,True,2,Costa Rica,Investment Loan,Implementation,"November 15, 2023",
CR-L1152,True,2,Costa Rica,Investment Loan,Implementation,"December 5, 2024",
CR-L1156,True,1,Costa Rica,Policy-Based Financing,Implementation,"June 25, 2025",
CR-L1157,True,2,Costa Rica,Investment Loan,Implementation,"October 31, 2025",
CR0044,skipped (already downloaded),2,Costa Rica,Investment Loan,Closed,"May 21, 1997",
CR0134,skipped (already downloaded),1,Costa Rica,Investment Loan,Closed,"November 29, 2000",
CR0141,skipped (already downloaded),1,Costa Rica,Investment Loan,Closed,"December 5, 2001",
CR0142,skipped (already downloaded),1,Costa Rica,Investment Loan,Closed,"November 27, 2002",
CR0144,skipped (already downloaded),1,Costa Rica,Investment Loan,Closed,"January 30, 2003",
CR0150,skipped (already downloaded),1,Costa Rica,Investment Loan,Closed,"July 21, 2004",
DR-L1001,skipped (already downloaded),2,Dominican Republic,Investment Loan,Closed,"November 19, 2003",
DR-L1003,skipped (already downloaded),2,Dominican Republic,Investment Loan,Closed,"November 2, 2005",
DR-L1005,skipped (already downloaded),2,Dominican Republic,Investment Loan,Closed,"November 29, 2006",
DR-L1006,True,0,Dominican Republic,Investment Loan,Closed,"November 30, 2005",
DR-L1007,True,0,Dominican Republic,Investment Loan,Closed,"December 19, 2005",
DR-L1008,skipped (already downloaded),2,Dominican Republic,Investment Loan,Closed,"December 12, 2007",
DR-L1010,skipped (already downloaded),2,Dominican Republic,Investment Loan,Closed,"November 8, 2006",
DR-L1014,True,2,Dominican Republic,Policy-Based Financing,Closed,"March 20, 2009",
DR-L1016,skipped (already downloaded),2,Dominican Republic,Investment Loan,Closed,"October 10, 2007",
DR-L1026,skipped (already downloaded),2,Dominican Republic,Investment Loan,Closed,"October 29, 2008",
DR-L1029,skipped (already downloaded),1,Dominican Republic,Investment Loan,Closed,"December 19, 2007",
DR-L1031,skipped (already downloaded),2,Dominican Republic,Investment Loan,Closed,"November 3, 2010",
DR-L1032,skipped (already downloaded),2,Dominican Republic,Investment Loan,Closed,"February 3, 2010",
DR-L1034,skipped (already downloaded),12,Dominican Republic,Investment Loan,Closed,"June 4, 2014",
DR-L1035,skipped (already downloaded),4,Dominican Republic,Investment Loan,Closed,"October 3, 2011",
DR-L1036,skipped (already downloaded),2,Dominican Republic,Investment Loan,Closed,"July 20, 2011",
DR-L1039,skipped (already downloaded),2,Dominican Republic,Investment Loan,Closed,"August 26, 2009",
DR-L1040,False,0,Dominican Republic,Emergency Lending,Cancelled,"March 20, 2009",
DR-L1041,skipped (already downloaded),2,Dominican Republic,Investment Loan,Closed,"October 27, 2010",
DR-L1043,False,0,Dominican Republic,Emergency Lending,Closed,"October 21, 2009",
DR-L1044,skipped (already downloaded),2,Dominican Republic,Investment Loan,Closed,"October 27, 2010",
DR-L1045,skipped (already downloaded),7,Dominican Republic,Investment Loan,Cancelled,"May 18, 2011",
DR-L1046,True,2,Dominican Republic,Policy-Based Financing,Closed,"October 27, 2010",
DR-L1047,skipped (already downloaded),2,Dominican Republic,Investment Loan,Closed,"November 16, 2011",
DR-L1048,skipped (already downloaded),2,Dominican Republic,Investment Loan,Closed,"July 25, 2011",
DR-L1050,True,2,Dominican Republic,Policy-Based Financing,Closed,"November 2, 2011",
DR-L1053,skipped (already downloaded),2,Dominican Republic,Investment Loan,Closed,"June 6, 2012",
DR-L1054,skipped (already downloaded),2,Dominican Republic,Investment Loan,Cancelled,"November 14, 2012",
DR-L1056,skipped (already downloaded),2,Dominican Republic,Investment Loan,Closed,"November 15, 2012",
DR-L1057,skipped (already downloaded),2,Dominican Republic,Investment Loan,Closed,"November 20, 2012",
DR-L1058,True,7,Dominican Republic,Policy-Based Financing,Closed,"November 1, 2018",
DR-L1059,skipped (already downloaded),9,Dominican Republic,Investment Loan,Closed,"September 4, 2013",
DR-L1064,True,9,Dominican Republic,Policy-Based Financing,Closed,"December 4, 2013",
DR-L1065,skipped (already downloaded),16,Dominican Republic,Investment Loan,Cancelled,"December 18, 2013",
DR-L1067,skipped (already downloaded),12,Dominican Republic,Investment Loan,Closed,"September 4, 2013",
DR-L1068,skipped (already downloaded),13,Dominican Republic,Investment Loan,Closed,"December 4, 2013",
DR-L1069,skipped (already downloaded),12,Dominican Republic,Investment Loan,Closed,"June 18, 2014",
DR-L1070,skipped (already downloaded),12,Dominican Republic,Investment Loan,Cancelled,"May 6, 2015",
DR-L1072,True,3,Dominican Republic,Policy-Based Financing,Closed,"November 12, 2014",
DR-L1073,True,10,Dominican Republic,Policy-Based Financing,Closed,"December 11, 2014",
DR-L1077,skipped (already downloaded),12,Dominican Republic,Investment Loan,Cancelled,"December 5, 2016",
DR-L1079,True,10,Dominican Republic,Policy-Based Financing,Closed,"November 18, 2015",
DR-L1080,skipped (already downloaded),28,Dominican Republic,Investment Loan,Closed,"June 27, 2018",
DR-L1084,skipped (already downloaded),32,Dominican Republic,Investment Loan,Implementation,"December 14, 2016",
DR-L1116,skipped (already downloaded),2,Dominican Republic,Investment Loan,Closed,"October 27, 2010",
DR-L1117,skipped (already downloaded),11,Dominican Republic,Investment Loan,Closed,"June 29, 2017",
DR-L1121,True,7,Dominican Republic,Policy-Based Financing,Closed,"November 15, 2017",
DR-L1122,skipped (already downloaded),2,Dominican Republic,Investment Loan,Implementation,"December 18, 2019",
DR-L1125,skipped (already downloaded),1,Dominican Republic,Investment Loan,Closed,"October 13, 2017",
DR-L1127,skipped (already downloaded),15,Dominican Republic,Investment Loan,Closed,"November 28, 2018",
DR-L1128,skipped (already downloaded),14,Dominican Republic,Investment Loan,Implementation,"December 12, 2018",
DR-L1132,True,9,Dominican Republic,Policy-Based Financing,Closed,"November 27, 2019",
DR-L1134,skipped (already downloaded),2,Dominican Republic,Investment Loan,Closed,"June 27, 2018",
DR-L1135,skipped (already downloaded),2,Dominican Republic,Investment Loan,Closed,"June 27, 2018",
DR-L1137,skipped (already downloaded),25,Dominican Republic,Investment Loan,Implementation,"November 20, 2019",
DR-L1140,True,2,Dominican Republic,Policy-Based Financing,Closed,"September 7, 2022",
DR-L1141,True,2,Dominican Republic,Investment Loan,Implementation,"June 9, 2021",
DR-L1142,True,2,Dominican Republic,Investment Loan,Implementation,"July 28, 2021",
DR-L1144,True,2,Dominican Republic,Policy-Based Financing,Closed,"June 26, 2020",
DR-L1145,False,0,Dominican Republic,Special Development Lending,Closed,"July 1, 2020",
DR-L1146,True,2,Dominican Republic,Policy-Based Financing,Closed,"October 27, 2021",
DR-L1147,True,2,Dominican Republic,Investment Loan,Implementation,"July 7, 2021",
DR-L1149,True,1,Dominican Republic,Investment Loan,Closed,"March 26, 2021",
DR-L1150,True,2,Dominican Republic,Investment Loan,Implementation,"March 16, 2022",
DR-L1151,True,2,Dominican Republic,Investment Loan,Implementation,"March 16, 2022",
DR-L1152,True,2,Dominican Republic,Investment Loan,Implementation,"December 8, 2021",
DR-L1154,True,2,Dominican Republic,Investment Loan,Implementation,"May 3, 2023",
DR-L1155,True,2,Dominican Republic,Investment Loan,Implementation,"November 9, 2022",
DR-L1156,True,2,Dominican Republic,Investment Loan,Implementation,"November 30, 2022",
DR-L1157,True,2,Dominican Republic,Investment Loan,Implementation,"November 9, 2023",
DR-L1158,True,2,Dominican Republic,Investment Loan,Implementation,"November 2, 2022",
DR-L1161,True,2,Dominican Republic,Investment Loan,Implementation,"April 30, 2025",
DR-L1162,True,2,Dominican Republic,Policy-Based Financing,Closed,"October 18, 2023",
DR-L1165,True,2,Dominican Republic,Investment Loan,Implementation,"September 4, 2024",
DR-L1166,True,2,Dominican Republic,Investment Loan,Implementation,"July 17, 2024",
DR-L1167,True,2,Dominican Republic,Investment Loan,Implementation,"September 11, 2024",
DR-L1168,True,2,Dominican Republic,Investment Loan,Implementation,"July 9, 2025",
DR-L1172,True,2,Dominican Republic,Investment Loan,Implementation,"November 19, 2025",
DR0035,skipped (already downloaded),2,Dominican Republic,Investment Loan,Closed,"December 6, 1995",
DR0072,skipped (already downloaded),2,Dominican Republic,Investment Loan,Closed,"September 23, 1998",
DR0073,skipped (already downloaded),2,Dominican Republic,Investment Loan,Closed,"March 8, 1999",
DR0078,skipped (already downloaded),2,Dominican Republic,Investment Loan,Closed,"October 8, 1997",
DR0101,True,0,Dominican Republic,Investment Loan,Closed,"October 25, 1995",
DR0106,skipped (already downloaded),2,Dominican Republic,Investment Loan,Closed,"July 18, 2000",
DR0112,skipped (already downloaded),2,Dominican Republic,Investment Loan,Closed,"December 6, 2000",
DR0118,skipped (already downloaded),2,Dominican Republic,Investment Loan,Closed,"December 17, 1997",
DR0123,skipped (already downloaded),2,Dominican Republic,Investment Loan,Closed,"September 15, 1999",
DR0125,skipped (already downloaded),2,Dominican Republic,Investment Loan,Closed,"November 6, 2002",
DR0131,skipped (already downloaded),2,Dominican Republic,Investment Loan,Closed,"July 29, 1998",
DR0134,skipped (already downloaded),2,Dominican Republic,Investment Loan,Closed,"June 30, 1999",
DR0135,skipped (already downloaded),2,Dominican Republic,Investment Loan,Closed,"December 2, 1998",
DR0138,skipped (already downloaded),2,Dominican Republic,Investment Loan,Closed,"April 17, 2002",
DR0140,skipped (already downloaded),2,Dominican Republic,Policy-Based Financing,Closed,"August 1, 2001",
DR0148,skipped (already downloaded),2,Dominican Republic,Investment Loan,Closed,"December 10, 2003",
DR0150,skipped (already downloaded),2,Dominican Republic,Policy-Based Financing,Closed,"November 21, 2006",
DR0151,skipped (already downloaded),2,Dominican Republic,Policy-Based Financing,Closed,"February 25, 2004",
DR0152,skipped (already downloaded),1,Dominican Republic,Investment Loan,Closed,"September 16, 2003",
EC-L1001,skipped (already downloaded),1,Ecuador,Investment Loan,Closed,"December 17, 2003",
EC-L1003,skipped (already downloaded),1,Ecuador,Investment Loan,Closed,"December 19, 2005",
EC-L1004,True,2,Ecuador,Policy-Based Financing,Closed,"October 11, 2006",
EC-L1006,skipped (already downloaded),2,Ecuador,Investment Loan,Closed,"June 15, 2005",
EC-L1017,skipped (already downloaded),2,Ecuador,Investment Loan,Closed,"June 7, 2006",
EC-L1018,skipped (already downloaded),2,Ecuador,Investment Loan,Closed,"November 28, 2007",
EC-L1019,skipped (already downloaded),2,Ecuador,Investment Loan,Closed,"June 28, 2006",
EC-L1021,skipped (already downloaded),2,Ecuador,Investment Loan,Closed,"July 19, 2006",
EC-L1022,skipped (already downloaded),2,Ecuador,Investment Loan,Closed,"November 15, 2006",
EC-L1025,skipped (already downloaded),2,Ecuador,Investment Loan,Closed,"June 28, 2006",
EC-L1040,True,0,Ecuador,Investment Loan,Closed,"December 1, 2010",
EC-L1045,skipped (already downloaded),2,Ecuador,Investment Loan,Closed,"November 28, 2007",
EC-L1059,skipped (already downloaded),2,Ecuador,Investment Loan,Closed,"January 14, 2009",
EC-L1065,skipped (already downloaded),2,Ecuador,Investment Loan,Closed,"October 14, 2009",
EC-L1070,True,0,Ecuador,Investment Loan,Closed,"November 17, 2010",
EC-L1071,skipped (already downloaded),2,Ecuador,Investment Loan,Closed,"November 17, 2010",
EC-L1073,True,0,Ecuador,Investment Loan,Closed,"November 30, 2011",
EC-L1074,skipped (already downloaded),2,Ecuador,Investment Loan,Closed,"December 15, 2009",
EC-L1075,skipped (already downloaded),4,Ecuador,Investment Loan,Closed,"June 30, 2010",
EC-L1076,skipped (already downloaded),2,Ecuador,Investment Loan,Closed,"October 27, 2010",
EC-L1081,skipped (already downloaded),2,Ecuador,Investment Loan,Closed,"September 8, 2010",
EC-L1083,skipped (already downloaded),2,Ecuador,Investment Loan,Closed,"December 10, 2010",
EC-L1084,skipped (already downloaded),3,Ecuador,Investment Loan,Closed,"September 28, 2011",
EC-L1087,skipped (already downloaded),5,Ecuador,Investment Loan,Closed,"November 2, 2011",
EC-L1094,skipped (already downloaded),3,Ecuador,Investment Loan,Closed,"November 30, 2011",
EC-L1097,skipped (already downloaded),2,Ecuador,Investment Loan,Closed,"December 13, 2011",
EC-L1098,skipped (already downloaded),3,Ecuador,Investment Loan,Closed,"September 28, 2011",
EC-L1099,skipped (already downloaded),2,Ecuador,Investment Loan,Closed,"December 13, 2011",
EC-L1107,skipped (already downloaded),1,Ecuador,Investment Loan,Closed,"September 26, 2012",
EC-L1110,skipped (already downloaded),2,Ecuador,Investment Loan,Closed,"August 1, 2012",
EC-L1111,skipped (already downloaded),39,Ecuador,Investment Loan,Closed,"December 5, 2012",
EC-L1112,skipped (already downloaded),3,Ecuador,Investment Loan,Closed,"November 14, 2012",
EC-L1113,skipped (already downloaded),18,Ecuador,Investment Loan,Closed,"October 19, 2012",
EC-L1116,skipped (already downloaded),21,Ecuador,Investment Loan,Closed,"November 12, 2014",
EC-L1117,skipped (already downloaded),11,Ecuador,Investment Loan,Closed,"April 23, 2014",
EC-L1118,skipped (already downloaded),25,Ecuador,Investment Loan,Closed,"November 13, 2013",
EC-L1119,skipped (already downloaded),21,Ecuador,Investment Loan,Closed,"December 13, 2013",
EC-L1120,skipped (already downloaded),19,Ecuador,Investment Loan,Closed,"November 12, 2014",
EC-L1121,skipped (already downloaded),5,Ecuador,Investment Loan,Closed,"June 26, 2013",
EC-L1122,skipped (already downloaded),22,Ecuador,Investment Loan,Closed,"June 25, 2014",
EC-L1124,True,0,Ecuador,Investment Loan,Closed,"January 1, 2013",
EC-L1125,skipped (already downloaded),14,Ecuador,Investment Loan,Closed,"December 16, 2013",
EC-L1128,skipped (already downloaded),15,Ecuador,Investment Loan,Closed,"November 20, 2013",
EC-L1129,skipped (already downloaded),11,Ecuador,Investment Loan,Closed,"November 19, 2014",
EC-L1136,skipped (already downloaded),15,Ecuador,Investment Loan,Closed,"June 12, 2014",
EC-L1140,True,19,Ecuador,Policy-Based Financing,Closed,"February 4, 2015",
EC-L1145,False,0,Ecuador,Development Sustainability Credit Line,Closed,"December 17, 2014",
EC-L1147,skipped (already downloaded),14,Ecuador,Investment Loan,Closed,"June 24, 2015",
EC-L1155,skipped (already downloaded),4,Ecuador,Investment Loan,Closed,"September 1, 2016",
EC-L1160,skipped (already downloaded),13,Ecuador,Investment Loan,Closed,"August 3, 2016",
EC-L1216,skipped (already downloaded),4,Ecuador,Investment Loan,Closed,"April 19, 2016",
EC-L1218,skipped (already downloaded),3,Ecuador,Investment Loan,Closed,"September 28, 2016",
EC-L1219,skipped (already downloaded),12,Ecuador,Investment Loan,Closed,"January 25, 2017",
EC-L1221,skipped (already downloaded),8,Ecuador,Investment Loan,Closed,"February 8, 2017",
EC-L1223,skipped (already downloaded),13,Ecuador,Investment Loan,Implementation,"October 25, 2017",
EC-L1227,skipped (already downloaded),8,Ecuador,Investment Loan,Closed,"November 8, 2017",
EC-L1230,skipped (already downloaded),17,Ecuador,Investment Loan,Closed,"November 14, 2018",
EC-L1231,skipped (already downloaded),15,Ecuador,Investment Loan,Implementation,"September 5, 2018",
EC-L1235,skipped (already downloaded),5,Ecuador,Investment Loan,Implementation,"September 19, 2018",
EC-L1236,skipped (already downloaded),12,Ecuador,Investment Loan,Implementation,"October 26, 2018",
EC-L1238,True,4,Ecuador,Policy-Based Financing,Closed,"September 26, 2018",
EC-L1242,skipped (already downloaded),2,Ecuador,Investment Loan,Implementation,"March 21, 2019",
EC-L1243,skipped (already downloaded),2,Ecuador,Investment Loan,Implementation,"February 28, 2019",
EC-L1245,skipped (already downloaded),7,Ecuador,Investment Loan,Implementation,"May 22, 2019",
EC-L1248,skipped (already downloaded),3,Ecuador,Investment Loan,Implementation,"November 27, 2019",
EC-L1249,skipped (already downloaded),10,Ecuador,Investment Loan,Implementation,"June 26, 2019",
EC-L1250,skipped (already downloaded),17,Ecuador,Investment Loan,Implementation,"December 4, 2019",
EC-L1251,skipped (already downloaded),7,Ecuador,Investment Loan,Closed,"August 28, 2019",
EC-L1252,True,9,Ecuador,Policy-Based Financing,Closed,"July 2, 2019",
EC-L1253,True,11,Ecuador,Investment Loan,Implementation,"September 30, 2022",
EC-L1255,False,0,Ecuador,Special Development Lending,Closed,"April 24, 2019",
EC-L1257,True,2,Ecuador,Investment Loan,Implementation,"March 11, 2020",
EC-L1258,skipped (already downloaded),2,Ecuador,Investment Loan,Implementation,"November 27, 2019",
EC-L1261,True,2,Ecuador,Investment Loan,Implementation,"May 5, 2023",
EC-L1264,True,16,Ecuador,Investment Loan,Implementation,"January 20, 2021",
EC-L1265,True,2,Ecuador,Policy-Based Financing,Closed,"June 4, 2020",
EC-L1268,True,3,Ecuador,Investment Loan,Implementation,"December 9, 2020",
EC-L1269,True,13,Ecuador,Investment Loan,Closed,"May 11, 2020",
EC-L1270,True,2,Ecuador,Investment Loan,Closed,"May 18, 2020",
EC-L1272,True,1,Ecuador,Investment Loan,Closed,"October 21, 2020",
EC-L1273,True,2,Ecuador,Policy-Based Financing,Closed,"March 10, 2021",
EC-L1274,False,0,Ecuador,Special Development Lending,Closed,"November 17, 2021",
EC-L1276,True,2,Ecuador,Investment Loan,Closed,"July 28, 2021",
EC-L1277,True,2,Ecuador,Policy-Based Financing,Closed,"April 27, 2022",
EC-L1279,True,3,Ecuador,Investment Loan,Implementation,"November 30, 2022",
EC-L1280,True,2,Ecuador,Policy-Based Financing,Closed,"December 1, 2021",
EC-L1281,True,2,Ecuador,Investment Loan,Cancelled,"November 15, 2023",
EC-L1282,True,2,Ecuador,Investment Loan,Cancelled,"September 6, 2023",
EC-L1283,True,2,Ecuador,Investment Loan,Implementation,"October 11, 2023",
EC-L1284,True,2,Ecuador,Investment Loan,Implementation,"August 10, 2023",
EC-L1285,True,2,Ecuador,Investment Loan,Implementation,"September 20, 2023",
EC-L1286,True,0,Ecuador,Investment Loan,Implementation,"February 7, 2024",
EC-L1287,True,4,Ecuador,Policy-Based Financing,Closed,"August 2, 2023",
EC-L1289,True,2,Ecuador,Investment Loan,Implementation,"October 25, 2023",
EC-L1290,True,2,Ecuador,Investment Loan,Implementation,"August 7, 2024",
EC-L1293,True,14,Ecuador,Policy-Based Financing,Closed,"July 24, 2024",
EC-L1294,True,2,Ecuador,Investment Loan,Implementation,"October 16, 2024",
EC-L1295,True,12,Ecuador,Investment Loan,Implementation,"October 2, 2024",
EC-L1296,False,0,Ecuador,Special Development Lending,Closed,"August 7, 2024",
EC-L1297,True,2,Ecuador,Investment Loan,Implementation,"April 30, 2025",
EC-L1298,True,2,Ecuador,Investment Loan,Implementation,"October 16, 2024",
EC-L1300,True,2,Ecuador,Investment Loan,Implementation,"June 18, 2025",
EC-L1301,True,1,Ecuador,Policy-Based Financing,Closed,"June 25, 2025",
EC-L1302,True,2,Ecuador,Investment Loan,Implementation,"December 10, 2025",
EC-L1303,True,2,Ecuador,Investment Loan,Implementation,"October 10, 2025",
EC-L1304,True,2,Ecuador,Investment Loan,Implementation,"October 22, 2025",
EC-L1305,True,2,Ecuador,Investment Loan,Implementation,"November 21, 2025",
EC-L1306,True,2,Ecuador,Investment Loan,Implementation,"November 26, 2025",
EC-L1308,True,2,Ecuador,Investment Loan,Implementation,"November 5, 2025",
EC-L1310,True,1,Ecuador,Policy-Based Financing,Closed,"December 3, 2025",
EC-L1311,True,1,Ecuador,Investment Loan,Implementation,"March 18, 2025",
EC0002,skipped (already downloaded),2,Ecuador,Investment Loan,Closed,"July 16, 1997",
EC0037,skipped (already downloaded),2,Ecuador,Investment Loan,Closed,"October 27, 1993",
EC0040,skipped (already downloaded),2,Ecuador,Investment Loan,Closed,"October 11, 1995",
EC0125,skipped (already downloaded),2,Ecuador,Investment Loan,Closed,"November 11, 1998",
EC0134,skipped (already downloaded),1,Ecuador,Investment Loan,Closed,"November 1, 2000",
EC0138,skipped (already downloaded),2,Ecuador,Investment Loan,Closed,"December 17, 1997",
EC0143,skipped (already downloaded),2,Ecuador,Investment Loan,Closed,"July 3, 1996",
EC0157,skipped (already downloaded),2,Ecuador,Investment Loan,Closed,"November 19, 1997",
EC0158,skipped (already downloaded),2,Ecuador,Investment Loan,Closed,"December 11, 1996",
EC0170,skipped (already downloaded),2,Ecuador,Investment Loan,Closed,"August 2, 1995",
EC0182,skipped (already downloaded),2,Ecuador,Investment Loan,Closed,"November 19, 1997",
EC0187,skipped (already downloaded),2,Ecuador,Investment Loan,Closed,"November 4, 1998",
EC0191,skipped (already downloaded),1,Ecuador,Investment Loan,Closed,"December 5, 2001",
EC0193,skipped (already downloaded),1,Ecuador,Investment Loan,Closed,"February 4, 2004",
EC0194,skipped (already downloaded),1,Ecuador,Policy-Based Financing,Closed,"July 26, 2000",
EC0196,skipped (already downloaded),1,Ecuador,Investment Loan,Closed,"November 27, 2000",
EC0197,skipped (already downloaded),1,Ecuador,Investment Loan,Closed,"December 13, 2000",
EC0200,skipped (already downloaded),1,Ecuador,Investment Loan,Closed,"September 25, 2002",
EC0201,skipped (already downloaded),1,Ecuador,Investment Loan,Closed,"September 4, 2002",
EC0203,skipped (already downloaded),1,Ecuador,Investment Loan,Closed,"November 28, 2001",
EC0207,skipped (already downloaded),1,Ecuador,Investment Loan,Closed,"July 31, 2002",
EC0216,skipped (already downloaded),1,Ecuador,Policy-Based Financing,Closed,"June 25, 2003",
ES-L1001,skipped (already downloaded),2,El Salvador,Investment Loan,Cancelled,"June 15, 2005",
ES-L1002,skipped (already downloaded),2,El Salvador,Investment Loan,Cancelled,"October 12, 2005",
ES-L1003,True,0,El Salvador,Investment Loan,Cancelled,"September 7, 2005",
ES-L1016,skipped (already downloaded),5,El Salvador,Investment Loan,Closed,"November 17, 2011",
ES-L1017,skipped (already downloaded),2,El Salvador,Investment Loan,Closed,"December 14, 2010",
ES-L1022,skipped (already downloaded),2,El Salvador,Investment Loan,Closed,"September 8, 2010",
ES-L1025,skipped (already downloaded),3,El Salvador,Investment Loan,Closed,"December 5, 2012",
ES-L1027,skipped (already downloaded),2,El Salvador,Investment Loan,Closed,"July 21, 2010",
ES-L1029,False,0,El Salvador,Emergency Lending,Closed,"December 17, 2008",
ES-L1030,True,2,El Salvador,Policy-Based Financing,Closed,"November 25, 2008",
ES-L1040,True,2,El Salvador,Policy-Based Financing,Closed,"January 1, 2009",
ES-L1044,skipped (already downloaded),2,El Salvador,Investment Loan,Cancelled,"September 8, 2010",
ES-L1045,True,0,El Salvador,Investment Loan,Closed,"September 1, 2010",
ES-L1046,skipped (already downloaded),2,El Salvador,Investment Loan,Closed,"August 3, 2010",
ES-L1047,True,2,El Salvador,Policy-Based Financing,Closed,"February 17, 2010",
ES-L1050,skipped (already downloaded),2,El Salvador,Investment Loan,Closed,"September 14, 2011",
ES-L1056,skipped (already downloaded),2,El Salvador,Investment Loan,Closed,"May 11, 2011",
ES-L1057,skipped (already downloaded),1,El Salvador,Investment Loan,Closed,"September 23, 2011",
ES-L1058,skipped (already downloaded),3,El Salvador,Investment Loan,Cancelled,"October 24, 2012",
ES-L1059,True,2,El Salvador,Policy-Based Financing,Closed,"September 7, 2011",
ES-L1061,True,0,El Salvador,Investment Loan,Closed,"September 23, 2011",
ES-L1063,skipped (already downloaded),3,El Salvador,Investment Loan,Cancelled,"October 19, 2012",
ES-L1066,skipped (already downloaded),13,El Salvador,Investment Loan,Closed,"August 7, 2013",
ES-L1071,True,2,El Salvador,Policy-Based Financing,Closed,"March 7, 2012",
ES-L1075,skipped (already downloaded),26,El Salvador,Investment Loan,Closed,"May 21, 2014",
ES-L1085,skipped (already downloaded),14,El Salvador,Investment Loan,Cancelled,"December 16, 2013",
ES-L1089,skipped (already downloaded),15,El Salvador,Investment Loan,Closed,"August 6, 2014",
ES-L1092,skipped (already downloaded),13,El Salvador,Investment Loan,Cancelled,"November 25, 2015",
ES-L1093,True,7,El Salvador,Policy-Based Financing,Closed,"June 13, 2018",
ES-L1095,skipped (already downloaded),16,El Salvador,Investment Loan,Implementation,"December 7, 2015",
ES-L1128,True,2,El Salvador,Investment Loan,Implementation,"December 15, 2021",
ES-L1131,skipped (already downloaded),2,El Salvador,Investment Loan,Closed,"December 7, 2016",
ES-L1132,skipped (already downloaded),8,El Salvador,Investment Loan,Closed,"July 26, 2018",
ES-L1135,skipped (already downloaded),1,El Salvador,Investment Loan,Implementation,"September 25, 2019",
ES-L1136,True,13,El Salvador,Investment Loan,Closed,"January 29, 2020",
ES-L1137,True,8,El Salvador,Policy-Based Financing,Closed,"June 19, 2019",
ES-L1138,True,16,El Salvador,Investment Loan,Closed,"July 29, 2020",
ES-L1139,True,12,El Salvador,Investment Loan,Implementation,"July 22, 2020",
ES-L1142,False,0,El Salvador,Special Development Lending,Cancelled,"May 27, 2020",
ES-L1143,True,5,El Salvador,Policy-Based Financing,Closed,"June 8, 2020",
ES-L1144,True,2,El Salvador,Investment Loan,Closed,"June 3, 2020",
ES-L1145,True,4,El Salvador,Investment Loan,Implementation,"September 15, 2021",
ES-L1146,True,2,El Salvador,Investment Loan,Closed,"September 29, 2021",
ES-L1151,True,2,El Salvador,Investment Loan,Implementation,"September 28, 2022",
ES-L1152,True,2,El Salvador,Investment Loan,Implementation,"September 14, 2022",
ES-L1153,False,0,El Salvador,Special Development Lending,Closed,"March 19, 2025",
ES-L1155,True,2,El Salvador,Investment Loan,Implementation,"October 19, 2022",
ES-L1156,True,2,El Salvador,Investment Loan,Implementation,"January 11, 2023",
ES-L1157,True,15,El Salvador,Investment Loan,Implementation,"January 24, 2024",
ES-L1158,True,2,El Salvador,Investment Loan,Implementation,"October 11, 2023",
ES-L1159,True,3,El Salvador,Investment Loan,Implementation,"September 20, 2023",
ES-L1160,True,2,El Salvador,Investment Loan,Implementation,"May 16, 2024",
ES-L1161,True,1,El Salvador,Investment Loan,Closed,"October 28, 2022",
ES-L1162,True,0,El Salvador,Investment Loan,Implementation,"December 5, 2024",
ES-L1163,True,2,El Salvador,Investment Loan,Implementation,"December 5, 2024",
ES-L1164,True,1,El Salvador,Investment Loan,Implementation,"August 6, 2025",
ES-L1165,True,2,El Salvador,Investment Loan,Implementation,"December 6, 2024",
ES-L1167,True,2,El Salvador,Investment Loan,Implementation,"June 18, 2025",
ES-L1168,True,2,El Salvador,Investment Loan,Implementation,"October 31, 2024",
ES-L1169,True,0,El Salvador,Investment Loan,Closed,"August 26, 2024",
ES-L1171,True,2,El Salvador,Investment Loan,Implementation,"November 5, 2025",
ES-L1172,True,2,El Salvador,Investment Loan,Implementation,"September 17, 2025",
ES-L1173,True,6,El Salvador,Investment Loan,Implementation,"November 12, 2025",
ES-L1175,True,2,El Salvador,Investment Loan,Implementation,"June 24, 2026",
ES0024,skipped (already downloaded),2,El Salvador,Investment Loan,Closed,"September 27, 1995",
ES0036,skipped (already downloaded),2,El Salvador,Policy-Based Financing,Closed,"September 24, 1997",
ES0053,skipped (already downloaded),2,El Salvador,Investment Loan,Closed,"March 4, 1998",
ES0068,skipped (already downloaded),2,El Salvador,Investment Loan,Closed,"May 27, 1998",
ES0074,skipped (already downloaded),2,El Salvador,Investment Loan,Closed,"October 13, 1999",
ES0081,skipped (already downloaded),2,El Salvador,Investment Loan,Closed,"November 30, 1994",
ES0083,skipped (already downloaded),2,El Salvador,Investment Loan,Closed,"September 13, 1995",
ES0087,skipped (already downloaded),2,El Salvador,Investment Loan,Closed,"December 12, 2001",
ES0088,skipped (already downloaded),2,El Salvador,Investment Loan,Closed,"November 30, 1994",
ES0090,skipped (already downloaded),2,El Salvador,Investment Loan,Closed,"March 13, 1996",
ES0108,skipped (already downloaded),2,El Salvador,Investment Loan,Closed,"February 18, 1998",
ES0109,skipped (already downloaded),2,El Salvador,Investment Loan,Closed,"December 3, 1997",
ES0110,skipped (already downloaded),2,El Salvador,Investment Loan,Closed,"March 25, 1998",
ES0119,skipped (already downloaded),2,El Salvador,Investment Loan,Closed,"June 27, 2001",
ES0120,skipped (already downloaded),2,El Salvador,Investment Loan,Closed,"September 26, 2001",
ES0129,skipped (already downloaded),2,El Salvador,Investment Loan,Closed,"April 11, 2001",
ES0140,skipped (already downloaded),4,El Salvador,Policy-Based Financing,Closed,"September 27, 2006",
ES0148,skipped (already downloaded),2,El Salvador,Investment Loan,Closed,"February 9, 2001",
ES0150,skipped (already downloaded),1,El Salvador,Investment Loan,Closed,"April 16, 2001",
ES0151,skipped (already downloaded),2,El Salvador,Policy-Based Financing,Closed,"November 12, 2003",
GU-L1002,True,0,Guatemala,Investment Loan,Closed,"December 13, 2006",
GU-L1003,True,0,Guatemala,Investment Loan,Closed,"June 3, 2004",
GU-L1005,True,2,Guatemala,Policy-Based Financing,Closed,"June 21, 2006",
GU-L1006,True,0,Guatemala,Investment Loan,Closed,"May 3, 2006",
GU-L1008,True,2,Guatemala,Policy-Based Financing,Closed,"September 26, 2007",
GU-L1009,skipped (already downloaded),2,Guatemala,Investment Loan,Closed,"February 28, 2007",
GU-L1014,True,0,Guatemala,Investment Loan,Closed,"June 17, 2009",
GU-L1017,True,2,Guatemala,Policy-Based Financing,Closed,"January 1, 2009",
GU-L1018,skipped (already downloaded),2,Guatemala,Investment Loan,Closed,"October 22, 2008",
GU-L1020,True,2,Guatemala,Policy-Based Financing,Closed,"January 1, 2009",
GU-L1022,True,0,Guatemala,Investment Loan,Closed,"June 8, 2010",
GU-L1023,True,0,Guatemala,Investment Loan,Closed,"September 17, 2008",
GU-L1031,skipped (already downloaded),2,Guatemala,Investment Loan,Closed,"November 12, 2008",
GU-L1037,skipped (already downloaded),2,Guatemala,Investment Loan,Closed,"December 11, 2008",
GU-L1039,skipped (already downloaded),2,Guatemala,Investment Loan,Closed,"November 23, 2009",
GU-L1063,True,2,Guatemala,Policy-Based Financing,Closed,"October 27, 2010",
GU-L1064,True,9,Guatemala,Policy-Based Financing,Closed,"August 29, 2012",
GU-L1084,skipped (already downloaded),13,Guatemala,Investment Loan,Cancelled,"December 17, 2014",
GU-L1085,True,16,Guatemala,Policy-Based Financing,Closed,"October 15, 2014",
GU-L1087,skipped (already downloaded),14,Guatemala,Investment Loan,Closed,"December 11, 2015",
GU-L1095,skipped (already downloaded),13,Guatemala,Investment Loan,Implementation,"December 7, 2016",
GU-L1096,True,11,Guatemala,Policy-Based Financing,Closed,"November 2, 2016",
GU-L1160,True,0,Guatemala,Investment Loan,Closed,"August 29, 2012",
GU-L1163,skipped (already downloaded),2,Guatemala,Investment Loan,Implementation,"May 30, 2019",
GU-L1165,True,2,Guatemala,Investment Loan,Implementation,"January 15, 2020",
GU-L1169,skipped (already downloaded),23,Guatemala,Investment Loan,Implementation,"February 7, 2019",
GU-L1170,True,2,Guatemala,Investment Loan,Implementation,"December 7, 2022",
GU-L1171,True,2,Guatemala,Investment Loan,Implementation,"December 9, 2020",
GU-L1175,True,3,Guatemala,Investment Loan,Cancelled,"March 10, 2021",
GU-L1176,True,2,Guatemala,Investment Loan,Cancelled,"August 28, 2020",
GU-L1183,True,2,Guatemala,Policy-Based Financing,Closed,"February 9, 2022",
GU-L1184,True,2,Guatemala,Investment Loan,Implementation,"February 15, 2023",
GU-L1188,True,2,Guatemala,Investment Loan,Implementation,"September 3, 2025",
GU-L1189,True,3,Guatemala,Investment Loan,Implementation,"July 23, 2025",
GU-L1192,True,2,Guatemala,Investment Loan,Implementation,"April 30, 2025",
GU0017,skipped (already downloaded),2,Guatemala,Investment Loan,Closed,"September 27, 1995",
GU0019,skipped (already downloaded),2,Guatemala,Policy-Based Financing,Closed,"June 25, 1997",
GU0022,skipped (already downloaded),2,Guatemala,Investment Loan,Closed,"October 15, 1997",
GU0023,skipped (already downloaded),2,Guatemala,Policy-Based Financing,Closed,"October 4, 1995",
GU0037,skipped (already downloaded),2,Guatemala,Investment Loan,Closed,"November 12, 1997",
GU0066,skipped (already downloaded),2,Guatemala,Investment Loan,Closed,"August 3, 2005",
GU0070,skipped (already downloaded),2,Guatemala,Investment Loan,Closed,"December 2, 1998",
GU0071,skipped (already downloaded),2,Guatemala,Investment Loan,Closed,"July 31, 1996",
GU0072,True,0,Guatemala,Investment Loan,Closed,"May 6, 1992",
GU0081,skipped (already downloaded),2,Guatemala,Investment Loan,Closed,"November 26, 1996",
GU0092,skipped (already downloaded),2,Guatemala,Investment Loan,Closed,"August 12, 1998",
GU0099,skipped (already downloaded),2,Guatemala,Investment Loan,Closed,"November 13, 1996",
GU0119,skipped (already downloaded),1,Guatemala,Policy-Based Financing,Closed,"May 22, 2002",
GU0125,skipped (already downloaded),2,Guatemala,Investment Loan,Closed,"November 17, 1999",
GU0127,skipped (already downloaded),2,Guatemala,Investment Loan,Closed,"December 16, 1998",
GU0128,skipped (already downloaded),2,Guatemala,Investment Loan,Closed,"June 10, 1998",
GU0130,skipped (already downloaded),2,Guatemala,Investment Loan,Closed,"November 23, 1999",
GU0134,skipped (already downloaded),2,Guatemala,Investment Loan,Closed,"November 3, 1999",
GU0135,skipped (already downloaded),2,Guatemala,Investment Loan,Closed,"October 13, 1999",
GU0137,skipped (already downloaded),2,Guatemala,Investment Loan,Closed,"November 18, 1998",
GU0150,skipped (already downloaded),1,Guatemala,Investment Loan,Closed,"August 6, 2003",
GU0152,skipped (already downloaded),1,Guatemala,Investment Loan,Closed,"May 14, 2001",
GU0155,skipped (already downloaded),2,Guatemala,Investment Loan,Closed,"June 19, 2002",
GU0163,skipped (already downloaded),1,Guatemala,Investment Loan,Closed,"May 3, 2006",
GU0171,skipped (already downloaded),2,Guatemala,Investment Loan,Closed,"August 6, 2003",
GU0175,skipped (already downloaded),2,Guatemala,Policy-Based Financing,Closed,"December 1, 2004",
GU0177,skipped (already downloaded),2,Guatemala,Investment Loan,Closed,"October 24, 2007",
GY-L1001,True,0,Guyana,Investment Loan,Closed,"October 10, 2003",
GY-L1004,True,0,Guyana,Investment Loan,Closed,"April 12, 2004",
GY-L1005,True,0,Guyana,Investment Loan,Closed,"May 10, 2004",
GY-L1006,True,2,Guyana,Policy-Based Financing,Closed,"June 29, 2006",
GY-L1007,skipped (already downloaded),4,Guyana,Investment Loan,Closed,"December 5, 2007",
GY-L1008,skipped (already downloaded),2,Guyana,Investment Loan,Closed,"November 21, 2006",
GY-L1009,True,2,Guyana,Policy-Based Financing,Closed,"June 21, 2006",
GY-L1010,True,0,Guyana,Investment Loan,Closed,"July 26, 2005",
GY-L1011,True,0,Guyana,Investment Loan,Closed,"August 2, 2005",
GY-L1014,True,2,Guyana,Policy-Based Financing,Closed,"December 12, 2007",
GY-L1016,True,2,Guyana,Policy-Based Financing,Closed,"December 10, 2008",
GY-L1019,skipped (already downloaded),2,Guyana,Investment Loan,Closed,"December 17, 2008",
GY-L1021,True,2,Guyana,Policy-Based Financing,Closed,"November 18, 2009",
GY-L1025,skipped (already downloaded),2,Guyana,Investment Loan,Closed,"October 27, 2010",
GY-L1027,skipped (already downloaded),2,Guyana,Investment Loan,Closed,"October 28, 2009",
GY-L1028,skipped (already downloaded),2,Guyana,Investment Loan,Closed,"December 11, 2009",
GY-L1029,True,2,Guyana,Policy-Based Financing,Closed,"November 3, 2010",
GY-L1030,skipped (already downloaded),2,Guyana,Investment Loan,Closed,"November 17, 2010",
GY-L1031,skipped (already downloaded),13,Guyana,Investment Loan,Closed,"June 21, 2012",
GY-L1034,skipped (already downloaded),2,Guyana,Investment Loan,Closed,"June 2, 2010",
GY-L1036,skipped (already downloaded),2,Guyana,Investment Loan,Closed,"June 15, 2011",
GY-L1037,skipped (already downloaded),2,Guyana,Investment Loan,Closed,"September 7, 2011",
GY-L1039,True,15,Guyana,Policy-Based Financing,Closed,"December 4, 2013",
GY-L1040,skipped (already downloaded),14,Guyana,Investment Loan,Closed,"July 3, 2014",
GY-L1041,skipped (already downloaded),13,Guyana,Investment Loan,Closed,"June 25, 2014",
GY-L1042,skipped (already downloaded),18,Guyana,Investment Loan,Closed,"December 3, 2014",
GY-L1043,True,14,Guyana,Policy-Based Financing,Closed,"February 11, 2015",
GY-L1044,skipped (already downloaded),4,Guyana,Investment Loan,Closed,"December 14, 2016",
GY-L1054,skipped (already downloaded),2,Guyana,Investment Loan,Closed,"June 9, 2004",
GY-L1056,skipped (already downloaded),2,Guyana,Investment Loan,Closed,"June 21, 2006",
GY-L1058,skipped (already downloaded),13,Guyana,Investment Loan,Closed,"October 26, 2016",
GY-L1059,skipped (already downloaded),14,Guyana,Investment Loan,Closed,"November 30, 2016",
GY-L1060,skipped (already downloaded),19,Guyana,Investment Loan,Closed,"November 16, 2016",
GY-L1064,skipped (already downloaded),11,Guyana,Investment Loan,Implementation,"November 7, 2018",
GY-L1066,skipped (already downloaded),18,Guyana,Investment Loan,Implementation,"November 16, 2018",
GY-L1067,True,3,Guyana,Policy-Based Financing,Closed,"December 6, 2018",
GY-L1075,True,2,Guyana,Policy-Based Financing,Closed,"December 16, 2020",
GY-L1077,True,2,Guyana,Investment Loan,Closed,"December 9, 2020",
GY-L1078,True,1,Guyana,Investment Loan,Closed,"December 3, 2020",
GY-L1079,True,2,Guyana,Investment Loan,Implementation,"October 18, 2023",
GY-L1080,True,2,Guyana,Investment Loan,Implementation,"December 7, 2022",
GY-L1081,True,2,Guyana,Investment Loan,Implementation,"October 26, 2022",
GY-L1082,True,2,Guyana,Investment Loan,Implementation,"September 28, 2022",
GY-L1083,True,2,Guyana,Policy-Based Financing,Closed,"July 13, 2022",
GY-L1086,True,2,Guyana,Policy-Based Financing,Closed,"November 29, 2023",
GY-L1087,True,1,Guyana,Investment Loan,Implementation,"July 16, 2025",
GY-L1089,True,2,Guyana,Policy-Based Financing,Closed,"May 29, 2025",
GY0011,True,0,Guyana,Investment Loan,Closed,"June 23, 2004",
GY0016,skipped (already downloaded),1,Guyana,Policy-Based Financing,Closed,"December 20, 1995",
GY0025,skipped (already downloaded),2,Guyana,Investment Loan,Closed,"November 20, 1996",
GY0026,skipped (already downloaded),2,Guyana,Investment Loan,Closed,"November 25, 1997",
GY0032,skipped (already downloaded),2,Guyana,Policy-Based Financing,Closed,"August 30, 1995",
GY0041,skipped (already downloaded),2,Guyana,Investment Loan,Closed,"November 11, 1998",
GY0048,skipped (already downloaded),2,Guyana,Policy-Based Financing,Closed,"November 26, 1996",
GY0050,skipped (already downloaded),2,Guyana,Policy-Based Financing,Closed,"October 20, 1999",
GY0052,skipped (already downloaded),2,Guyana,Investment Loan,Closed,"November 17, 1999",
GY0053,skipped (already downloaded),2,Guyana,Policy-Based Financing,Closed,"June 9, 2004",
GY0054,skipped (already downloaded),2,Guyana,Investment Loan,Closed,"December 1, 1999",
GY0055,skipped (already downloaded),2,Guyana,Investment Loan,Closed,"May 3, 2006",
GY0056,skipped (already downloaded),1,Guyana,Investment Loan,Closed,"November 7, 2001",
GY0061,skipped (already downloaded),1,Guyana,Investment Loan,Closed,"September 19, 2001",
GY0063,skipped (already downloaded),1,Guyana,Investment Loan,Closed,"June 19, 2002",
GY0065,skipped (already downloaded),1,Guyana,Investment Loan,Closed,"June 5, 2002",
GY0068,True,0,Guyana,Investment Loan,Closed,"December 17, 2002",
GY0070,skipped (already downloaded),1,Guyana,Investment Loan,Closed,"December 8, 2003",
GY0071,skipped (already downloaded),2,Guyana,Investment Loan,Closed,"June 28, 2006",
GY0073,skipped (already downloaded),2,Guyana,Investment Loan,Closed,"December 13, 2004",
GY0076,skipped (already downloaded),1,Guyana,Investment Loan,Closed,"June 16, 2004",
GY0077,True,0,Guyana,Investment Loan,Closed,"June 2, 2004",
HO-L1001,skipped (already downloaded),2,Honduras,Investment Loan,Cancelled,"November 24, 2004",
HO-L1002,skipped (already downloaded),2,Honduras,Investment Loan,Closed,"March 16, 2005",
HO-L1003,True,0,Honduras,Investment Loan,Closed,"December 4, 2003",
HO-L1004,True,0,Honduras,Investment Loan,Closed,"December 2, 2003",
HO-L1006,True,0,Honduras,Investment Loan,Closed,"April 27, 2004",
HO-L1007,skipped (already downloaded),2,Honduras,Investment Loan,Closed,"October 4, 2006",
HO-L1009,True,2,Honduras,Policy-Based Financing,Closed,"November 21, 2006",
HO-L1010,skipped (already downloaded),2,Honduras,Investment Loan,Closed,"November 20, 2007",
HO-L1013,skipped (already downloaded),2,Honduras,Investment Loan,Closed,"October 24, 2007",
HO-L1015,skipped (already downloaded),2,Honduras,Investment Loan,Closed,"October 15, 2008",
HO-L1018,skipped (already downloaded),2,Honduras,Investment Loan,Closed,"September 17, 2008",
HO-L1019,skipped (already downloaded),2,Honduras,Investment Loan,Closed,"September 10, 2008",
HO-L1020,skipped (already downloaded),2,Honduras,Investment Loan,Closed,"October 31, 2007",
HO-L1030,True,2,Honduras,Policy-Based Financing,Closed,"November 8, 2010",
HO-L1031,skipped (already downloaded),2,Honduras,Investment Loan,Closed,"June 24, 2009",
HO-L1032,skipped (already downloaded),2,Honduras,Investment Loan,Closed,"December 11, 2008",
HO-L1033,skipped (already downloaded),3,Honduras,Investment Loan,Closed,"June 24, 2009",
HO-L1037,skipped (already downloaded),2,Honduras,Investment Loan,Closed,"December 1, 2010",
HO-L1038,skipped (already downloaded),1,Honduras,Investment Loan,Closed,"July 9, 2008",
HO-L1039,skipped (already downloaded),11,Honduras,Investment Loan,Closed,"December 4, 2013",
HO-L1042,skipped (already downloaded),2,Honduras,Investment Loan,Closed,"September 2, 2010",
HO-L1044,skipped (already downloaded),5,Honduras,Investment Loan,Closed,"June 1, 2011",
HO-L1055,skipped (already downloaded),2,Honduras,Investment Loan,Closed,"December 1, 2010",
HO-L1059,skipped (already downloaded),1,Honduras,Investment Loan,Closed,"September 29, 2010",
HO-L1061,skipped (already downloaded),2,Honduras,Investment Loan,Closed,"November 22, 2010",
HO-L1062,skipped (already downloaded),2,Honduras,Investment Loan,Closed,"April 26, 2011",
HO-L1063,skipped (already downloaded),4,Honduras,Investment Loan,Closed,"June 21, 2012",
HO-L1065,True,2,Honduras,Policy-Based Financing,Closed,"November 3, 2010",
HO-L1069,True,2,Honduras,Policy-Based Financing,Closed,"November 16, 2011",
HO-L1070,True,11,Honduras,Policy-Based Financing,Closed,"December 11, 2014",
HO-L1071,skipped (already downloaded),2,Honduras,Investment Loan,Closed,"June 14, 2012",
HO-L1072,skipped (already downloaded),2,Honduras,Investment Loan,Closed,"June 21, 2012",
HO-L1079,True,2,Honduras,Policy-Based Financing,Closed,"November 16, 2011",
HO-L1087,skipped (already downloaded),4,Honduras,Investment Loan,Closed,"May 29, 2013",
HO-L1088,skipped (already downloaded),16,Honduras,Investment Loan,Closed,"December 17, 2012",
HO-L1089,skipped (already downloaded),13,Honduras,Investment Loan,Closed,"February 13, 2013",
HO-L1090,skipped (already downloaded),13,Honduras,Investment Loan,Closed,"June 5, 2013",
HO-L1093,skipped (already downloaded),12,Honduras,Investment Loan,Closed,"December 3, 2014",
HO-L1102,skipped (already downloaded),13,Honduras,Investment Loan,Closed,"March 12, 2015",
HO-L1103,True,11,Honduras,Policy-Based Financing,Closed,"November 25, 2015",
HO-L1104,skipped (already downloaded),17,Honduras,Investment Loan,Closed,"December 2, 2015",
HO-L1105,skipped (already downloaded),19,Honduras,Investment Loan,Closed,"September 1, 2016",
HO-L1108,skipped (already downloaded),10,Honduras,Investment Loan,Closed,"September 21, 2015",
HO-L1117,skipped (already downloaded),20,Honduras,Investment Loan,Closed,"October 19, 2016",
HO-L1118,True,12,Honduras,Policy-Based Financing,Closed,"December 11, 2015",
HO-L1121,skipped (already downloaded),17,Honduras,Investment Loan,Closed,"November 23, 2016",
HO-L1179,skipped (already downloaded),22,Honduras,Investment Loan,Closed,"December 14, 2016",
HO-L1182,True,5,Honduras,Policy-Based Financing,Closed,"April 19, 2017",
HO-L1186,skipped (already downloaded),17,Honduras,Investment Loan,Implementation,"September 5, 2018",
HO-L1187,skipped (already downloaded),28,Honduras,Investment Loan,Closed,"April 25, 2018",
HO-L1188,skipped (already downloaded),12,Honduras,Investment Loan,Implementation,"December 13, 2017",
HO-L1189,True,7,Honduras,Policy-Based Financing,Closed,"December 13, 2017",
HO-L1193,True,4,Honduras,Policy-Based Financing,Closed,"September 26, 2018",
HO-L1194,True,2,Honduras,Investment Loan,Implementation,"April 1, 2020",
HO-L1195,skipped (already downloaded),3,Honduras,Investment Loan,Implementation,"October 3, 2018",
HO-L1198,True,13,Honduras,Policy-Based Financing,Closed,"October 17, 2018",
HO-L1199,skipped (already downloaded),4,Honduras,Investment Loan,Implementation,"December 12, 2018",
HO-L1200,skipped (already downloaded),11,Honduras,Investment Loan,Implementation,"December 4, 2019",
HO-L1201,skipped (already downloaded),22,Honduras,Investment Loan,Implementation,"December 11, 2019",
HO-L1202,skipped (already downloaded),14,Honduras,Investment Loan,Implementation,"December 11, 2019",
HO-L1203,True,2,Honduras,Investment Loan,Implementation,"October 14, 2020",
HO-L1204,True,7,Honduras,Policy-Based Financing,Closed,"October 16, 2019",
HO-L1206,True,4,Honduras,Policy-Based Financing,Closed,"April 28, 2020",
HO-L1207,True,2,Honduras,Policy-Based Financing,Closed,"October 16, 2019",
HO-L1211,skipped (already downloaded),2,Honduras,Investment Loan,Implementation,"December 11, 2019",
HO-L1213,True,2,Honduras,Investment Loan,Implementation,"June 9, 2021",
HO-L1215,False,0,Honduras,Special Development Lending,Closed,"July 8, 2020",
HO-L1216,True,14,Honduras,Investment Loan,Implementation,"July 23, 2020",
HO-L1219,True,14,Honduras,Policy-Based Financing,Closed,"September 15, 2021",
HO-L1222,True,11,Honduras,Investment Loan,Closed,"August 5, 2021",
HO-L1226,True,2,Honduras,Investment Loan,Implementation,"June 23, 2021",
HO-L1227,True,2,Honduras,Investment Loan,Implementation,"November 29, 2023",
HO-L1229,True,2,Honduras,Policy-Based Financing,Closed,"September 20, 2023",
HO-L1230,True,2,Honduras,Investment Loan,Implementation,"November 30, 2022",
HO-L1232,True,2,Honduras,Policy-Based Financing,Closed,"September 28, 2022",
HO-L1235,True,2,Honduras,Investment Loan,Implementation,"November 30, 2022",
HO-L1237,True,2,Honduras,Investment Loan,Implementation,"May 29, 2024",
HO-L1238,True,3,Honduras,Investment Loan,Cancelled,"September 26, 2023",
HO-L1239,True,2,Honduras,Investment Loan,Implementation,"September 27, 2023",
HO-L1240,True,2,Honduras,Investment Loan,Implementation,"December 1, 2023",
HO-L1243,True,2,Honduras,Investment Loan,Implementation,"May 31, 2024",
HO-L1244,True,2,Honduras,Investment Loan,Implementation,"May 22, 2024",
HO-L1245,True,2,Honduras,Investment Loan,Implementation,"November 20, 2024",
HO-L1248,True,2,Honduras,Policy-Based Financing,Closed,"June 20, 2024",
HO-L1251,True,2,Honduras,Investment Loan,Implementation,"June 25, 2025",
HO-L1259,True,2,Honduras,Investment Loan,Implementation,"September 12, 2025",
HO-L1261,True,2,Honduras,Policy-Based Financing,Implementation,"June 11, 2026",
HO0028,skipped (already downloaded),2,Honduras,Investment Loan,Closed,"December 14, 1994",
HO0032,skipped (already downloaded),2,Honduras,Investment Loan,Closed,"May 6, 1998",
HO0072,skipped (already downloaded),2,Honduras,Investment Loan,Closed,"December 8, 1999",
HO0078,skipped (already downloaded),2,Honduras,Investment Loan,Closed,"December 3, 1997",
HO0101,skipped (already downloaded),2,Honduras,Policy-Based Financing,Closed,"December 20, 1995",
HO0109,skipped (already downloaded),2,Honduras,Investment Loan,Closed,"March 13, 1996",
HO0115,skipped (already downloaded),2,Honduras,Investment Loan,Closed,"November 18, 1998",
HO0116,skipped (already downloaded),1,Honduras,Investment Loan,Closed,"June 17, 2002",
HO0119,skipped (already downloaded),2,Honduras,Investment Loan,Closed,"October 2, 1996",
HO0123,skipped (already downloaded),1,Honduras,Investment Loan,Closed,"December 6, 2000",
HO0128,skipped (already downloaded),2,Honduras,Investment Loan,Closed,"November 19, 1997",
HO0131,skipped (already downloaded),2,Honduras,Investment Loan,Closed,"December 2, 1998",
HO0132,skipped (already downloaded),2,Honduras,Investment Loan,Closed,"November 24, 1998",
HO0141,skipped (already downloaded),1,Honduras,Investment Loan,Closed,"December 6, 2000",
HO0143,skipped (already downloaded),2,Honduras,Investment Loan,Closed,"January 20, 1999",
HO0144,skipped (already downloaded),1,Honduras,Investment Loan,Closed,"September 20, 2000",
HO0145,skipped (already downloaded),2,Honduras,Policy-Based Financing,Closed,"September 8, 1999",
HO0146,skipped (already downloaded),2,Honduras,Investment Loan,Closed,"June 9, 1999",
HO0161,skipped (already downloaded),1,Honduras,Investment Loan,Closed,"November 29, 2000",
HO0164,skipped (already downloaded),1,Honduras,Investment Loan,Closed,"February 2, 2000",
HO0174,True,0,Honduras,Investment Loan,Closed,"October 18, 2006",
HO0178,skipped (already downloaded),1,Honduras,Investment Loan,Closed,"December 20, 2000",
HO0179,skipped (already downloaded),1,Honduras,Investment Loan,Closed,"May 23, 2001",
HO0184,skipped (already downloaded),1,Honduras,Investment Loan,Closed,"November 2, 2000",
HO0185,skipped (already downloaded),1,Honduras,Policy-Based Financing,Closed,"October 3, 2001",
HO0193,skipped (already downloaded),3,Honduras,Investment Loan,Closed,"October 10, 2001",
HO0195,skipped (already downloaded),2,Honduras,Investment Loan,Closed,"May 4, 2005",
HO0197,True,0,Honduras,Investment Loan,Closed,"November 23, 2005",
HO0198,skipped (already downloaded),1,Honduras,Investment Loan,Closed,"November 6, 2002",
HO0202,skipped (already downloaded),1,Honduras,Investment Loan,Closed,"June 9, 2004",
HO0203,skipped (already downloaded),1,Honduras,Investment Loan,Closed,"October 25, 2001",
HO0205,skipped (already downloaded),1,Honduras,Investment Loan,Closed,"March 12, 2003",
HO0207,skipped (already downloaded),1,Honduras,Investment Loan,Closed,"July 14, 2004",
HO0208,skipped (already downloaded),1,Honduras,Investment Loan,Closed,"June 30, 2004",
HO0210,skipped (already downloaded),1,Honduras,Investment Loan,Closed,"November 20, 2002",
HO0212,skipped (already downloaded),1,Honduras,Policy-Based Financing,Closed,"February 11, 2004",
HO0214,skipped (already downloaded),1,Honduras,Investment Loan,Closed,"October 30, 2002",
HO0218,skipped (already downloaded),1,Honduras,Investment Loan,Closed,"December 3, 2003",
HO0219,skipped (already downloaded),1,Honduras,Policy-Based Financing,Closed,"February 11, 2004",
HO0220,skipped (already downloaded),1,Honduras,Investment Loan,Closed,"September 24, 2003",
HO0221,skipped (already downloaded),1,Honduras,Investment Loan,Closed,"May 6, 2003",
HO0222,skipped (already downloaded),1,Honduras,Investment Loan,Closed,"July 28, 2004",
HO0223,skipped (already downloaded),3,Honduras,Policy-Based Financing,Closed,"June 21, 2006",
HO0224,skipped (already downloaded),2,Honduras,Investment Loan,Closed,"November 3, 2004",
JA-L1001,True,3,Jamaica,Policy-Based Financing,Closed,"April 1, 2008",
JA-L1002,True,2,Jamaica,Policy-Based Financing,Closed,"December 2, 2008",
JA-L1003,True,2,Jamaica,Policy-Based Financing,Closed,"November 19, 2008",
JA-L1005,skipped (already downloaded),2,Jamaica,Investment Loan,Closed,"October 29, 2008",
JA-L1009,skipped (already downloaded),2,Jamaica,Investment Loan,Closed,"December 14, 2009",
JA-L1010,True,4,Jamaica,Policy-Based Financing,Closed,"February 17, 2010",
JA-L1012,skipped (already downloaded),2,Jamaica,Investment Loan,Closed,"November 3, 2010",
JA-L1013,True,2,Jamaica,Policy-Based Financing,Closed,"February 17, 2010",
JA-L1014,True,17,Jamaica,Policy-Based Financing,Closed,"February 5, 2014",
JA-L1015,skipped (already downloaded),2,Jamaica,Investment Loan,Closed,"February 4, 2008",
JA-L1016,skipped (already downloaded),2,Jamaica,Investment Loan,Closed,"October 8, 2008",
JA-L1020,True,2,Jamaica,Policy-Based Financing,Closed,"February 17, 2010",
JA-L1021,skipped (already downloaded),2,Jamaica,Investment Loan,Closed,"December 17, 2008",
JA-L1023,False,0,Jamaica,Emergency Lending,Closed,"January 14, 2009",
JA-L1024,True,2,Jamaica,Policy-Based Financing,Closed,"February 24, 2010",
JA-L1025,skipped (already downloaded),2,Jamaica,Investment Loan,Closed,"November 17, 2011",
JA-L1026,True,8,Jamaica,Policy-Based Financing,Closed,"April 5, 2011",
JA-L1027,skipped (already downloaded),2,Jamaica,Investment Loan,Closed,"December 14, 2009",
JA-L1031,True,2,Jamaica,Policy-Based Financing,Closed,"March 22, 2011",
JA-L1032,True,2,Jamaica,Policy-Based Financing,Closed,"August 3, 2010",
JA-L1033,True,8,Jamaica,Policy-Based Financing,Closed,"October 13, 2015",
JA-L1034,True,2,Jamaica,Policy-Based Financing,Closed,"December 15, 2010",
JA-L1035,skipped (already downloaded),2,Jamaica,Investment Loan,Closed,"November 17, 2011",
JA-L1037,skipped (already downloaded),2,Jamaica,Investment Loan,Closed,"December 12, 2012",
JA-L1038,True,11,Jamaica,Policy-Based Financing,Closed,"February 5, 2014",
JA-L1039,skipped (already downloaded),11,Jamaica,Investment Loan,Closed,"December 2, 2011",
JA-L1043,skipped (already downloaded),16,Jamaica,Investment Loan,Closed,"June 18, 2014",
JA-L1046,skipped (already downloaded),13,Jamaica,Investment Loan,Closed,"December 13, 2013",
JA-L1048,skipped (already downloaded),8,Jamaica,Investment Loan,Closed,"December 11, 2014",
JA-L1049,skipped (already downloaded),3,Jamaica,Investment Loan,Implementation,"November 14, 2018",
JA-L1051,True,29,Jamaica,Policy-Based Financing,Closed,"August 5, 2015",
JA-L1053,skipped (already downloaded),11,Jamaica,Investment Loan,Closed,"October 21, 2015",
JA-L1055,True,21,Jamaica,Policy-Based Financing,Closed,"December 14, 2016",
JA-L1056,skipped (already downloaded),19,Jamaica,Investment Loan,Implementation,"December 14, 2016",
JA-L1058,True,7,Jamaica,Policy-Based Financing,Closed,"July 13, 2016",
JA-L1069,skipped (already downloaded),1,Jamaica,Investment Loan,Closed,"February 24, 2010",
JA-L1072,skipped (already downloaded),16,Jamaica,Investment Loan,Implementation,"December 8, 2017",
JA-L1073,skipped (already downloaded),14,Jamaica,Investment Loan,Closed,"November 15, 2017",
JA-L1074,skipped (already downloaded),12,Jamaica,Investment Loan,Closed,"November 22, 2017",
JA-L1075,skipped (already downloaded),2,Jamaica,Investment Loan,Closed,"June 29, 2017",
JA-L1078,True,2,Jamaica,Policy-Based Financing,Closed,"November 15, 2017",
JA-L1079,skipped (already downloaded),13,Jamaica,Investment Loan,Closed,"October 31, 2018",
JA-L1080,True,2,Jamaica,Policy-Based Financing,Closed,"November 14, 2018",
JA-L1085,skipped (already downloaded),2,Jamaica,Investment Loan,Implementation,"September 17, 2019",
JA-L1086,True,2,Jamaica,Policy-Based Financing,Closed,"September 16, 2020",
JA-L1087,True,2,Jamaica,Policy-Based Financing,Closed,"March 10, 2021",
JA-L1088,True,2,Jamaica,Policy-Based Financing,Closed,"March 9, 2022",
JA-L1093,True,2,Jamaica,Investment Loan,Implementation,"September 24, 2025",
JA-L1094,True,2,Jamaica,Investment Loan,Implementation,"November 19, 2025",
JA-L1099,True,0,Jamaica,Investment Loan,Implementation,"July 1, 2026",
JA0034,skipped (already downloaded),6,Jamaica,Investment Loan,Closed,"September 27, 1995",
JA0035,skipped (already downloaded),2,Jamaica,Investment Loan,Closed,"June 30, 1999",
JA0041,skipped (already downloaded),2,Jamaica,Investment Loan,Closed,"April 30, 1997",
JA0043,skipped (already downloaded),2,Jamaica,Investment Loan,Closed,"November 14, 2001",
JA0044,skipped (already downloaded),2,Jamaica,Investment Loan,Closed,"November 26, 1996",
JA0049,skipped (already downloaded),1,Jamaica,Policy-Based Financing,Closed,"September 20, 2000",
JA0050,skipped (already downloaded),2,Jamaica,Investment Loan,Closed,"November 10, 1999",
JA0051,skipped (already downloaded),2,Jamaica,Investment Loan,Closed,"July 16, 1997",
JA0059,skipped (already downloaded),2,Jamaica,Investment Loan,Closed,"September 6, 2000",
JA0105,skipped (already downloaded),2,Jamaica,Investment Loan,Closed,"September 5, 2001",
JA0106,skipped (already downloaded),2,Jamaica,Investment Loan,Closed,"June 30, 2004",
JA0107,skipped (already downloaded),1,Jamaica,Investment Loan,Closed,"September 1, 1999",
JA0111,skipped (already downloaded),2,Jamaica,Investment Loan,Closed,"November 29, 2000",
JA0113,skipped (already downloaded),2,Jamaica,Investment Loan,Closed,"November 7, 2001",
JA0114,skipped (already downloaded),2,Jamaica,Investment Loan,Closed,"June 23, 2004",
JA0115,skipped (already downloaded),4,Jamaica,Policy-Based Financing,Closed,"October 3, 2001",
JA0116,skipped (already downloaded),2,Jamaica,Investment Loan,Closed,"November 27, 2002",
JA0123,skipped (already downloaded),2,Jamaica,Investment Loan,Closed,"August 6, 2002",
ME-L1004,skipped (already downloaded),2,Mexico,Investment Loan,Closed,"December 12, 2007",
ME-L1007,skipped (already downloaded),2,Mexico,Investment Loan,Closed,"March 16, 2005",
ME-L1012,skipped (already downloaded),2,Mexico,Investment Loan,Closed,"May 3, 2006",
ME-L1017,skipped (already downloaded),1,Mexico,Investment Loan,Closed,"November 12, 2008",
ME-L1019,skipped (already downloaded),2,Mexico,Investment Loan,Closed,"December 5, 2007",
ME-L1033,skipped (already downloaded),2,Mexico,Investment Loan,Closed,"January 13, 2010",
ME-L1039,skipped (already downloaded),2,Mexico,Investment Loan,Closed,"July 29, 2009",
ME-L1041,skipped (already downloaded),3,Mexico,Investment Loan,Closed,"September 9, 2009",
ME-L1045,skipped (already downloaded),2,Mexico,Investment Loan,Closed,"July 20, 2011",
ME-L1047,skipped (already downloaded),2,Mexico,Investment Loan,Closed,"November 5, 2008",
ME-L1050,skipped (already downloaded),2,Mexico,Investment Loan,Closed,"January 11, 2011",
ME-L1051,skipped (already downloaded),2,Mexico,Investment Loan,Closed,"November 11, 2009",
ME-L1052,skipped (already downloaded),2,Mexico,Investment Loan,Closed,"January 1, 2009",
ME-L1053,True,2,Mexico,Policy-Based Financing,Closed,"November 5, 2008",
ME-L1055,skipped (already downloaded),8,Mexico,Investment Loan,Closed,"December 2, 2011",
ME-L1058,True,2,Mexico,Policy-Based Financing,Closed,"September 16, 2009",
ME-L1059,skipped (already downloaded),28,Mexico,Investment Loan,Closed,"August 3, 2011",
ME-L1063,skipped (already downloaded),2,Mexico,Investment Loan,Closed,"November 25, 2008",
ME-L1065,skipped (already downloaded),2,Mexico,Investment Loan,Closed,"August 7, 2009",
ME-L1067,skipped (already downloaded),2,Mexico,Investment Loan,Closed,"May 21, 2009",
ME-L1078,True,2,Mexico,Policy-Based Financing,Closed,"November 17, 2010",
ME-L1079,skipped (already downloaded),2,Mexico,Investment Loan,Closed,"July 15, 2010",
ME-L1080,skipped (already downloaded),2,Mexico,Investment Loan,Closed,"October 18, 2010",
ME-L1081,skipped (already downloaded),3,Mexico,Investment Loan,Closed,"December 9, 2011",
ME-L1084,skipped (already downloaded),4,Mexico,Investment Loan,Closed,"October 28, 2009",
ME-L1086,skipped (already downloaded),2,Mexico,Investment Loan,Closed,"January 11, 2011",
ME-L1090,True,2,Mexico,Policy-Based Financing,Closed,"September 8, 2010",
ME-L1091,skipped (already downloaded),8,Mexico,Investment Loan,Closed,"September 4, 2013",
ME-L1098,skipped (already downloaded),3,Mexico,Investment Loan,Closed,"September 7, 2011",
ME-L1103,skipped (already downloaded),3,Mexico,Investment Loan,Closed,"July 26, 2012",
ME-L1109,skipped (already downloaded),2,Mexico,Investment Loan,Closed,"November 17, 2011",
ME-L1111,skipped (already downloaded),5,Mexico,Investment Loan,Closed,"October 31, 2014",
ME-L1114,skipped (already downloaded),2,Mexico,Investment Loan,Closed,"June 14, 2012",
ME-L1115,skipped (already downloaded),7,Mexico,Investment Loan,Closed,"September 19, 2012",
ME-L1119,skipped (already downloaded),7,Mexico,Investment Loan,Closed,"November 15, 2012",
ME-L1120,skipped (already downloaded),2,Mexico,Investment Loan,Closed,"November 14, 2012",
ME-L1121,skipped (already downloaded),2,Mexico,Investment Loan,Closed,"December 17, 2012",
ME-L1128,skipped (already downloaded),2,Mexico,Investment Loan,Closed,"November 1, 2012",
ME-L1141,True,8,Mexico,Policy-Based Financing,Closed,"September 24, 2013",
ME-L1142,skipped (already downloaded),17,Mexico,Investment Loan,Closed,"December 16, 2013",
ME-L1144,True,4,Mexico,Policy-Based Financing,Closed,"June 18, 2014",
ME-L1145,skipped (already downloaded),4,Mexico,Investment Loan,Closed,"November 12, 2014",
ME-L1147,skipped (already downloaded),12,Mexico,Investment Loan,Closed,"December 16, 2013",
ME-L1148,skipped (already downloaded),47,Mexico,Investment Loan,Cancelled,"May 29, 2014",
ME-L1151,skipped (already downloaded),8,Mexico,Investment Loan,Closed,"June 25, 2014",
ME-L1158,skipped (already downloaded),6,Mexico,Investment Loan,Cancelled,"December 14, 2015",
ME-L1161,skipped (already downloaded),12,Mexico,Investment Loan,Closed,"October 22, 2014",
ME-L1162,skipped (already downloaded),6,Mexico,Investment Loan,Closed,"October 18, 2017",
ME-L1163,skipped (already downloaded),12,Mexico,Investment Loan,Closed,"November 30, 2015",
ME-L1167,skipped (already downloaded),20,Mexico,Investment Loan,Cancelled,"December 7, 2015",
ME-L1170,skipped (already downloaded),10,Mexico,Investment Loan,Closed,"August 27, 2015",
ME-L1171,skipped (already downloaded),1,Mexico,Investment Loan,Closed,"August 5, 2015",
ME-L1172,skipped (already downloaded),5,Mexico,Investment Loan,Closed,"October 21, 2015",
ME-L1176,skipped (already downloaded),14,Mexico,Investment Loan,Closed,"November 25, 2015",
ME-L1186,True,8,Mexico,Policy-Based Financing,Closed,"September 14, 2016",
ME-L1189,True,5,Mexico,Policy-Based Financing,Closed,"May 11, 2016",
ME-L1190,skipped (already downloaded),3,Mexico,Investment Loan,Closed,"June 30, 2016",
ME-L1253,True,4,Mexico,Policy-Based Financing,Closed,"June 6, 2017",
ME-L1256,skipped (already downloaded),14,Mexico,Investment Loan,Closed,"December 12, 2016",
ME-L1257,skipped (already downloaded),10,Mexico,Investment Loan,Closed,"November 23, 2016",
ME-L1258,skipped (already downloaded),14,Mexico,Investment Loan,Closed,"September 27, 2017",
ME-L1259,skipped (already downloaded),5,Mexico,Investment Loan,Closed,"August 31, 2017",
ME-L1264,True,9,Mexico,Policy-Based Financing,Closed,"March 12, 2018",
ME-L1266,True,7,Mexico,Policy-Based Financing,Closed,"May 30, 2018",
ME-L1267,skipped (already downloaded),20,Mexico,Investment Loan,Cancelled,"April 18, 2018",
ME-L1268,skipped (already downloaded),2,Mexico,Investment Loan,Cancelled,"December 13, 2017",
ME-L1276,True,6,Mexico,Policy-Based Financing,Closed,"June 5, 2019",
ME-L1284,skipped (already downloaded),5,Mexico,Investment Loan,Closed,"November 14, 2018",
ME-L1289,True,6,Mexico,Policy-Based Financing,Closed,"May 15, 2020",
ME-L1290,skipped (already downloaded),1,Mexico,Investment Loan,Cancelled,"December 4, 2019",
ME-L1294,True,2,Mexico,Policy-Based Financing,Closed,"December 18, 2019",
ME-L1295,True,2,Mexico,Investment Loan,Cancelled,"June 10, 2022",
ME-L1297,True,11,Mexico,Investment Loan,Cancelled,"September 23, 2020",
ME-L1299,True,2,Mexico,Policy-Based Financing,Closed,"December 1, 2021",
ME-L1300,True,2,Mexico,Investment Loan,Implementation,"December 15, 2021",
ME-L1301,True,12,Mexico,Investment Loan,Cancelled,"June 30, 2020",
ME-L1308,True,2,Mexico,Investment Loan,Implementation,"December 6, 2021",
ME-L1309,True,2,Mexico,Investment Loan,Implementation,"December 10, 2025",
ME-L1312,True,2,Mexico,Investment Loan,Cancelled,"December 8, 2021",
ME-L1315,True,3,Mexico,Policy-Based Financing,Closed,"September 28, 2022",
ME-L1322,True,2,Mexico,Policy-Based Financing,Closed,"December 7, 2022",
ME-L1326,True,2,Mexico,Investment Loan,Implementation,"December 15, 2023",
ME-L1331,True,2,Mexico,Policy-Based Financing,Closed,"November 22, 2023",
ME-L1332,True,2,Mexico,Policy-Based Financing,Closed,"June 20, 2024",
ME-L1333,True,9,Mexico,Investment Loan,Cancelled,"December 10, 2025",
ME-L1340,True,0,Mexico,Investment Loan,Implementation,"December 10, 2025",
ME-L1341,True,2,Mexico,Policy-Based Financing,Closed,"December 10, 2025",
ME-L1342,True,2,Mexico,Policy-Based Financing,Closed,"June 3, 2026",
ME-L1343,True,2,Mexico,Policy-Based Financing,Closed,"July 22, 2026",
ME0117,skipped (already downloaded),2,Mexico,Investment Loan,Closed,"June 21, 2000",
ME0118,skipped (already downloaded),2,Mexico,Investment Loan,Closed,"July 12, 2000",
ME0126,skipped (already downloaded),2,Mexico,Investment Loan,Closed,"December 13, 1995",
ME0137,skipped (already downloaded),2,Mexico,Investment Loan,Closed,"December 13, 2000",
ME0150,skipped (already downloaded),2,Mexico,Investment Loan,Closed,"December 16, 1998",
ME0185,skipped (already downloaded),2,Mexico,Policy-Based Financing,Closed,"October 30, 1996",
ME0186,skipped (already downloaded),2,Mexico,Investment Loan,Closed,"December 18, 1996",
ME0197,skipped (already downloaded),1,Mexico,Policy-Based Financing,Closed,"October 30, 1996",
ME0204,skipped (already downloaded),2,Mexico,Investment Loan,Closed,"December 10, 1997",
ME0208,skipped (already downloaded),2,Mexico,Policy-Based Financing,Closed,"October 20, 1999",
ME0212,True,0,Mexico,Investment Loan,Closed,"July 20, 2005",
ME0213,skipped (already downloaded),2,Mexico,Investment Loan,Closed,"August 8, 2001",
ME0227,skipped (already downloaded),2,Mexico,Policy-Based Financing,Closed,"June 14, 2000",
ME0231,skipped (already downloaded),2,Mexico,Investment Loan,Closed,"December 19, 2001",
ME0233,skipped (already downloaded),2,Mexico,Investment Loan,Closed,"December 19, 2001",
ME0238,skipped (already downloaded),2,Mexico,Investment Loan,Closed,"March 17, 2003",
ME0240,skipped (already downloaded),2,Mexico,Investment Loan,Closed,"November 2, 2005",
ME0243,skipped (already downloaded),2,Mexico,Policy-Based Financing,Closed,"October 29, 2003",
ME0244,skipped (already downloaded),1,Mexico,Investment Loan,Closed,"January 16, 2002",
ME0250,skipped (already downloaded),2,Mexico,Investment Loan,Closed,"September 29, 2004",
ME0255,skipped (already downloaded),2,Mexico,Investment Loan,Closed,"November 3, 2004",
ME0256,skipped (already downloaded),2,Mexico,Investment Loan,Closed,"June 21, 2006",
ME0259,skipped (already downloaded),2,Mexico,Policy-Based Financing,Closed,"September 21, 2005",
NI-L1001,skipped (already downloaded),2,Nicaragua,Investment Loan,Closed,"December 15, 2004",
NI-L1003,True,0,Nicaragua,Investment Loan,Closed,"December 4, 2003",
NI-L1004,skipped (already downloaded),2,Nicaragua,Investment Loan,Closed,"September 28, 2004",
NI-L1005,skipped (already downloaded),2,Nicaragua,Investment Loan,Closed,"December 14, 2005",
NI-L1006,skipped (already downloaded),2,Nicaragua,Investment Loan,Closed,"November 1, 2006",
NI-L1008,skipped (already downloaded),2,Nicaragua,Investment Loan,Closed,"November 2, 2005",
NI-L1009,skipped (already downloaded),2,Nicaragua,Investment Loan,Closed,"May 3, 2006",
NI-L1010,skipped (already downloaded),2,Nicaragua,Investment Loan,Closed,"November 23, 2009",
NI-L1011,True,2,Nicaragua,Policy-Based Financing,Closed,"September 10, 2008",
NI-L1013,skipped (already downloaded),2,Nicaragua,Investment Loan,Closed,"December 19, 2007",
NI-L1014,skipped (already downloaded),2,Nicaragua,Investment Loan,Closed,"September 19, 2007",
NI-L1015,skipped (already downloaded),2,Nicaragua,Investment Loan,Closed,"June 27, 2007",
NI-L1016,skipped (already downloaded),2,Nicaragua,Investment Loan,Closed,"November 23, 2009",
NI-L1017,skipped (already downloaded),2,Nicaragua,Investment Loan,Closed,"October 4, 2006",
NI-L1020,skipped (already downloaded),2,Nicaragua,Investment Loan,Closed,"November 19, 2008",
NI-L1021,skipped (already downloaded),2,Nicaragua,Investment Loan,Closed,"December 5, 2007",
NI-L1022,skipped (already downloaded),2,Nicaragua,Investment Loan,Closed,"December 10, 2008",
NI-L1023,True,2,Nicaragua,Policy-Based Financing,Closed,"December 2, 2009",
NI-L1029,skipped (already downloaded),1,Nicaragua,Investment Loan,Closed,"December 1, 2010",
NI-L1033,skipped (already downloaded),2,Nicaragua,Investment Loan,Closed,"October 13, 2010",
NI-L1035,skipped (already downloaded),9,Nicaragua,Investment Loan,Closed,"November 4, 2009",
NI-L1036,skipped (already downloaded),2,Nicaragua,Investment Loan,Closed,"June 30, 2009",
NI-L1039,skipped (already downloaded),2,Nicaragua,Investment Loan,Closed,"November 3, 2010",
NI-L1040,skipped (already downloaded),2,Nicaragua,Investment Loan,Closed,"July 7, 2010",
NI-L1046,skipped (already downloaded),1,Nicaragua,Investment Loan,Closed,"October 14, 2009",
NI-L1047,True,2,Nicaragua,Policy-Based Financing,Closed,"November 22, 2010",
NI-L1048,skipped (already downloaded),6,Nicaragua,Investment Loan,Closed,"September 29, 2010",
NI-L1049,skipped (already downloaded),2,Nicaragua,Investment Loan,Closed,"October 27, 2010",
NI-L1050,skipped (already downloaded),2,Nicaragua,Investment Loan,Closed,"July 25, 2011",
NI-L1051,True,2,Nicaragua,Policy-Based Financing,Closed,"October 26, 2011",
NI-L1052,skipped (already downloaded),2,Nicaragua,Investment Loan,Closed,"November 14, 2012",
NI-L1053,skipped (already downloaded),11,Nicaragua,Investment Loan,Closed,"September 7, 2011",
NI-L1054,skipped (already downloaded),3,Nicaragua,Investment Loan,Closed,"May 11, 2011",
NI-L1055,True,0,Nicaragua,Investment Loan,Closed,"September 29, 2010",
NI-L1056,skipped (already downloaded),2,Nicaragua,Investment Loan,Closed,"December 1, 2010",
NI-L1059,skipped (already downloaded),2,Nicaragua,Investment Loan,Closed,"May 23, 2012",
NI-L1063,skipped (already downloaded),2,Nicaragua,Investment Loan,Closed,"November 1, 2012",
NI-L1064,True,2,Nicaragua,Policy-Based Financing,Closed,"October 10, 2012",
NI-L1067,skipped (already downloaded),1,Nicaragua,Investment Loan,Closed,"June 14, 2012",
NI-L1068,skipped (already downloaded),3,Nicaragua,Investment Loan,Closed,"September 26, 2012",
NI-L1071,skipped (already downloaded),16,Nicaragua,Investment Loan,Closed,"September 12, 2013",
NI-L1074,True,10,Nicaragua,Policy-Based Financing,Closed,"November 13, 2013",
NI-L1079,True,8,Nicaragua,Policy-Based Financing,Closed,"May 28, 2014",
NI-L1080,skipped (already downloaded),16,Nicaragua,Investment Loan,Closed,"October 30, 2013",
NI-L1081,skipped (already downloaded),10,Nicaragua,Investment Loan,Closed,"September 18, 2013",
NI-L1082,skipped (already downloaded),7,Nicaragua,Investment Loan,Implementation,"October 29, 2014",
NI-L1083,skipped (already downloaded),50,Nicaragua,Investment Loan,Closed,"June 17, 2015",
NI-L1087,skipped (already downloaded),14,Nicaragua,Investment Loan,Closed,"November 26, 2014",
NI-L1089,True,16,Nicaragua,Policy-Based Financing,Closed,"June 24, 2015",
NI-L1090,skipped (already downloaded),17,Nicaragua,Investment Loan,Closed,"December 9, 2015",
NI-L1091,skipped (already downloaded),15,Nicaragua,Investment Loan,Closed,"December 9, 2015",
NI-L1092,skipped (already downloaded),17,Nicaragua,Investment Loan,Closed,"November 10, 2015",
NI-L1094,skipped (already downloaded),19,Nicaragua,Investment Loan,Implementation,"September 7, 2016",
NI-L1095,skipped (already downloaded),11,Nicaragua,Investment Loan,Closed,"June 23, 2016",
NI-L1096,True,8,Nicaragua,Policy-Based Financing,Closed,"March 22, 2017",
NI-L1097,skipped (already downloaded),18,Nicaragua,Investment Loan,Closed,"November 23, 2016",
NI-L1143,skipped (already downloaded),2,Nicaragua,Investment Loan,Closed,"December 1, 2017",
NI-L1144,True,12,Nicaragua,Policy-Based Financing,Closed,"September 27, 2017",
NI-L1145,skipped (already downloaded),19,Nicaragua,Investment Loan,Implementation,"November 29, 2017",
NI-L1161,True,2,Nicaragua,Investment Loan,Closed,"July 31, 2020",
NI-L1163,True,1,Nicaragua,Investment Loan,Closed,"December 11, 2020",
NI-L1164,True,1,Nicaragua,Investment Loan,Closed,"October 28, 2022",
NI0014,skipped (already downloaded),2,Nicaragua,Investment Loan,Closed,"December 10, 1997",
NI0024,skipped (already downloaded),2,Nicaragua,Investment Loan,Closed,"November 24, 1998",
NI0025,skipped (already downloaded),2,Nicaragua,Investment Loan,Closed,"January 17, 1996",
NI0027,skipped (already downloaded),2,Nicaragua,Investment Loan,Closed,"June 26, 1996",
NI0061,skipped (already downloaded),2,Nicaragua,Investment Loan,Closed,"December 17, 1997",
NI0064,skipped (already downloaded),2,Nicaragua,Investment Loan,Closed,"September 25, 2002",
NI0068,skipped (already downloaded),2,Nicaragua,Investment Loan,Closed,"October 18, 1995",
NI0069,skipped (already downloaded),2,Nicaragua,Investment Loan,Closed,"September 30, 1998",
NI0075,skipped (already downloaded),2,Nicaragua,Investment Loan,Closed,"March 8, 2000",
NI0081,skipped (already downloaded),2,Nicaragua,Investment Loan,Closed,"February 28, 2001",
NI0085,True,0,Nicaragua,Policy-Based Financing,Closed,"June 26, 1996",
NI0090,skipped (already downloaded),2,Nicaragua,Investment Loan,Closed,"May 5, 1999",
NI0092,skipped (already downloaded),2,Nicaragua,Investment Loan,Closed,"March 6, 1996",
NI0097,skipped (already downloaded),2,Nicaragua,Investment Loan,Closed,"December 8, 1999",
NI0099,skipped (already downloaded),2,Nicaragua,Investment Loan,Closed,"June 2, 1999",
NI0101,skipped (already downloaded),2,Nicaragua,Policy-Based Financing,Closed,"October 10, 2001",
NI0104,skipped (already downloaded),2,Nicaragua,Policy-Based Financing,Closed,"September 23, 1998",
NI0105,skipped (already downloaded),2,Nicaragua,Investment Loan,Closed,"November 23, 1999",
NI0107,skipped (already downloaded),2,Nicaragua,Investment Loan,Closed,"December 15, 1999",
NI0108,skipped (already downloaded),2,Nicaragua,Investment Loan,Closed,"November 8, 2000",
NI0111,skipped (already downloaded),2,Nicaragua,Investment Loan,Closed,"May 31, 2000",
NI0113,skipped (already downloaded),2,Nicaragua,Investment Loan,Closed,"December 8, 2004",
NI0134,skipped (already downloaded),2,Nicaragua,Policy-Based Financing,Closed,"September 30, 1998",
NI0136,skipped (already downloaded),2,Nicaragua,Investment Loan,Closed,"July 26, 2000",
NI0140,skipped (already downloaded),2,Nicaragua,Investment Loan,Closed,"December 14, 2000",
NI0141,skipped (already downloaded),3,Nicaragua,Investment Loan,Closed,"September 12, 2001",
NI0142,skipped (already downloaded),2,Nicaragua,Investment Loan,Closed,"July 26, 2000",
NI0143,skipped (already downloaded),2,Nicaragua,Investment Loan,Closed,"September 27, 2000",
NI0144,skipped (already downloaded),3,Nicaragua,Investment Loan,Closed,"December 13, 2000",
NI0146,skipped (already downloaded),2,Nicaragua,Investment Loan,Closed,"October 31, 2001",
NI0147,skipped (already downloaded),2,Nicaragua,Investment Loan,Closed,"June 18, 2001",
NI0153,skipped (already downloaded),2,Nicaragua,Investment Loan,Closed,"July 18, 2001",
NI0155,skipped (already downloaded),2,Nicaragua,Investment Loan,Closed,"December 9, 2009",
NI0156,skipped (already downloaded),2,Nicaragua,Investment Loan,Closed,"September 19, 2001",
NI0159,skipped (already downloaded),2,Nicaragua,Investment Loan,Closed,"September 18, 2002",
NI0160,skipped (already downloaded),2,Nicaragua,Investment Loan,Closed,"April 17, 2002",
NI0161,True,0,Nicaragua,Investment Loan,Closed,"September 4, 2002",
NI0165,skipped (already downloaded),2,Nicaragua,Investment Loan,Closed,"November 27, 2002",
NI0167,skipped (already downloaded),2,Nicaragua,Investment Loan,Closed,"February 26, 2003",
NI0168,skipped (already downloaded),1,Nicaragua,Investment Loan,Closed,"November 24, 2004",
NI0169,skipped (already downloaded),2,Nicaragua,Policy-Based Financing,Closed,"November 13, 2002",
NI0170,skipped (already downloaded),2,Nicaragua,Investment Loan,Closed,"June 30, 2004",
NI0171,skipped (already downloaded),2,Nicaragua,Investment Loan,Closed,"January 21, 2004",
NI0172,skipped (already downloaded),2,Nicaragua,Policy-Based Financing,Closed,"November 19, 2003",
NI0181,skipped (already downloaded),3,Nicaragua,Investment Loan,Closed,"June 30, 2004",
NI0182,skipped (already downloaded),2,Nicaragua,Investment Loan,Closed,"November 19, 2003",
NI0183,skipped (already downloaded),2,Nicaragua,Policy-Based Financing,Closed,"March 15, 2006",
PE-L1001,True,0,Peru,Investment Loan,Closed,"March 23, 2004",
PE-L1002,skipped (already downloaded),2,Peru,Investment Loan,Closed,"November 24, 2004",
PE-L1003,skipped (already downloaded),1,Peru,Investment Loan,Closed,"December 20, 2006",
PE-L1005,skipped (already downloaded),2,Peru,Investment Loan,Closed,"December 11, 2008",
PE-L1006,skipped (already downloaded),2,Peru,Investment Loan,Closed,"December 18, 2006",
PE-L1007,skipped (already downloaded),2,Peru,Investment Loan,Closed,"July 26, 2005",
PE-L1009,skipped (already downloaded),2,Peru,Investment Loan,Closed,"December 8, 2004",
PE-L1011,skipped (already downloaded),2,Peru,Investment Loan,Closed,"November 29, 2006",
PE-L1012,True,2,Peru,Policy-Based Financing,Closed,"December 7, 2005",
PE-L1013,skipped (already downloaded),1,Peru,Investment Loan,Closed,"December 2, 2005",
PE-L1017,True,2,Peru,Policy-Based Financing,Closed,"November 21, 2006",
PE-L1020,skipped (already downloaded),2,Peru,Investment Loan,Closed,"November 14, 2007",
PE-L1023,skipped (already downloaded),2,Peru,Investment Loan,Closed,"November 5, 2008",
PE-L1024,True,2,Peru,Policy-Based Financing,Closed,"June 27, 2007",
PE-L1025,True,2,Peru,Policy-Based Financing,Closed,"November 20, 2007",
PE-L1026,skipped (already downloaded),19,Peru,Investment Loan,Closed,"December 3, 2014",
PE-L1027,True,3,Peru,Policy-Based Financing,Closed,"December 5, 2007",
PE-L1028,skipped (already downloaded),1,Peru,Investment Loan,Closed,"May 23, 2007",
PE-L1030,skipped (already downloaded),2,Peru,Investment Loan,Cancelled,"August 31, 2007",
PE-L1031,skipped (already downloaded),13,Peru,Investment Loan,Closed,"June 15, 2011",
PE-L1040,True,2,Peru,Policy-Based Financing,Closed,"June 30, 2009",
PE-L1050,True,4,Peru,Policy-Based Financing,Closed,"November 17, 2010",
PE-L1052,True,2,Peru,Policy-Based Financing,Closed,"November 12, 2008",
PE-L1054,True,2,Peru,Policy-Based Financing,Closed,"July 13, 2011",
PE-L1055,True,2,Peru,Policy-Based Financing,Closed,"September 29, 2010",
PE-L1057,True,2,Peru,Policy-Based Financing,Closed,"October 28, 2009",
PE-L1058,skipped (already downloaded),15,Peru,Investment Loan,Closed,"August 30, 2012",
PE-L1060,skipped (already downloaded),2,Peru,Investment Loan,Closed,"November 23, 2011",
PE-L1061,True,24,Peru,Policy-Based Financing,Closed,"January 28, 2009",
PE-L1062,skipped (already downloaded),2,Peru,Investment Loan,Closed,"December 7, 2011",
PE-L1066,True,3,Peru,Policy-Based Financing,Closed,"July 7, 2009",
PE-L1068,skipped (already downloaded),2,Peru,Investment Loan,Closed,"January 12, 2012",
PE-L1069,skipped (already downloaded),2,Peru,Investment Loan,Cancelled,"October 21, 2009",
PE-L1070,skipped (already downloaded),2,Peru,Investment Loan,Closed,"July 22, 2009",
PE-L1072,True,2,Peru,Policy-Based Financing,Closed,"November 18, 2009",
PE-L1076,True,2,Peru,Policy-Based Financing,Closed,"May 26, 2010",
PE-L1077,skipped (already downloaded),2,Peru,Investment Loan,Closed,"December 11, 2009",
PE-L1078,True,2,Peru,Policy-Based Financing,Closed,"November 3, 2010",
PE-L1080,True,2,Peru,Policy-Based Financing,Closed,"November 17, 2010",
PE-L1086,True,3,Peru,Policy-Based Financing,Closed,"September 21, 2010",
PE-L1087,skipped (already downloaded),3,Peru,Investment Loan,Closed,"November 3, 2010",
PE-L1088,skipped (already downloaded),2,Peru,Investment Loan,Closed,"March 4, 2010",
PE-L1091,True,2,Peru,Policy-Based Financing,Closed,"November 3, 2010",
PE-L1092,skipped (already downloaded),2,Peru,Investment Loan,Closed,"July 24, 2012",
PE-L1097,True,7,Peru,Policy-Based Financing,Closed,"June 8, 2011",
PE-L1098,True,7,Peru,Policy-Based Financing,Closed,"November 20, 2012",
PE-L1099,True,16,Peru,Policy-Based Financing,Closed,"October 22, 2014",
PE-L1100,skipped (already downloaded),2,Peru,Investment Loan,Closed,"September 8, 2010",
PE-L1101,skipped (already downloaded),14,Peru,Investment Loan,Closed,"February 22, 2012",
PE-L1104,True,3,Peru,Policy-Based Financing,Closed,"July 25, 2011",
PE-L1105,True,2,Peru,Policy-Based Financing,Closed,"September 19, 2012",
PE-L1106,skipped (already downloaded),11,Peru,Investment Loan,Closed,"September 24, 2013",
PE-L1107,True,2,Peru,Policy-Based Financing,Closed,"October 26, 2011",
PE-L1108,True,9,Peru,Policy-Based Financing,Closed,"November 16, 2011",
PE-L1121,True,2,Peru,Policy-Based Financing,Closed,"November 20, 2012",
PE-L1122,skipped (already downloaded),21,Peru,Investment Loan,Closed,"September 3, 2014",
PE-L1125,skipped (already downloaded),22,Peru,Investment Loan,Closed,"November 27, 2013",
PE-L1126,True,22,Peru,Policy-Based Financing,Closed,"September 12, 2013",
PE-L1127,True,10,Peru,Policy-Based Financing,Closed,"September 18, 2013",
PE-L1129,True,5,Peru,Policy-Based Financing,Closed,"July 24, 2013",
PE-L1130,skipped (already downloaded),9,Peru,Investment Loan,Closed,"June 25, 2014",
PE-L1132,skipped (already downloaded),18,Peru,Investment Loan,Closed,"September 4, 2013",
PE-L1135,skipped (already downloaded),14,Peru,Investment Loan,Closed,"November 18, 2015",
PE-L1138,True,10,Peru,Policy-Based Financing,Closed,"July 3, 2014",
PE-L1140,True,17,Peru,Policy-Based Financing,Closed,"October 15, 2014",
PE-L1147,skipped (already downloaded),18,Peru,Investment Loan,Closed,"December 3, 2014",
PE-L1151,skipped (already downloaded),14,Peru,Investment Loan,Closed,"December 14, 2016",
PE-L1152,skipped (already downloaded),9,Peru,Investment Loan,Closed,"September 30, 2015",
PE-L1153,skipped (already downloaded),10,Peru,Investment Loan,Closed,"September 14, 2017",
PE-L1154,True,12,Peru,Policy-Based Financing,Closed,"April 22, 2015",
PE-L1159,skipped (already downloaded),8,Peru,Investment Loan,Closed,"September 30, 2015",
PE-L1162,skipped (already downloaded),14,Peru,Investment Loan,Closed,"June 30, 2016",
PE-L1169,True,9,Peru,Policy-Based Financing,Closed,"November 18, 2015",
PE-L1171,skipped (already downloaded),2,Peru,Investment Loan,Closed,"September 21, 2017",
PE-L1222,skipped (already downloaded),3,Peru,Investment Loan,Closed,"November 22, 2017",
PE-L1223,True,6,Peru,Policy-Based Financing,Closed,"December 12, 2018",
PE-L1224,skipped (already downloaded),14,Peru,Investment Loan,Implementation,"September 27, 2019",
PE-L1226,skipped (already downloaded),19,Peru,Investment Loan,Closed,"December 11, 2017",
PE-L1227,skipped (already downloaded),12,Peru,Investment Loan,Closed,"July 10, 2018",
PE-L1228,skipped (already downloaded),10,Peru,Investment Loan,Implementation,"December 14, 2018",
PE-L1229,skipped (already downloaded),16,Peru,Investment Loan,Closed,"December 15, 2017",
PE-L1230,skipped (already downloaded),9,Peru,Investment Loan,Implementation,"December 18, 2019",
PE-L1231,skipped (already downloaded),10,Peru,Investment Loan,Implementation,"December 6, 2017",
PE-L1232,skipped (already downloaded),21,Peru,Investment Loan,Implementation,"September 19, 2018",
PE-L1238,skipped (already downloaded),2,Peru,Investment Loan,Implementation,"December 11, 2019",
PE-L1239,skipped (already downloaded),8,Peru,Investment Loan,Implementation,"December 14, 2018",
PE-L1240,skipped (already downloaded),19,Peru,Investment Loan,Implementation,"December 14, 2018",
PE-L1244,True,2,Peru,Policy-Based Financing,Closed,"December 18, 2019",
PE-L1246,skipped (already downloaded),2,Peru,Investment Loan,Closed,"November 6, 2019",
PE-L1247,skipped (already downloaded),5,Peru,Investment Loan,Cancelled,"July 10, 2019",
PE-L1250,True,2,Peru,Investment Loan,Implementation,"December 5, 2022",
PE-L1252,True,3,Peru,Investment Loan,Implementation,"April 7, 2021",
PE-L1254,True,2,Peru,Investment Loan,Cancelled,"April 7, 2021",
PE-L1256,True,2,Peru,Investment Loan,Implementation,"January 11, 2023",
PE-L1258,True,2,Peru,Investment Loan,Implementation,"October 1, 2021",
PE-L1259,True,2,Peru,Investment Loan,Implementation,"January 19, 2022",
PE-L1261,True,2,Peru,Policy-Based Financing,Closed,"December 16, 2020",
PE-L1262,True,2,Peru,Policy-Based Financing,Closed,"May 12, 2021",
PE-L1263,True,4,Peru,Investment Loan,Implementation,"June 16, 2021",
PE-L1266,True,2,Peru,Investment Loan,Implementation,"July 14, 2021",
PE-L1267,True,2,Peru,Policy-Based Financing,Closed,"October 27, 2021",
PE-L1268,True,2,Peru,Investment Loan,Implementation,"December 16, 2022",
PE-L1269,True,2,Peru,Investment Loan,Implementation,"October 26, 2022",
PE-L1270,True,2,Peru,Investment Loan,Implementation,"September 4, 2024",
PE-L1272,True,2,Peru,Investment Loan,Implementation,"September 28, 2022",
PE-L1276,True,2,Peru,Policy-Based Financing,Closed,"December 14, 2022",
PE-L1278,True,2,Peru,Investment Loan,Implementation,"April 10, 2024",
PE-L1279,True,2,Peru,Investment Loan,Implementation,"November 1, 2023",
PE-L1280,True,2,Peru,Investment Loan,Implementation,"October 31, 2024",
PE-L1281,True,2,Peru,Investment Loan,Implementation,"December 4, 2023",
PE-L1283,True,2,Peru,Policy-Based Financing,Closed,"September 20, 2023",
PE-L1284,True,2,Peru,Investment Loan,Implementation,"July 25, 2025",
PE-L1285,True,2,Peru,Investment Loan,Implementation,"December 13, 2023",
PE-L1286,True,2,Peru,Investment Loan,Implementation,"December 6, 2024",
PE-L1288,True,3,Peru,Policy-Based Financing,Implementation,"June 26, 2024",
PE-L1290,True,2,Peru,Investment Loan,Implementation,"October 31, 2024",
PE-L1292,True,2,Peru,Investment Loan,Implementation,"December 10, 2025",
PE-L1293,True,2,Peru,Investment Loan,Implementation,"December 5, 2024",
PE-L1294,True,2,Peru,Investment Loan,Implementation,"March 6, 2026",
PE-L1297,True,2,Peru,Investment Loan,Implementation,"December 5, 2025",
PE-L1298,True,2,Peru,Investment Loan,Implementation,"October 22, 2025",
PE-L1299,True,2,Peru,Investment Loan,Implementation,"October 31, 2025",
PE-L1302,True,2,Peru,Investment Loan,Implementation,"September 17, 2025",
PE-L1303,True,1,Peru,Policy-Based Financing,Closed,"September 24, 2025",
PE-L1304,True,2,Peru,Investment Loan,Implementation,"February 25, 2026",
PE-L1305,True,2,Peru,Investment Loan,Implementation,"December 10, 2025",
PE0035,skipped (already downloaded),2,Peru,Investment Loan,Closed,"October 18, 1995",
PE0037,skipped (already downloaded),2,Peru,Investment Loan,Closed,"December 13, 1995",
PE0097,True,0,Peru,Policy-Based Financing,Closed,"December 18, 1996",
PE0101,skipped (already downloaded),2,Peru,Investment Loan,Closed,"June 19, 1996",
PE0103,skipped (already downloaded),2,Peru,Policy-Based Financing,Closed,"November 13, 1996",
PE0107,skipped (already downloaded),2,Peru,Investment Loan,Closed,"August 29, 2001",
PE0116,skipped (already downloaded),2,Peru,Investment Loan,Closed,"October 16, 1996",
PE0126,skipped (already downloaded),2,Peru,Investment Loan,Closed,"November 25, 1997",
PE0136,skipped (already downloaded),2,Peru,Investment Loan,Closed,"November 15, 1995",
PE0140,skipped (already downloaded),2,Peru,Investment Loan,Closed,"July 18, 2001",
PE0143,skipped (already downloaded),2,Peru,Investment Loan,Closed,"July 16, 1997",
PE0146,skipped (already downloaded),2,Peru,Investment Loan,Closed,"October 13, 1999",
PE0167,skipped (already downloaded),2,Peru,Investment Loan,Closed,"November 18, 1998",
PE0170,skipped (already downloaded),2,Peru,Investment Loan,Closed,"January 19, 2000",
PE0187,skipped (already downloaded),4,Peru,Investment Loan,Closed,"November 19, 2003",
PE0188,skipped (already downloaded),2,Peru,Investment Loan,Closed,"November 19, 1997",
PE0189,skipped (already downloaded),2,Peru,Investment Loan,Closed,"September 30, 1998",
PE0191,skipped (already downloaded),2,Peru,Investment Loan,Closed,"November 4, 1998",
PE0193,skipped (already downloaded),2,Peru,Investment Loan,Closed,"September 11, 2002",
PE0197,skipped (already downloaded),1,Peru,Investment Loan,Closed,"December 2, 1998",
PE0201,skipped (already downloaded),2,Peru,Policy-Based Financing,Closed,"January 12, 2000",
PE0203,skipped (already downloaded),2,Peru,Investment Loan,Closed,"October 5, 2005",
PE0211,skipped (already downloaded),2,Peru,Policy-Based Financing,Closed,"June 26, 2002",
PE0212,skipped (already downloaded),2,Peru,Policy-Based Financing,Closed,"May 30, 2001",
PE0215,skipped (already downloaded),2,Peru,Investment Loan,Closed,"July 20, 2001",
PE0217,skipped (already downloaded),2,Peru,Investment Loan,Closed,"November 27, 2002",
PE0218,skipped (already downloaded),2,Peru,Investment Loan,Closed,"May 21, 2003",
PE0219,skipped (already downloaded),1,Peru,Investment Loan,Closed,"December 9, 2002",
PE0220,skipped (already downloaded),2,Peru,Investment Loan,Closed,"April 23, 2003",
PE0223,skipped (already downloaded),2,Peru,Investment Loan,Closed,"October 22, 2003",
PE0233,skipped (already downloaded),2,Peru,Investment Loan,Closed,"December 4, 2002",
PE0234,skipped (already downloaded),3,Peru,Investment Loan,Closed,"November 10, 2004",
PE0236,skipped (already downloaded),2,Peru,Investment Loan,Closed,"September 21, 2005",
PE0239,skipped (already downloaded),2,Peru,Policy-Based Financing,Closed,"November 26, 2003",
PE0241,skipped (already downloaded),2,Peru,Investment Loan,Closed,"February 18, 2004",
PE0247,skipped (already downloaded),2,Peru,Policy-Based Financing,Closed,"December 8, 2004",
PN-L1001,skipped (already downloaded),1,Panama,Investment Loan,Closed,"July 5, 2005",
PN-L1002,skipped (already downloaded),2,Panama,Investment Loan,Closed,"December 2, 2008",
PN-L1003,skipped (already downloaded),4,Panama,Investment Loan,Closed,"July 26, 2006",
PN-L1004,skipped (already downloaded),2,Panama,Investment Loan,Closed,"June 9, 2005",
PN-L1005,skipped (already downloaded),2,Panama,Investment Loan,Closed,"August 9, 2006",
PN-L1007,skipped (already downloaded),2,Panama,Investment Loan,Closed,"June 6, 2007",
PN-L1009,True,0,Panama,Investment Loan,Closed,"July 5, 2006",
PN-L1010,True,0,Panama,Investment Loan,Closed,"October 4, 2006",
PN-L1012,skipped (already downloaded),2,Panama,Investment Loan,Closed,"April 30, 2008",
PN-L1013,skipped (already downloaded),4,Panama,Investment Loan,Closed,"November 7, 2007",
PN-L1014,skipped (already downloaded),2,Panama,Investment Loan,Closed,"December 12, 2007",
PN-L1016,skipped (already downloaded),2,Panama,Investment Loan,Closed,"December 19, 2007",
PN-L1017,skipped (already downloaded),2,Panama,Investment Loan,Closed,"June 27, 2007",
PN-L1018,skipped (already downloaded),2,Panama,Investment Loan,Closed,"August 1, 2007",
PN-L1019,skipped (already downloaded),2,Panama,Investment Loan,Closed,"October 8, 2008",
PN-L1031,skipped (already downloaded),2,Panama,Investment Loan,Closed,"October 8, 2008",
PN-L1033,True,2,Panama,Policy-Based Financing,Closed,"March 18, 2009",
PN-L1042,skipped (already downloaded),2,Panama,Investment Loan,Closed,"September 1, 2010",
PN-L1047,skipped (already downloaded),2,Panama,Investment Loan,Closed,"November 22, 2010",
PN-L1048,False,0,Panama,Emergency Lending,Cancelled,"April 15, 2009",
PN-L1053,skipped (already downloaded),2,Panama,Investment Loan,Closed,"November 30, 2009",
PN-L1064,skipped (already downloaded),2,Panama,Investment Loan,Closed,"November 22, 2010",
PN-L1066,skipped (already downloaded),23,Panama,Investment Loan,Closed,"September 7, 2011",
PN-L1067,True,2,Panama,Policy-Based Financing,Closed,"December 1, 2010",
PN-L1068,skipped (already downloaded),3,Panama,Investment Loan,Closed,"August 31, 2011",
PN-L1070,True,2,Panama,Policy-Based Financing,Closed,"October 3, 2011",
PN-L1071,skipped (already downloaded),1,Panama,Investment Loan,Closed,"April 11, 2011",
PN-L1072,skipped (already downloaded),2,Panama,Investment Loan,Closed,"June 6, 2012",
PN-L1074,True,2,Panama,Policy-Based Financing,Closed,"May 30, 2012",
PN-L1089,True,9,Panama,Policy-Based Financing,Closed,"June 5, 2013",
PN-L1093,skipped (already downloaded),13,Panama,Investment Loan,Closed,"October 2, 2013",
PN-L1095,skipped (already downloaded),10,Panama,Investment Loan,Closed,"April 16, 2014",
PN-L1100,True,7,Panama,Policy-Based Financing,Closed,"February 5, 2014",
PN-L1103,True,7,Panama,Policy-Based Financing,Closed,"June 17, 2015",
PN-L1105,skipped (already downloaded),19,Panama,Investment Loan,Closed,"August 5, 2015",
PN-L1107,skipped (already downloaded),38,Panama,Investment Loan,Implementation,"April 25, 2018",
PN-L1109,skipped (already downloaded),13,Panama,Investment Loan,Implementation,"July 29, 2015",
PN-L1110,True,21,Panama,Policy-Based Financing,Closed,"June 17, 2015",
PN-L1114,skipped (already downloaded),17,Panama,Investment Loan,Closed,"May 25, 2016",
PN-L1115,skipped (already downloaded),19,Panama,Investment Loan,Closed,"December 11, 2015",
PN-L1117,skipped (already downloaded),12,Panama,Investment Loan,Closed,"June 8, 2016",
PN-L1118,True,8,Panama,Policy-Based Financing,Closed,"September 1, 2016",
PN-L1119,True,31,Panama,Policy-Based Financing,Closed,"May 11, 2016",
PN-L1121,skipped (already downloaded),19,Panama,Investment Loan,Implementation,"November 16, 2016",
PN-L1143,skipped (already downloaded),18,Panama,Investment Loan,Implementation,"November 1, 2017",
PN-L1145,True,12,Panama,Policy-Based Financing,Closed,"July 26, 2017",
PN-L1146,skipped (already downloaded),20,Panama,Investment Loan,Implementation,"December 13, 2017",
PN-L1147,skipped (already downloaded),14,Panama,Investment Loan,Closed,"July 18, 2018",
PN-L1148,skipped (already downloaded),19,Panama,Investment Loan,Implementation,"December 8, 2017",
PN-L1149,True,2,Panama,Policy-Based Financing,Closed,"November 13, 2019",
PN-L1150,skipped (already downloaded),19,Panama,Investment Loan,Implementation,"December 6, 2018",
PN-L1151,True,19,Panama,Policy-Based Financing,Closed,"July 18, 2018",
PN-L1152,True,7,Panama,Policy-Based Financing,Closed,"August 29, 2018",
PN-L1153,skipped (already downloaded),17,Panama,Investment Loan,Implementation,"November 26, 2018",
PN-L1154,skipped (already downloaded),2,Panama,Investment Loan,Implementation,"December 11, 2019",
PN-L1155,skipped (already downloaded),17,Panama,Investment Loan,Implementation,"May 24, 2019",
PN-L1156,True,4,Panama,Policy-Based Financing,Closed,"May 1, 2019",
PN-L1157,skipped (already downloaded),2,Panama,Investment Loan,Cancelled,"May 17, 2019",
PN-L1159,True,2,Panama,Policy-Based Financing,Closed,"December 9, 2020",
PN-L1160,True,2,Panama,Investment Loan,Implementation,"September 30, 2020",
PN-L1161,True,2,Panama,Investment Loan,Implementation,"September 30, 2020",
PN-L1162,True,3,Panama,Policy-Based Financing,Closed,"November 10, 2021",
PN-L1163,False,0,Panama,Special Development Lending,Closed,"June 19, 2020",
PN-L1164,True,10,Panama,Investment Loan,Closed,"June 1, 2020",
PN-L1165,True,2,Panama,Investment Loan,Closed,"April 14, 2021",
PN-L1166,True,24,Panama,Investment Loan,Implementation,"July 28, 2021",
PN-L1167,True,2,Panama,Policy-Based Financing,Closed,"August 4, 2021",
PN-L1170,True,2,Panama,Investment Loan,Closed,"July 14, 2021",
PN-L1171,True,2,Panama,Investment Loan,Implementation,"March 9, 2022",
PN-L1172,True,2,Panama,Investment Loan,Implementation,"May 18, 2022",
PN-L1174,True,2,Panama,Investment Loan,Implementation,"September 27, 2023",
PN-L1175,True,2,Panama,Policy-Based Financing,Closed,"October 5, 2022",
PN-L1177,True,2,Panama,Investment Loan,Implementation,"January 11, 2023",
PN-L1178,True,2,Panama,Policy-Based Financing,Closed,"November 6, 2024",
PN-L1179,True,2,Panama,Investment Loan,Implementation,"October 26, 2022",
PN-L1180,True,2,Panama,Investment Loan,Implementation,"September 27, 2023",
PN-L1181,True,2,Panama,Policy-Based Financing,Closed,"June 21, 2023",
PN-L1183,True,2,Panama,Investment Loan,Implementation,"November 1, 2023",
PN-L1185,True,2,Panama,Investment Loan,Implementation,"December 10, 2024",
PN-L1193,True,2,Panama,Policy-Based Financing,Closed,"October 22, 2025",
PN-L1195,True,2,Panama,Investment Loan,Implementation,"July 22, 2026",
PN0032,skipped (already downloaded),2,Panama,Investment Loan,Closed,"March 18, 1996",
PN0056,True,0,Panama,Policy-Based Financing,Closed,"December 10, 1997",
PN0061,skipped (already downloaded),1,Panama,Investment Loan,Closed,"July 29, 1998",
PN0062,True,0,Panama,Investment Loan,Closed,"March 1, 2006",
PN0069,skipped (already downloaded),2,Panama,Investment Loan,Closed,"June 11, 1997",
PN0076,skipped (already downloaded),2,Panama,Investment Loan,Closed,"September 26, 2001",
PN0082,skipped (already downloaded),1,Panama,Investment Loan,Closed,"September 18, 1996",
PN0086,skipped (already downloaded),2,Panama,Investment Loan,Closed,"March 25, 1998",
PN0089,skipped (already downloaded),2,Panama,Investment Loan,Closed,"April 16, 1997",
PN0097,skipped (already downloaded),2,Panama,Policy-Based Financing,Closed,"November 20, 1996",
PN0098,skipped (already downloaded),2,Panama,Policy-Based Financing,Closed,"December 13, 1995",
PN0109,skipped (already downloaded),2,Panama,Investment Loan,Closed,"June 24, 1998",
PN0111,skipped (already downloaded),2,Panama,Investment Loan,Closed,"November 23, 1999",
PN0116,skipped (already downloaded),2,Panama,Investment Loan,Closed,"December 16, 1998",
PN0117,skipped (already downloaded),2,Panama,Investment Loan,Closed,"July 29, 1998",
PN0122,skipped (already downloaded),3,Panama,Investment Loan,Closed,"November 17, 1999",
PN0125,skipped (already downloaded),2,Panama,Investment Loan,Closed,"May 29, 2002",
PN0134,skipped (already downloaded),2,Panama,Investment Loan,Closed,"October 26, 2000",
PN0139,skipped (already downloaded),2,Panama,Investment Loan,Closed,"February 2, 2005",
PN0143,skipped (already downloaded),2,Panama,Investment Loan,Closed,"December 17, 2003",
PN0144,skipped (already downloaded),2,Panama,Investment Loan,Closed,"September 19, 2003",
PN0145,skipped (already downloaded),2,Panama,Investment Loan,Closed,"June 19, 2002",
PN0147,skipped (already downloaded),2,Panama,Investment Loan,Closed,"November 13, 2002",
PN0148,skipped (already downloaded),2,Panama,Investment Loan,Closed,"October 9, 2002",
PN0149,skipped (already downloaded),2,Panama,Investment Loan,Closed,"December 4, 2002",
PN0150,skipped (already downloaded),2,Panama,Investment Loan,Closed,"October 11, 2006",
PN0152,skipped (already downloaded),1,Panama,Investment Loan,Closed,"March 28, 2006",
PN0157,True,0,Panama,Investment Loan,Closed,"June 27, 2007",
PN0158,skipped (already downloaded),2,Panama,Investment Loan,Closed,"May 22, 2008",
PN0159,skipped (already downloaded),2,Panama,Investment Loan,Closed,"July 23, 2003",
PN0160,skipped (already downloaded),2,Panama,Policy-Based Financing,Closed,"March 15, 2006",
PR-L1001,skipped (already downloaded),2,Paraguay,Investment Loan,Closed,"November 8, 2006",
PR-L1002,True,0,Paraguay,Investment Loan,Closed,"October 10, 2003",
PR-L1007,skipped (already downloaded),4,Paraguay,Investment Loan,Closed,"December 13, 2006",
PR-L1008,skipped (already downloaded),2,Paraguay,Investment Loan,Closed,"August 30, 2006",
PR-L1010,skipped (already downloaded),2,Paraguay,Investment Loan,Closed,"December 20, 2006",
PR-L1011,skipped (already downloaded),2,Paraguay,Investment Loan,Closed,"December 5, 2006",
PR-L1012,True,2,Paraguay,Policy-Based Financing,Closed,"November 9, 2005",
PR-L1013,True,0,Paraguay,Investment Loan,Closed,"July 26, 2006",
PR-L1014,True,0,Paraguay,Investment Loan,Closed,"November 22, 2005",
PR-L1015,True,0,Paraguay,Investment Loan,Cancelled,"August 12, 2005",
PR-L1016,True,0,Paraguay,Investment Loan,Closed,"October 14, 2005",
PR-L1017,skipped (already downloaded),3,Paraguay,Investment Loan,Closed,"July 11, 2007",
PR-L1018,skipped (already downloaded),2,Paraguay,Investment Loan,Closed,"November 14, 2007",
PR-L1019,skipped (already downloaded),2,Paraguay,Investment Loan,Closed,"July 15, 2009",
PR-L1020,True,0,Paraguay,Investment Loan,Closed,"April 5, 2006",
PR-L1021,skipped (already downloaded),2,Paraguay,Investment Loan,Closed,"November 20, 2007",
PR-L1022,skipped (already downloaded),2,Paraguay,Investment Loan,Closed,"November 4, 2009",
PR-L1024,skipped (already downloaded),2,Paraguay,Investment Loan,Closed,"March 26, 2008",
PR-L1026,skipped (already downloaded),2,Paraguay,Investment Loan,Cancelled,"September 24, 2008",
PR-L1027,skipped (already downloaded),2,Paraguay,Investment Loan,Closed,"September 10, 2008",
PR-L1028,skipped (already downloaded),1,Paraguay,Investment Loan,Closed,"July 6, 2007",
PR-L1029,skipped (already downloaded),19,Paraguay,Investment Loan,Closed,"December 15, 2014",
PR-L1030,skipped (already downloaded),2,Paraguay,Investment Loan,Cancelled,"June 4, 2008",
PR-L1032,skipped (already downloaded),2,Paraguay,Investment Loan,Closed,"June 22, 2009",
PR-L1035,skipped (already downloaded),1,Paraguay,Investment Loan,Closed,"March 7, 2008",
PR-L1036,True,0,Paraguay,Investment Loan,Closed,"May 22, 2008",
PR-L1037,skipped (already downloaded),1,Paraguay,Investment Loan,Cancelled,"June 16, 2008",
PR-L1043,True,2,Paraguay,Policy-Based Financing,Closed,"June 4, 2009",
PR-L1044,skipped (already downloaded),9,Paraguay,Investment Loan,Closed,"September 29, 2010",
PR-L1046,skipped (already downloaded),1,Paraguay,Investment Loan,Closed,"November 12, 2009",
PR-L1047,True,18,Paraguay,Policy-Based Financing,Closed,"May 23, 2012",
PR-L1048,True,0,Paraguay,Investment Loan,Closed,"October 14, 2011",
PR-L1049,skipped (already downloaded),4,Paraguay,Investment Loan,Closed,"July 13, 2011",
PR-L1050,skipped (already downloaded),2,Paraguay,Investment Loan,Closed,"November 17, 2010",
PR-L1051,skipped (already downloaded),4,Paraguay,Investment Loan,Closed,"January 1, 2012",
PR-L1052,True,0,Paraguay,Investment Loan,Cancelled,"July 30, 2009",
PR-L1055,skipped (already downloaded),1,Paraguay,Investment Loan,Closed,"January 4, 2010",
PR-L1056,True,0,Paraguay,Investment Loan,Closed,"April 16, 2010",
PR-L1058,skipped (already downloaded),2,Paraguay,Investment Loan,Closed,"December 12, 2012",
PR-L1060,skipped (already downloaded),2,Paraguay,Investment Loan,Closed,"October 3, 2011",
PR-L1061,skipped (already downloaded),2,Paraguay,Investment Loan,Cancelled,"December 13, 2011",
PR-L1062,skipped (already downloaded),2,Paraguay,Investment Loan,Closed,"November 17, 2011",
PR-L1066,True,0,Paraguay,Investment Loan,Closed,"December 7, 2011",
PR-L1069,skipped (already downloaded),1,Paraguay,Investment Loan,Closed,"December 16, 2013",
PR-L1070,skipped (already downloaded),13,Paraguay,Investment Loan,Closed,"December 2, 2015",
PR-L1075,skipped (already downloaded),1,Paraguay,Investment Loan,Closed,"May 15, 2013",
PR-L1077,skipped (already downloaded),24,Paraguay,Investment Loan,Closed,"November 26, 2014",
PR-L1080,skipped (already downloaded),16,Paraguay,Investment Loan,Closed,"December 3, 2014",
PR-L1081,skipped (already downloaded),2,Paraguay,Investment Loan,Closed,"November 26, 2014",
PR-L1082,skipped (already downloaded),13,Paraguay,Investment Loan,Closed,"September 21, 2015",
PR-L1084,skipped (already downloaded),26,Paraguay,Investment Loan,Closed,"November 26, 2014",
PR-L1086,skipped (already downloaded),11,Paraguay,Investment Loan,Closed,"June 24, 2015",
PR-L1092,skipped (already downloaded),28,Paraguay,Investment Loan,Implementation,"December 7, 2015",
PR-L1094,skipped (already downloaded),22,Paraguay,Investment Loan,Implementation,"December 2, 2015",
PR-L1095,skipped (already downloaded),13,Paraguay,Investment Loan,Closed,"December 11, 2015",
PR-L1097,skipped (already downloaded),14,Paraguay,Investment Loan,Closed,"February 25, 2016",
PR-L1101,True,9,Paraguay,Policy-Based Financing,Closed,"December 16, 2015",
PR-L1105,skipped (already downloaded),21,Paraguay,Investment Loan,Implementation,"December 5, 2016",
PR-L1139,skipped (already downloaded),14,Paraguay,Investment Loan,Implementation,"December 12, 2016",
PR-L1140,skipped (already downloaded),5,Paraguay,Investment Loan,Closed,"December 7, 2016",
PR-L1144,True,6,Paraguay,Policy-Based Financing,Closed,"November 22, 2017",
PR-L1145,skipped (already downloaded),20,Paraguay,Investment Loan,Implementation,"November 22, 2017",
PR-L1146,skipped (already downloaded),10,Paraguay,Investment Loan,Implementation,"July 26, 2018",
PR-L1147,skipped (already downloaded),12,Paraguay,Investment Loan,Implementation,"December 1, 2017",
PR-L1148,skipped (already downloaded),12,Paraguay,Investment Loan,Implementation,"May 9, 2018",
PR-L1150,skipped (already downloaded),6,Paraguay,Investment Loan,Implementation,"November 14, 2018",
PR-L1151,True,6,Paraguay,Policy-Based Financing,Closed,"November 14, 2018",
PR-L1152,skipped (already downloaded),2,Paraguay,Investment Loan,Implementation,"December 6, 2018",
PR-L1153,skipped (already downloaded),16,Paraguay,Investment Loan,Implementation,"November 1, 2018",
PR-L1155,skipped (already downloaded),4,Paraguay,Investment Loan,Cancelled,"October 31, 2018",
PR-L1156,skipped (already downloaded),19,Paraguay,Investment Loan,Implementation,"November 28, 2018",
PR-L1157,skipped (already downloaded),2,Paraguay,Investment Loan,Implementation,"November 6, 2019",
PR-L1158,skipped (already downloaded),9,Paraguay,Investment Loan,Cancelled,"November 8, 2019",
PR-L1159,True,2,Paraguay,Investment Loan,Cancelled,"November 25, 2020",
PR-L1161,True,10,Paraguay,Policy-Based Financing,Closed,"September 20, 2019",
PR-L1162,skipped (already downloaded),13,Paraguay,Investment Loan,Implementation,"December 4, 2019",
PR-L1163,True,5,Paraguay,Policy-Based Financing,Closed,"March 5, 2020",
PR-L1164,skipped (already downloaded),3,Paraguay,Investment Loan,Implementation,"November 27, 2019",
PR-L1165,True,2,Paraguay,Investment Loan,Cancelled,"October 16, 2020",
PR-L1167,skipped (already downloaded),2,Paraguay,Investment Loan,Implementation,"September 25, 2019",
PR-L1170,skipped (already downloaded),13,Paraguay,Investment Loan,Implementation,"October 25, 2019",
PR-L1172,True,16,Paraguay,Investment Loan,Implementation,"May 15, 2020",
PR-L1173,True,2,Paraguay,Investment Loan,Implementation,"May 6, 2020",
PR-L1174,True,15,Paraguay,Investment Loan,Implementation,"September 9, 2020",
PR-L1175,True,2,Paraguay,Policy-Based Financing,Closed,"May 15, 2020",
PR-L1176,True,2,Paraguay,Investment Loan,Implementation,"February 17, 2021",
PR-L1177,True,2,Paraguay,Policy-Based Financing,Closed,"February 9, 2022",
PR-L1179,True,2,Paraguay,Policy-Based Financing,Closed,"June 6, 2022",
PR-L1180,True,2,Paraguay,Policy-Based Financing,Closed,"March 31, 2021",
PR-L1182,True,2,Paraguay,Investment Loan,Implementation,"December 1, 2025",
PR-L1183,True,2,Paraguay,Investment Loan,Implementation,"March 9, 2022",
PR-L1185,True,2,Paraguay,Policy-Based Financing,Closed,"March 29, 2023",
PR-L1188,True,2,Paraguay,Policy-Based Financing,Closed,"January 24, 2024",
PR-L1190,True,2,Paraguay,Investment Loan,Implementation,"December 6, 2023",
PR-L1192,True,2,Paraguay,Investment Loan,Implementation,"November 1, 2024",
PR-L1193,True,2,Paraguay,Investment Loan,Implementation,"November 27, 2024",
PR-L1196,True,2,Paraguay,Investment Loan,Implementation,"July 2, 2025",
PR-L1200,True,2,Paraguay,Investment Loan,Implementation,"February 11, 2026",
PR-L1204,True,3,Paraguay,Investment Loan,Implementation,"November 21, 2025",
PR-L1205,True,2,Paraguay,Investment Loan,Implementation,"March 4, 2026",
PR-L1207,True,2,Paraguay,Investment Loan,Implementation,"December 8, 2025",
PR0028,skipped (already downloaded),2,Paraguay,Investment Loan,Closed,"April 30, 1997",
PR0030,skipped (already downloaded),2,Paraguay,Investment Loan,Closed,"February 28, 1996",
PR0035,skipped (already downloaded),2,Paraguay,Investment Loan,Closed,"June 26, 1996",
PR0038,skipped (already downloaded),2,Paraguay,Investment Loan,Closed,"December 21, 1994",
PR0064,skipped (already downloaded),2,Paraguay,Investment Loan,Closed,"March 15, 1995",
PR0075,skipped (already downloaded),2,Paraguay,Investment Loan,Closed,"May 22, 1996",
PR0081,skipped (already downloaded),2,Paraguay,Investment Loan,Closed,"June 26, 1996",
PR0082,skipped (already downloaded),2,Paraguay,Investment Loan,Closed,"June 24, 1998",
PR0084,skipped (already downloaded),2,Paraguay,Investment Loan,Closed,"July 5, 2000",
PR0093,skipped (already downloaded),2,Paraguay,Investment Loan,Closed,"November 18, 1998",
PR0094,skipped (already downloaded),2,Paraguay,Investment Loan,Closed,"June 25, 1997",
PR0100,skipped (already downloaded),2,Paraguay,Investment Loan,Closed,"September 19, 2001",
PR0104,skipped (already downloaded),2,Paraguay,Investment Loan,Closed,"December 8, 1999",
PR0112,skipped (already downloaded),2,Paraguay,Investment Loan,Closed,"August 5, 1998",
PR0113,skipped (already downloaded),2,Paraguay,Investment Loan,Closed,"November 15, 2000",
PR0115,skipped (already downloaded),2,Paraguay,Investment Loan,Closed,"July 5, 2000",
PR0116,skipped (already downloaded),2,Paraguay,Investment Loan,Closed,"December 20, 2000",
PR0117,skipped (already downloaded),2,Paraguay,Investment Loan,Closed,"July 5, 2000",
PR0118,skipped (already downloaded),2,Paraguay,Investment Loan,Closed,"February 28, 2001",
PR0124,skipped (already downloaded),2,Paraguay,Investment Loan,Closed,"July 2, 2003",
PR0125,skipped (already downloaded),2,Paraguay,Investment Loan,Closed,"September 11, 2002",
PR0126,True,0,Paraguay,Investment Loan,Closed,"December 7, 2005",
PR0132,skipped (already downloaded),2,Paraguay,Investment Loan,Closed,"January 8, 2003",
PR0146,skipped (already downloaded),2,Paraguay,Investment Loan,Closed,"March 22, 2006",
SU-L1002,skipped (already downloaded),2,Suriname,Investment Loan,Closed,"December 21, 2005",
SU-L1006,skipped (already downloaded),2,Suriname,Investment Loan,Closed,"November 25, 2008",
SU-L1009,skipped (already downloaded),9,Suriname,Investment Loan,Closed,"November 6, 2013",
SU-L1011,skipped (already downloaded),2,Suriname,Investment Loan,Closed,"December 10, 2008",
SU-L1013,skipped (already downloaded),3,Suriname,Investment Loan,Closed,"November 30, 2011",
SU-L1015,skipped (already downloaded),2,Suriname,Investment Loan,Closed,"December 7, 2009",
SU-L1018,skipped (already downloaded),1,Suriname,Investment Loan,Closed,"November 8, 2010",
SU-L1019,skipped (already downloaded),5,Suriname,Investment Loan,Closed,"June 21, 2012",
SU-L1020,skipped (already downloaded),21,Suriname,Investment Loan,Implementation,"June 19, 2017",
SU-L1021,skipped (already downloaded),3,Suriname,Investment Loan,Closed,"December 12, 2012",
SU-L1022,True,3,Suriname,Policy-Based Financing,Closed,"November 20, 2012",
SU-L1023,True,2,Suriname,Policy-Based Financing,Closed,"December 7, 2011",
SU-L1026,True,2,Suriname,Policy-Based Financing,Closed,"December 7, 2011",
SU-L1027,skipped (already downloaded),17,Suriname,Investment Loan,Closed,"December 14, 2011",
SU-L1028,True,4,Suriname,Policy-Based Financing,Closed,"November 28, 2012",
SU-L1033,True,17,Suriname,Policy-Based Financing,Closed,"December 13, 2013",
SU-L1034,True,6,Suriname,Policy-Based Financing,Closed,"June 19, 2013",
SU-L1035,True,10,Suriname,Policy-Based Financing,Closed,"November 6, 2013",
SU-L1036,True,10,Suriname,Policy-Based Financing,Closed,"June 8, 2016",
SU-L1037,True,2,Suriname,Policy-Based Financing,Closed,"December 4, 2013",
SU-L1038,skipped (already downloaded),11,Suriname,Investment Loan,Closed,"December 2, 2015",
SU-L1039,skipped (already downloaded),9,Suriname,Investment Loan,Closed,"December 17, 2014",
SU-L1043,True,25,Suriname,Policy-Based Financing,Closed,"December 16, 2014",
SU-L1046,skipped (already downloaded),13,Suriname,Investment Loan,Implementation,"January 25, 2017",
SU-L1049,True,0,Suriname,Investment Loan,Closed,"December 16, 2014",
SU-L1050,skipped (already downloaded),23,Suriname,Investment Loan,Closed,"June 29, 2017",
SU-L1052,skipped (already downloaded),16,Suriname,Investment Loan,Implementation,"September 26, 2018",
SU-L1054,skipped (already downloaded),10,Suriname,Investment Loan,Implementation,"August 29, 2018",
SU-L1055,skipped (already downloaded),2,Suriname,Investment Loan,Implementation,"December 9, 2019",
SU-L1056,skipped (already downloaded),2,Suriname,Investment Loan,Implementation,"June 12, 2019",
SU-L1057,skipped (already downloaded),15,Suriname,Investment Loan,Implementation,"July 10, 2019",
SU-L1058,True,3,Suriname,Investment Loan,Implementation,"March 6, 2020",
SU-L1059,True,2,Suriname,Investment Loan,Implementation,"February 26, 2020",
SU-L1060,True,2,Suriname,Investment Loan,Implementation,"December 14, 2022",
SU-L1061,True,2,Suriname,Investment Loan,Implementation,"October 21, 2022",
SU-L1063,True,2,Suriname,Investment Loan,Implementation,"November 24, 2021",
SU-L1064,False,0,Suriname,Special Development Lending,Closed,"March 9, 2022",
SU-L1065,True,4,Suriname,Policy-Based Financing,Closed,"November 2, 2022",
SU-L1066,True,2,Suriname,Policy-Based Financing,Closed,"August 7, 2024",
SU-L1067,True,2,Suriname,Investment Loan,Implementation,"October 4, 2024",
SU-L1068,True,2,Suriname,Investment Loan,Implementation,"April 5, 2024",
SU-L1069,True,2,Suriname,Investment Loan,Implementation,"February 16, 2024",
SU-L1070,True,4,Suriname,Investment Loan,Implementation,"November 29, 2023",
SU-L1071,True,2,Suriname,Investment Loan,Implementation,"December 6, 2024",
SU-L1072,True,2,Suriname,Investment Loan,Implementation,"June 26, 2024",
SU-L1073,True,2,Suriname,Investment Loan,Implementation,"September 25, 2024",
SU-L1075,True,2,Suriname,Policy-Based Financing,Closed,"December 6, 2023",
SU-L1076,True,2,Suriname,Investment Loan,Implementation,"October 2, 2024",
SU0016,skipped (already downloaded),2,Suriname,Policy-Based Financing,Closed,"November 24, 1998",
SU0017,skipped (already downloaded),2,Suriname,Investment Loan,Closed,"September 5, 2001",
SU0019,skipped (already downloaded),2,Suriname,Investment Loan,Closed,"September 5, 2001",
SU0020,skipped (already downloaded),2,Suriname,Investment Loan,Closed,"May 17, 2000",
SU0023,skipped (already downloaded),2,Suriname,Investment Loan,Closed,"December 17, 2003",
SU0025,skipped (already downloaded),2,Suriname,Investment Loan,Closed,"December 18, 2002",
SU0027,skipped (already downloaded),2,Suriname,Investment Loan,Closed,"June 2, 2004",
SU0028,skipped (already downloaded),2,Suriname,Investment Loan,Closed,"March 11, 2004",
TT-L1003,skipped (already downloaded),2,Trinidad and Tobago,Investment Loan,Closed,"March 11, 2008",
TT-L1004,True,0,Trinidad and Tobago,Investment Loan,Closed,"May 26, 2005",
TT-L1005,skipped (already downloaded),2,Trinidad and Tobago,Investment Loan,Closed,"May 20, 2009",
TT-L1006,True,0,Trinidad and Tobago,Investment Loan,Closed,"November 3, 2005",
TT-L1014,True,2,Trinidad and Tobago,Policy-Based Financing,Closed,"October 19, 2011",
TT-L1016,skipped (already downloaded),3,Trinidad and Tobago,Investment Loan,Closed,"December 1, 2010",
TT-L1018,skipped (already downloaded),2,Trinidad and Tobago,Investment Loan,Closed,"October 26, 2011",
TT-L1019,True,2,Trinidad and Tobago,Policy-Based Financing,Closed,"December 3, 2010",
TT-L1022,True,2,Trinidad and Tobago,Policy-Based Financing,Closed,"December 2, 2011",
TT-L1023,True,2,Trinidad and Tobago,Policy-Based Financing,Closed,"November 8, 2011",
TT-L1024,True,2,Trinidad and Tobago,Policy-Based Financing,Closed,"December 2, 2011",
TT-L1026,skipped (already downloaded),2,Trinidad and Tobago,Investment Loan,Closed,"December 12, 2012",
TT-L1034,skipped (already downloaded),13,Trinidad and Tobago,Investment Loan,Closed,"October 23, 2013",
TT-L1035,True,0,Trinidad and Tobago,Investment Loan,Closed,"June 25, 2013",
TT-L1036,skipped (already downloaded),11,Trinidad and Tobago,Investment Loan,Closed,"December 4, 2013",
TT-L1038,skipped (already downloaded),18,Trinidad and Tobago,Investment Loan,Closed,"December 4, 2013",
TT-L1039,skipped (already downloaded),12,Trinidad and Tobago,Investment Loan,Closed,"December 17, 2014",
TT-L1042,skipped (already downloaded),7,Trinidad and Tobago,Investment Loan,Closed,"May 20, 2015",
TT-L1044,skipped (already downloaded),16,Trinidad and Tobago,Investment Loan,Closed,"November 10, 2015",
TT-L1055,True,2,Trinidad and Tobago,Investment Loan,Implementation,"December 14, 2022",
TT-L1056,True,2,Trinidad and Tobago,Investment Loan,Implementation,"June 12, 2020",
TT-L1057,True,2,Trinidad and Tobago,Investment Loan,Implementation,"June 12, 2020",
TT-L1058,True,2,Trinidad and Tobago,Policy-Based Financing,Closed,"June 30, 2020",
TT-L1060,True,2,Trinidad and Tobago,Investment Loan,Closed,"January 28, 2021",
TT0011,skipped (already downloaded),2,Trinidad and Tobago,Investment Loan,Closed,"July 12, 1995",
TT0023,skipped (already downloaded),3,Trinidad and Tobago,Investment Loan,Closed,"May 26, 1999",
TT0024,skipped (already downloaded),2,Trinidad and Tobago,Investment Loan,Closed,"July 10, 1996",
TT0032,skipped (already downloaded),2,Trinidad and Tobago,Policy-Based Financing,Closed,"September 20, 1995",
TT0043,skipped (already downloaded),3,Trinidad and Tobago,Investment Loan,Closed,"June 26, 1996",
TT0050,skipped (already downloaded),3,Trinidad and Tobago,Investment Loan,Closed,"May 22, 2002",
TT0052,skipped (already downloaded),3,Trinidad and Tobago,Investment Loan,Closed,"March 14, 2003",
TT0056,skipped (already downloaded),2,Trinidad and Tobago,Investment Loan,Closed,"November 29, 2006",
TT0057,skipped (already downloaded),3,Trinidad and Tobago,Investment Loan,Closed,"December 17, 2003",
UR-L1001,skipped (already downloaded),2,Uruguay,Investment Loan,Closed,"October 20, 2004",
UR-L1003,True,2,Uruguay,Policy-Based Financing,Closed,"August 3, 2005",
UR-L1004,skipped (already downloaded),2,Uruguay,Investment Loan,Closed,"October 15, 2008",
UR-L1005,skipped (already downloaded),4,Uruguay,Investment Loan,Closed,"December 13, 2006",
UR-L1007,True,4,Uruguay,Policy-Based Financing,Closed,"January 17, 2007",
UR-L1008,True,0,Uruguay,Investment Loan,Closed,"November 17, 2005",
UR-L1009,skipped (already downloaded),2,Uruguay,Investment Loan,Closed,"November 12, 2008",
UR-L1010,True,0,Uruguay,Investment Loan,Closed,"June 27, 2007",
UR-L1015,skipped (already downloaded),3,Uruguay,Investment Loan,Closed,"April 1, 2008",
UR-L1016,skipped (already downloaded),2,Uruguay,Investment Loan,Closed,"September 9, 2009",
UR-L1017,skipped (already downloaded),2,Uruguay,Investment Loan,Closed,"December 11, 2008",
UR-L1018,skipped (already downloaded),2,Uruguay,Investment Loan,Closed,"December 18, 2006",
UR-L1020,skipped (already downloaded),2,Uruguay,Investment Loan,Closed,"July 26, 2006",
UR-L1021,True,2,Uruguay,Policy-Based Financing,Closed,"October 4, 2006",
UR-L1022,skipped (already downloaded),2,Uruguay,Investment Loan,Closed,"October 29, 2008",
UR-L1023,True,0,Uruguay,Investment Loan,Closed,"January 18, 2006",
UR-L1024,True,0,Uruguay,Investment Loan,Closed,"January 27, 2006",
UR-L1025,skipped (already downloaded),2,Uruguay,Investment Loan,Closed,"October 29, 2008",
UR-L1026,skipped (already downloaded),2,Uruguay,Investment Loan,Closed,"August 15, 2006",
UR-L1027,skipped (already downloaded),2,Uruguay,Investment Loan,Closed,"October 25, 2006",
UR-L1028,skipped (already downloaded),2,Uruguay,Investment Loan,Closed,"September 28, 2006",
UR-L1030,skipped (already downloaded),3,Uruguay,Investment Loan,Closed,"July 30, 2008",
UR-L1031,skipped (already downloaded),3,Uruguay,Investment Loan,Closed,"December 3, 2008",
UR-L1032,skipped (already downloaded),2,Uruguay,Investment Loan,Closed,"December 17, 2008",
UR-L1033,skipped (already downloaded),1,Uruguay,Investment Loan,Closed,"May 24, 2007",
UR-L1036,True,2,Uruguay,Policy-Based Financing,Closed,"April 15, 2009",
UR-L1037,skipped (already downloaded),2,Uruguay,Investment Loan,Closed,"September 5, 2007",
UR-L1038,skipped (already downloaded),12,Uruguay,Investment Loan,Closed,"January 1, 2012",
UR-L1042,skipped (already downloaded),3,Uruguay,Investment Loan,Closed,"March 31, 2008",
UR-L1044,skipped (already downloaded),1,Uruguay,Investment Loan,Cancelled,"December 4, 2007",
UR-L1046,skipped (already downloaded),2,Uruguay,Investment Loan,Closed,"September 23, 2010",
UR-L1050,skipped (already downloaded),2,Uruguay,Investment Loan,Closed,"December 8, 2010",
UR-L1052,skipped (already downloaded),2,Uruguay,Investment Loan,Closed,"November 11, 2009",
UR-L1054,skipped (already downloaded),2,Uruguay,Investment Loan,Closed,"November 30, 2009",
UR-L1058,skipped (already downloaded),2,Uruguay,Investment Loan,Closed,"December 7, 2009",
UR-L1060,skipped (already downloaded),2,Uruguay,Investment Loan,Closed,"October 14, 2011",
UR-L1062,skipped (already downloaded),2,Uruguay,Investment Loan,Closed,"September 4, 2012",
UR-L1063,skipped (already downloaded),1,Uruguay,Investment Loan,Closed,"October 26, 2011",
UR-L1064,skipped (already downloaded),2,Uruguay,Investment Loan,Closed,"October 19, 2011",
UR-L1065,True,0,Uruguay,Investment Loan,Closed,"October 14, 2011",
UR-L1066,skipped (already downloaded),2,Uruguay,Investment Loan,Closed,"October 26, 2011",
UR-L1067,True,2,Uruguay,Investment Loan,Closed,"January 1, 2012",
UR-L1069,skipped (already downloaded),2,Uruguay,Investment Loan,Closed,"November 23, 2011",
UR-L1070,skipped (already downloaded),2,Uruguay,Investment Loan,Closed,"December 17, 2012",
UR-L1071,skipped (already downloaded),2,Uruguay,Investment Loan,Closed,"September 13, 2012",
UR-L1074,skipped (already downloaded),4,Uruguay,Investment Loan,Closed,"October 10, 2012",
UR-L1075,skipped (already downloaded),2,Uruguay,Investment Loan,Closed,"September 26, 2012",
UR-L1076,True,6,Uruguay,Policy-Based Financing,Closed,"March 5, 2013",
UR-L1079,skipped (already downloaded),2,Uruguay,Investment Loan,Cancelled,"December 17, 2012",
UR-L1081,skipped (already downloaded),2,Uruguay,Investment Loan,Closed,"September 27, 2012",
UR-L1082,skipped (already downloaded),11,Uruguay,Investment Loan,Closed,"October 16, 2013",
UR-L1083,skipped (already downloaded),11,Uruguay,Investment Loan,Closed,"November 20, 2013",
UR-L1084,skipped (already downloaded),11,Uruguay,Investment Loan,Closed,"November 27, 2013",
UR-L1087,skipped (already downloaded),14,Uruguay,Investment Loan,Closed,"January 1, 2013",
UR-L1089,skipped (already downloaded),7,Uruguay,Investment Loan,Closed,"March 19, 2014",
UR-L1093,skipped (already downloaded),11,Uruguay,Investment Loan,Closed,"June 25, 2014",
UR-L1094,skipped (already downloaded),15,Uruguay,Investment Loan,Closed,"July 23, 2014",
UR-L1096,skipped (already downloaded),15,Uruguay,Investment Loan,Closed,"November 12, 2014",
UR-L1097,True,13,Uruguay,Policy-Based Financing,Closed,"November 26, 2014",
UR-L1098,skipped (already downloaded),13,Uruguay,Investment Loan,Closed,"December 16, 2014",
UR-L1099,skipped (already downloaded),12,Uruguay,Investment Loan,Closed,"December 15, 2014",
UR-L1106,True,13,Uruguay,Policy-Based Financing,Closed,"January 14, 2015",
UR-L1107,skipped (already downloaded),17,Uruguay,Investment Loan,Closed,"November 10, 2015",
UR-L1108,True,7,Uruguay,Policy-Based Financing,Closed,"December 16, 2015",
UR-L1109,skipped (already downloaded),12,Uruguay,Investment Loan,Closed,"December 14, 2015",
UR-L1110,skipped (already downloaded),4,Uruguay,Investment Loan,Closed,"July 20, 2016",
UR-L1111,skipped (already downloaded),9,Uruguay,Investment Loan,Closed,"November 9, 2016",
UR-L1112,skipped (already downloaded),9,Uruguay,Investment Loan,Closed,"November 2, 2016",
UR-L1113,skipped (already downloaded),2,Uruguay,Investment Loan,Closed,"November 30, 2016",
UR-L1114,skipped (already downloaded),11,Uruguay,Investment Loan,Closed,"November 9, 2016",
UR-L1115,skipped (already downloaded),14,Uruguay,Investment Loan,Cancelled,"December 6, 2018",
UR-L1116,skipped (already downloaded),5,Uruguay,Investment Loan,Closed,"October 19, 2016",
UR-L1135,skipped (already downloaded),5,Uruguay,Investment Loan,Closed,"November 16, 2016",
UR-L1136,skipped (already downloaded),4,Uruguay,Investment Loan,Closed,"November 17, 2016",
UR-L1140,True,11,Uruguay,Policy-Based Financing,Closed,"December 6, 2017",
UR-L1141,skipped (already downloaded),9,Uruguay,Investment Loan,Closed,"September 14, 2017",
UR-L1142,skipped (already downloaded),19,Uruguay,Investment Loan,Closed,"October 11, 2017",
UR-L1143,skipped (already downloaded),1,Uruguay,Investment Loan,Closed,"September 22, 2017",
UR-L1146,skipped (already downloaded),15,Uruguay,Investment Loan,Implementation,"November 1, 2018",
UR-L1147,skipped (already downloaded),18,Uruguay,Investment Loan,Closed,"October 31, 2018",
UR-L1149,skipped (already downloaded),13,Uruguay,Investment Loan,Closed,"October 26, 2018",
UR-L1150,skipped (already downloaded),13,Uruguay,Investment Loan,Closed,"November 7, 2018",
UR-L1151,skipped (already downloaded),7,Uruguay,Investment Loan,Closed,"December 6, 2018",
UR-L1152,skipped (already downloaded),11,Uruguay,Investment Loan,Closed,"August 21, 2019",
UR-L1153,skipped (already downloaded),11,Uruguay,Investment Loan,Closed,"July 2, 2019",
UR-L1155,skipped (already downloaded),24,Uruguay,Investment Loan,Implementation,"July 30, 2019",
UR-L1156,True,5,Uruguay,Policy-Based Financing,Closed,"September 11, 2019",
UR-L1157,skipped (already downloaded),12,Uruguay,Investment Loan,Implementation,"September 4, 2019",
UR-L1158,skipped (already downloaded),2,Uruguay,Investment Loan,Closed,"August 28, 2019",
UR-L1159,skipped (already downloaded),6,Uruguay,Investment Loan,Implementation,"September 20, 2019",
UR-L1161,skipped (already downloaded),2,Uruguay,Investment Loan,Cancelled,"December 11, 2019",
UR-L1162,skipped (already downloaded),2,Uruguay,Investment Loan,Implementation,"December 16, 2019",
UR-L1163,True,2,Uruguay,Investment Loan,Closed,"December 7, 2020",
UR-L1164,True,2,Uruguay,Investment Loan,Implementation,"November 23, 2022",
UR-L1169,True,2,Uruguay,Investment Loan,Implementation,"November 28, 2022",
UR-L1170,True,5,Uruguay,Policy-Based Financing,Closed,"May 21, 2020",
UR-L1171,True,2,Uruguay,Investment Loan,Closed,"June 23, 2020",
UR-L1172,True,2,Uruguay,Investment Loan,Closed,"August 28, 2020",
UR-L1174,True,2,Uruguay,Investment Loan,Implementation,"June 30, 2021",
UR-L1175,True,2,Uruguay,Policy-Based Financing,Closed,"December 1, 2021",
UR-L1176,True,2,Uruguay,Investment Loan,Implementation,"September 8, 2021",
UR-L1177,True,2,Uruguay,Investment Loan,Cancelled,"November 30, 2022",
UR-L1178,True,2,Uruguay,Investment Loan,Implementation,"November 17, 2021",
UR-L1182,True,2,Uruguay,Investment Loan,Implementation,"December 1, 2021",
UR-L1183,True,4,Uruguay,Investment Loan,Implementation,"November 17, 2021",
UR-L1185,True,2,Uruguay,Investment Loan,Implementation,"July 29, 2022",
UR-L1186,True,2,Uruguay,Policy-Based Financing,Closed,"December 7, 2022",
UR-L1187,True,2,Uruguay,Investment Loan,Implementation,"July 29, 2022",
UR-L1188,True,2,Uruguay,Investment Loan,Implementation,"June 26, 2024",
UR-L1189,True,2,Uruguay,Investment Loan,Implementation,"June 16, 2023",
UR-L1190,True,2,Uruguay,Investment Loan,Implementation,"June 23, 2023",
UR-L1193,True,2,Uruguay,Investment Loan,Implementation,"September 8, 2023",
UR-L1194,True,2,Uruguay,Investment Loan,Implementation,"October 25, 2023",
UR-L1195,True,2,Uruguay,Policy-Based Financing,Closed,"November 29, 2023",
UR-L1196,True,2,Uruguay,Investment Loan,Implementation,"June 26, 2024",
UR-L1197,True,2,Uruguay,Investment Loan,Implementation,"October 30, 2024",
UR-L1198,True,2,Uruguay,Investment Loan,Implementation,"June 26, 2024",
UR-L1199,True,9,Uruguay,Policy-Based Financing,Closed,"October 16, 2024",
UR-L1201,True,9,Uruguay,Investment Loan,Implementation,"November 19, 2025",
UR-L1204,True,2,Uruguay,Investment Loan,Implementation,"December 1, 2025",
UR-L1205,True,2,Uruguay,Investment Loan,Implementation,"November 19, 2025",
UR-L1206,True,2,Uruguay,Investment Loan,Implementation,"November 5, 2025",
UR-L1207,True,2,Uruguay,Policy-Based Financing,Closed,"October 29, 2025",
UR-L1208,True,2,Uruguay,Investment Loan,Implementation,"November 12, 2025",
UR-L1209,True,0,Uruguay,Investment Loan,Implementation,"October 31, 2025",
UR-L1210,True,3,Uruguay,Investment Loan,Implementation,"November 19, 2025",
UR-L1211,True,2,Uruguay,Investment Loan,Implementation,"June 24, 2026",
UR0021,skipped (already downloaded),2,Uruguay,Investment Loan,Closed,"December 8, 1998",
UR0022,skipped (already downloaded),2,Uruguay,Investment Loan,Closed,"November 29, 1995",
UR0062,skipped (already downloaded),3,Uruguay,Investment Loan,Closed,"February 7, 1996",
UR0072,skipped (already downloaded),1,Uruguay,Investment Loan,Closed,"November 25, 1997",
UR0089,skipped (already downloaded),2,Uruguay,Investment Loan,Closed,"September 11, 1996",
UR0090,skipped (already downloaded),6,Uruguay,Policy-Based Financing,Closed,"March 5, 1997",
UR0107,skipped (already downloaded),2,Uruguay,Investment Loan,Closed,"March 13, 1996",
UR0108,skipped (already downloaded),2,Uruguay,Policy-Based Financing,Closed,"March 13, 1996",
UR0110,skipped (already downloaded),2,Uruguay,Investment Loan,Closed,"December 13, 2000",
UR0111,skipped (already downloaded),2,Uruguay,Investment Loan,Closed,"March 5, 1997",
UR0112,skipped (already downloaded),5,Uruguay,Investment Loan,Closed,"March 9, 1998",
UR0113,skipped (already downloaded),2,Uruguay,Investment Loan,Closed,"July 9, 1997",
UR0116,skipped (already downloaded),2,Uruguay,Investment Loan,Closed,"October 14, 1998",
UR0118,skipped (already downloaded),3,Uruguay,Investment Loan,Closed,"March 9, 1998",
UR0122,skipped (already downloaded),2,Uruguay,Investment Loan,Closed,"November 15, 2000",
UR0123,skipped (already downloaded),5,Uruguay,Investment Loan,Closed,"July 7, 1999",
UR0130,skipped (already downloaded),2,Uruguay,Policy-Based Financing,Closed,"August 8, 2001",
UR0131,skipped (already downloaded),2,Uruguay,Investment Loan,Closed,"November 5, 2003",
UR0132,skipped (already downloaded),2,Uruguay,Investment Loan,Closed,"November 14, 2001",
UR0133,skipped (already downloaded),2,Uruguay,Policy-Based Financing,Closed,"September 19, 2001",
UR0134,skipped (already downloaded),3,Uruguay,Investment Loan,Closed,"November 20, 2002",
UR0136,skipped (already downloaded),2,Uruguay,Investment Loan,Closed,"June 12, 2002",
UR0137,skipped (already downloaded),3,Uruguay,Investment Loan,Closed,"December 14, 2000",
UR0139,skipped (already downloaded),2,Uruguay,Investment Loan,Closed,"September 25, 2002",
UR0141,skipped (already downloaded),2,Uruguay,Investment Loan,Closed,"July 20, 2005",
UR0150,skipped (already downloaded),2,Uruguay,Policy-Based Financing,Closed,"November 19, 2003",
VE-L1001,True,2,Venezuela,Investment Loan,Closed,"August 3, 2005",
VE-L1002,True,0,Venezuela,Investment Loan,Closed,"October 24, 2003",
VE-L1003,True,2,Venezuela,Investment Loan,Closed,"November 14, 2005",
VE-L1005,True,2,Venezuela,Investment Loan,Closed,"December 15, 2004",
VE-L1006,True,2,Venezuela,Investment Loan,Closed,"November 23, 2005",
VE-L1014,True,0,Venezuela,Investment Loan,Closed,"December 1, 2004",
VE-L1015,True,2,Venezuela,Investment Loan,Closed,"December 20, 2006",
VE-L1016,True,0,Venezuela,Investment Loan,Cancelled,"November 14, 2005",
VE-L1017,skipped (already downloaded),1,Venezuela,Investment Loan,Closed,"June 6, 2007",
VE-L1018,True,0,Venezuela,Investment Loan,Closed,"August 16, 2006",
VE-L1021,True,2,Venezuela,Investment Loan,Closed,"October 14, 2009",
VE-L1026,True,2,Venezuela,Investment Loan,Closed,"July 29, 2009",
VE-L1027,skipped (already downloaded),2,Venezuela,Investment Loan,Closed,"February 3, 2010",
VE-L1030,skipped (already downloaded),2,Venezuela,Investment Loan,Closed,"August 31, 2011",
VE-L1031,skipped (already downloaded),2,Venezuela,Investment Loan,Closed,"May 5, 2010",
VE-L1033,True,2,Venezuela,Investment Loan,Closed,"October 27, 2010",
VE-L1035,True,3,Venezuela,Investment Loan,Closed,"November 18, 2011",
VE-L1036,True,2,Venezuela,Investment Loan,Closed,"September 13, 2012",
VE-L1037,skipped (already downloaded),2,Venezuela,Investment Loan,Closed,"September 13, 2012",
VE0055,skipped (already downloaded),2,Venezuela,Investment Loan,Closed,"May 15, 1996",
VE0056,skipped (already downloaded),2,Venezuela,Investment Loan,Closed,"March 5, 1997",
VE0057,skipped (already downloaded),2,Venezuela,Investment Loan,Closed,"November 14, 2001",
VE0059,skipped (already downloaded),2,Venezuela,Investment Loan,Closed,"October 1, 1997",
VE0084,skipped (already downloaded),2,Venezuela,Investment Loan,Closed,"November 24, 1993",
VE0091,skipped (already downloaded),2,Venezuela,Investment Loan,Closed,"May 24, 1995",
VE0100,skipped (already downloaded),2,Venezuela,Policy-Based Financing,Closed,"March 25, 1998",
VE0105,skipped (already downloaded),1,Venezuela,Investment Loan,Closed,"November 12, 1997",
VE0112,skipped (already downloaded),2,Venezuela,Investment Loan,Closed,"November 17, 1999",
VE0118,skipped (already downloaded),1,Venezuela,Policy-Based Financing,Closed,"October 28, 1998",
VE0122,skipped (already downloaded),2,Venezuela,Investment Loan,Closed,"March 3, 2000",
VE0125,skipped (already downloaded),2,Venezuela,Investment Loan,Closed,"October 31, 2001",
VE0140,skipped (already downloaded),2,Venezuela,Investment Loan,Closed,"December 18, 2002",
